solid OpenSCAD_Model
  facet normal -1 0 0
    outer loop
      vertex -8.5 -11.751570007023933 -7.3235649810742425
      vertex -8.5 -7.201698656080376 -23
      vertex -8.5 -11.204136833275664 -23
    endloop
  endfacet
  facet normal -1 0 0
    outer loop
      vertex -8.5 -11.751570007023933 -7.3235649810742425
      vertex -8.5 -7.754006698947549 -7.183966994264238
      vertex -8.5 -7.201698656080376 -23
    endloop
  endfacet
  facet normal 1.0620768114136118e-15 -0.9993908270190958 -0.034899496702501004
    outer loop
      vertex -8.5 -11.751570007023933 -7.3235649810742425
      vertex -8.5 -11.204136833275664 -23
      vertex -7.360436669947441 -11.70740073998063 -8.588407299446972
    endloop
  endfacet
  facet normal -9.392574052906323e-17 -0.9993908270190957 -0.03489949670250092
    outer loop
      vertex -7.360436669947441 -11.70740073998063 -8.588407299446972
      vertex -8.5 -11.204136833275664 -23
      vertex -5.5 -11.66022756626892 -9.939270250014452
    endloop
  endfacet
  facet normal 4.801801060044664e-16 0.9993908270190958 0.034899496702501
    outer loop
      vertex -8.5 -7.754006698947549 -7.183966994264238
      vertex -7.360436669947441 -7.709837431904248 -8.448809312636968
      vertex -8.5 -7.201698656080376 -23
    endloop
  endfacet
  facet normal -1.0823067334410958e-16 -0.9993908270190957 -0.034899496702500914
    outer loop
      vertex -5.5 -11.66022756626892 -9.939270250014452
      vertex -8.5 -11.204136833275664 -23
      vertex -3.3991869381244215 -11.627584592931466 -10.874042702413261
    endloop
  endfacet
  facet normal -2.837990221066917e-16 -0.9993908270190958 -0.03489949670250084
    outer loop
      vertex -3.3991869381244215 -11.627584592931466 -10.874042702413261
      vertex -8.5 -11.204136833275664 -23
      vertex -1.1498130959441881 -11.610898474541479 -11.351870614937681
    endloop
  endfacet
  facet normal 0 -0.9993908270190957 -0.03489949670250102
    outer loop
      vertex -1.1498130959441881 -11.610898474541479 -11.351870614937681
      vertex -8.5 -11.204136833275664 -23
      vertex 1.1498130959441881 -11.610898474541479 -11.351870614937681
    endloop
  endfacet
  facet normal 3.905760267953806e-16 -0.9993908270190957 -0.03489949670250134
    outer loop
      vertex 1.1498130959441881 -11.610898474541479 -11.351870614937681
      vertex -8.5 -11.204136833275664 -23
      vertex 3.3991869381244215 -11.627584592931466 -10.874042702413261
    endloop
  endfacet
  facet normal 0.8229838658936562 -0.019825173755351075 0.567718697036043
    outer loop
      vertex -7.08364820522568 -11.86294108574661 -4.134314562380085
      vertex -5.988085985368808 -11.807548748032122 -5.720543575104969
      vertex -6.072360002280875 -8.12175125886273 -5.469666278609205
    endloop
  endfacet
  facet normal 0.8229838658936566 -0.019825173755349677 0.5677186970360429
    outer loop
      vertex -7.003358109027522 -7.861318258235249 -4.110966002317044
      vertex -6.072360002280875 -8.12175125886273 -5.469666278609205
      vertex -6.017512250350834 -7.918845844807069 -5.5420897870193855
    endloop
  endfacet
  facet normal 0.8229838658936561 -0.01982517375535747 0.567718697036043
    outer loop
      vertex -7.003358109027522 -7.861318258235249 -4.110966002317044
      vertex -6.017512250350834 -7.918845844807069 -5.5420897870193855
      vertex -6.018324440453638 -7.811514315893286 -5.537164309709252
    endloop
  endfacet
  facet normal 0.8229838658936562 -0.019825173755351037 0.5677186970360429
    outer loop
      vertex -7.08364820522568 -11.86294108574661 -4.134314562380085
      vertex -6.072360002280875 -8.12175125886273 -5.469666278609205
      vertex -7.003358109027522 -7.861318258235249 -4.110966002317044
    endloop
  endfacet
  facet normal 0.4647231720437688 -0.03090196964749385 0.884916629766603
    outer loop
      vertex -4.544517973849246 -11.762916142517412 -6.998654171300683
      vertex -2.8368390963402854 -11.731637154002073 -7.894367208859326
      vertex -2.931721134290967 -7.957924344234919 -7.712757964613811
    endloop
  endfacet
  facet normal 0 0.9993908270190958 0.03489949670250103
    outer loop
      vertex -7.360436669947441 -7.709837431904248 -8.448809312636968
      vertex -2.5 -7.201698656080376 -23
      vertex -8.5 -7.201698656080376 -23
    endloop
  endfacet
  facet normal -3.8958451567689496e-16 0.9993908270190958 0.03489949670250091
    outer loop
      vertex -7.360436669947441 -7.709837431904248 -8.448809312636968
      vertex -5.5 -7.662664258192538 -9.799672263204448
      vertex -2.5 -7.201698656080376 -23
    endloop
  endfacet
  facet normal 1.5801638555398407e-16 0.9993908270190957 0.034899496702501025
    outer loop
      vertex -5.5 -7.662664258192538 -9.799672263204448
      vertex -3.3991869381244215 -7.630021284855084 -10.734444715603257
      vertex -2.5 -7.201698656080376 -23
    endloop
  endfacet
  facet normal 2.4782015082513423e-16 0.9993908270190958 0.03489949670250104
    outer loop
      vertex -3.3991869381244215 -7.630021284855084 -10.734444715603257
      vertex -2.5 -7.623351010922436 -10.925456369404996
      vertex -2.5 -7.201698656080376 -23
    endloop
  endfacet
  facet normal -1 0 0
    outer loop
      vertex -2.5 -7.623351010922436 -10.925456369404996
      vertex -2.5 9.308358824850185 -23
      vertex -2.5 -7.201698656080376 -23
    endloop
  endfacet
  facet normal -1 0 0
    outer loop
      vertex -2.5 -7.623351010922436 -10.925456369404996
      vertex -2.5 8.866597634892646 -10.349614673813731
      vertex -2.5 9.308358824850185 -23
    endloop
  endfacet
  facet normal -1 0 0
    outer loop
      vertex -8.5 8.73594194686753 -6.608125298672972
      vertex -8.5 13.31079700204547 -23
      vertex -8.5 9.308358824850185 -23
    endloop
  endfacet
  facet normal -1 0 0
    outer loop
      vertex -8.5 8.73594194686753 -6.608125298672972
      vertex -8.5 12.733505254943912 -6.468527311862968
      vertex -8.5 13.31079700204547 -23
    endloop
  endfacet
  facet normal 9.741421730453517e-16 -0.9993908270190957 -0.03489949670250109
    outer loop
      vertex -8.5 8.73594194686753 -6.608125298672972
      vertex -8.5 9.308358824850185 -23
      vertex -7.360436669947441 8.780111213910834 -7.872967617045702
    endloop
  endfacet
  facet normal -1.7195157898306994e-16 -0.9993908270190958 -0.034899496702501004
    outer loop
      vertex -7.360436669947441 8.780111213910834 -7.872967617045702
      vertex -8.5 9.308358824850185 -23
      vertex -5.5 8.827284387622543 -9.223830567613183
    endloop
  endfacet
  facet normal -9.95364812429206e-16 0.9993908270190957 0.034899496702501066
    outer loop
      vertex -8.5 12.733505254943912 -6.468527311862968
      vertex -7.360436669947441 12.777674521987215 -7.733369630235698
      vertex -8.5 13.31079700204547 -23
    endloop
  endfacet
  facet normal -2.8457404747952553e-16 -0.9993908270190957 -0.034899496702500844
    outer loop
      vertex -8.5 29.223453900758994 -5.892685616271703
      vertex -8.5 29.820854482976028 -23
      vertex -7.360436669947441 29.267623167802295 -7.157527934644432
    endloop
  endfacet
  facet normal -7.155293723430995e-17 -0.9993908270190958 -0.034899496702500865
    outer loop
      vertex -7.360436669947441 29.267623167802295 -7.157527934644432
      vertex -8.5 29.820854482976028 -23
      vertex -5.5 29.314796341514004 -8.508390885211913
    endloop
  endfacet
  facet normal -1 0 0
    outer loop
      vertex -8.5 29.223453900758994 -5.892685616271703
      vertex -8.5 33.82329266017132 -23
      vertex -8.5 29.820854482976028 -23
    endloop
  endfacet
  facet normal -1 0 0
    outer loop
      vertex -8.5 29.223453900758994 -5.892685616271703
      vertex -8.5 33.22101720883538 -5.7530876294616995
      vertex -8.5 33.82329266017132 -23
    endloop
  endfacet
  facet normal 5.080872253515472e-16 0.9993908270190958 0.034899496702501046
    outer loop
      vertex -8.5 33.22101720883538 -5.7530876294616995
      vertex -7.360436669947441 33.26518647587868 -7.017929947834428
      vertex -8.5 33.82329266017132 -23
    endloop
  endfacet
  facet normal -1.467956081553032e-16 -0.9993908270190957 -0.034899496702501004
    outer loop
      vertex -5.5 8.827284387622543 -9.223830567613183
      vertex -8.5 9.308358824850185 -23
      vertex -3.3991869381244215 8.859927360959997 -10.158603020011991
    endloop
  endfacet
  facet normal 0 0.9993908270190957 0.034899496702501
    outer loop
      vertex -7.360436669947441 12.777674521987215 -7.733369630235698
      vertex -2.5 13.31079700204547 -23
      vertex -8.5 13.31079700204547 -23
    endloop
  endfacet
  facet normal 2.0324332085357643e-16 0.9993908270190958 0.034899496702501066
    outer loop
      vertex -7.360436669947441 12.777674521987215 -7.733369630235698
      vertex -5.5 12.824847695698924 -9.084232580803178
      vertex -2.5 13.31079700204547 -23
    endloop
  endfacet
  facet normal 0 -0.9993908270190958 -0.03489949670250101
    outer loop
      vertex -2.5 8.866597634892646 -10.349614673813731
      vertex -8.5 9.308358824850185 -23
      vertex -2.5 9.308358824850185 -23
    endloop
  endfacet
  facet normal 6.778966046435102e-16 -0.9993908270190958 -0.03489949670250134
    outer loop
      vertex -3.3991869381244215 8.859927360959997 -10.158603020011991
      vertex -8.5 9.308358824850185 -23
      vertex -2.5 8.866597634892646 -10.349614673813731
    endloop
  endfacet
  facet normal 1.7002064690109168e-16 0.9993908270190957 0.03489949670250106
    outer loop
      vertex -5.5 12.824847695698924 -9.084232580803178
      vertex -3.3991869381244215 12.857490669036379 -10.019005033201987
      vertex -2.5 13.31079700204547 -23
    endloop
  endfacet
  facet normal -7.489058697280901e-16 0.9993908270190958 0.03489949670250099
    outer loop
      vertex -3.3991869381244215 12.857490669036379 -10.019005033201987
      vertex -2.5 12.864160942969027 -10.210016687003726
      vertex -2.5 13.31079700204547 -23
    endloop
  endfacet
  facet normal -1 0 0
    outer loop
      vertex -2.5 12.864160942969027 -10.210016687003726
      vertex -2.5 29.354109588784105 -9.634174991412461
      vertex -2.5 13.31079700204547 -23
    endloop
  endfacet
  facet normal 0.8229838658936558 -0.019825173755350804 0.567718697036044
    outer loop
      vertex -6.639620127319597 10.267221620992313 -4.00519009077552
      vertex -6.387344127472858 11.824347445283191 -4.3165217212525855
      vertex -6.591871366011958 12.646998732760478 -3.991304631993958
    endloop
  endfacet
  facet normal 0.8229838658936571 -0.019825173755351425 0.5677186970360418
    outer loop
      vertex -6.639620127319597 10.267221620992313 -4.00519009077552
      vertex -6.323164891307978 11.43792558667026 -4.423052220767035
      vertex -6.387344127472858 11.824347445283191 -4.3165217212525855
    endloop
  endfacet
  facet normal 0.822983865893656 -0.019825173755351987 0.5677186970360434
    outer loop
      vertex -6.298013012536438 11.530973199322219 -4.4562639247957785
      vertex -6.387344127472858 11.824347445283191 -4.3165217212525855
      vertex -6.323164891307978 11.43792558667026 -4.423052220767035
    endloop
  endfacet
  facet normal 0.8229838658936552 -0.019825173755351175 0.5677186970360446
    outer loop
      vertex -6.591871366011958 12.646998732760478 -3.991304631993958
      vertex -6.387344127472858 11.824347445283191 -4.3165217212525855
      vertex -6.469073891898612 12.653207452843452 -4.169099112852717
    endloop
  endfacet
  facet normal 0.663122658240795 -0.026122648387584418 0.7480547756473991
    outer loop
      vertex -4.87288591215663 11.802682151418121 -5.884639415247886
      vertex -4.771052937141679 11.359235779482056 -5.990396038047135
      vertex -4.544517973849246 11.337109273832914 -6.191983508482799
    endloop
  endfacet
  facet normal 0.6631226582407951 -0.026122648387584182 0.748054775647399
    outer loop
      vertex -4.87288591215663 11.802682151418121 -5.884639415247886
      vertex -4.544517973849246 11.337109273832914 -6.191983508482799
      vertex -4.764236634971505 12.106915592965525 -5.970328881271518
    endloop
  endfacet
  facet normal 0.6631226582407952 -0.02612264838758426 0.7480547756473988
    outer loop
      vertex -5.233220252914072 11.101841659821659 -5.5896903508965305
      vertex -4.771052937141679 11.359235779482056 -5.990396038047135
      vertex -4.87288591215663 11.802682151418121 -5.884639415247886
    endloop
  endfacet
  facet normal 0.6631226582407976 -0.026122648387586243 0.7480547756473965
    outer loop
      vertex -5.233220252914072 11.101841659821659 -5.5896903508965305
      vertex -4.87288591215663 11.802682151418121 -5.884639415247886
      vertex -4.9062685255599705 11.948051554573453 -5.849970562126076
    endloop
  endfacet
  facet normal 0.663122658240806 -0.026122648387582596 0.7480547756473895
    outer loop
      vertex -4.87288591215663 11.802682151418121 -5.884639415247886
      vertex -4.89488693299274 12.711326322233218 -5.833405777214744
      vertex -4.9062685255599705 11.948051554573453 -5.849970562126076
    endloop
  endfacet
  facet normal 0.6631226582408003 -0.02612264838758262 0.7480547756473943
    outer loop
      vertex -4.9062685255599705 11.948051554573453 -5.849970562126076
      vertex -4.89488693299274 12.711326322233218 -5.833405777214744
      vertex -4.940305254740988 12.709922066928616 -5.793193166638289
    endloop
  endfacet
  facet normal 0.46472317204376895 -0.030901969647494025 0.8849166297666028
    outer loop
      vertex -4.544517973849246 11.337109273832914 -6.191983508482799
      vertex -3.6532648327776123 11.187792463159166 -6.665248623270553
      vertex -4.544517973849246 12.722159119450433 -6.143616502089409
    endloop
  endfacet
  facet normal 0.46472317204376895 -0.030901969647494074 0.8849166297666029
    outer loop
      vertex -4.544517973849246 12.722159119450433 -6.143616502089409
      vertex -3.6532648327776123 11.187792463159166 -6.665248623270553
      vertex -3.602697433925647 12.73941013440399 -6.637620935686827
    endloop
  endfacet
  facet normal 0.4647231720437625 -0.030901969647493935 0.8849166297666062
    outer loop
      vertex -3.6532648327776123 11.187792463159166 -6.665248623270553
      vertex -3.527453311375643 11.124106155215575 -6.7335438271662555
      vertex -3.602697433925647 12.73941013440399 -6.637620935686827
    endloop
  endfacet
  facet normal 0.23931566428757373 -0.03388538075558012 0.9703503459048421
    outer loop
      vertex -2.8189074429717227 8.968839615558613 -7.175913080859961
      vertex -2.7431091222190997 9.869056404012673 -7.163170813895543
      vertex -2.8173473028402647 10.769880706678766 -7.11340411447159
    endloop
  endfacet
  facet normal 0.2393156642875666 -0.03388538075558081 0.9703503459048439
    outer loop
      vertex -2.8173473028402647 10.769880706678766 -7.11340411447159
      vertex -2.7431091222190997 9.869056404012673 -7.163170813895543
      vertex -2.8188654518729668 12.753592716417335 -7.043756946426693
    endloop
  endfacet
  facet normal 0.23931566428756135 -0.03388538075558087 0.9703503459048451
    outer loop
      vertex -2.8368390963402854 10.774514408141487 -7.1084350780113725
      vertex -2.8173473028402647 10.769880706678766 -7.11340411447159
      vertex -2.8188654518729668 12.753592716417335 -7.043756946426693
    endloop
  endfacet
  facet normal 0.23931566428755785 -0.033885380755580854 0.9703503459048461
    outer loop
      vertex -2.8368390963402854 10.774514408141487 -7.1084350780113725
      vertex -2.8188654518729668 12.753592716417335 -7.043756946426693
      vertex -2.8368390963402854 12.753438107965772 -7.039329539648052
    endloop
  endfacet
  facet normal -1.5862812552843442e-16 -0.03489949670250097 0.9993908270190957
    outer loop
      vertex -0.9642934420425839 -11.715529603604121 -8.355627101822408
      vertex 0.9642934420425839 33.25705761225519 -6.7851497502098645
      vertex -0.9642934420425839 11.496128314258748 -7.545058146151418
    endloop
  endfacet
  facet normal 6.907869914687379e-16 -0.9993908270190957 -0.034899496702501025
    outer loop
      vertex -5.5 29.314796341514004 -8.508390885211913
      vertex -8.5 29.820854482976028 -23
      vertex -3.3991869381244215 29.34743931485146 -9.443163337610722
    endloop
  endfacet
  facet normal -2.917265774573381e-15 -0.9993908270190959 -0.034899496702499665
    outer loop
      vertex -3.3991869381244215 29.34743931485146 -9.443163337610722
      vertex -8.5 29.820854482976028 -23
      vertex -2.5 29.354109588784105 -9.634174991412461
    endloop
  endfacet
  facet normal 0 -0.9993908270190957 -0.03489949670250097
    outer loop
      vertex -2.5 29.354109588784105 -9.634174991412461
      vertex -8.5 29.820854482976028 -23
      vertex -2.5 29.820854482976028 -23
    endloop
  endfacet
  facet normal -1 0 0
    outer loop
      vertex -2.5 29.354109588784105 -9.634174991412461
      vertex -2.5 29.820854482976028 -23
      vertex -2.5 13.31079700204547 -23
    endloop
  endfacet
  facet normal 0 0.9993908270190959 0.03489949670250108
    outer loop
      vertex -7.360436669947441 33.26518647587868 -7.017929947834428
      vertex 8.5 33.82329266017132 -23
      vertex -8.5 33.82329266017132 -23
    endloop
  endfacet
  facet normal 7.598763353262316e-15 0.9993908270190954 0.03489949670250861
    outer loop
      vertex -7.360436669947441 33.26518647587868 -7.017929947834428
      vertex -5.5 33.312359649590384 -8.368792898401908
      vertex 8.5 33.82329266017132 -23
    endloop
  endfacet
  facet normal -3.894278586485574e-15 0.9993908270190958 0.03489949670249763
    outer loop
      vertex -5.5 33.312359649590384 -8.368792898401908
      vertex -3.3991869381244215 33.345002622927844 -9.303565350800717
      vertex 8.5 33.82329266017132 -23
    endloop
  endfacet
  facet normal 0.8229838658936564 -0.019825173755350943 0.5677186970360429
    outer loop
      vertex -6.936168675629562 29.65767300512355 -2.898173989527625
      vertex -5.988085985368808 33.16503846782719 -4.150066223492425
      vertex -7.015175566484626 33.113108151219855 -2.6629765240628465
    endloop
  endfacet
  facet normal 0 -0.034899496702500976 0.9993908270190957
    outer loop
      vertex -0.9642934420425839 11.496128314258748 -7.545058146151418
      vertex 0.9642934420425839 33.25705761225519 -6.7851497502098645
      vertex -0.843756761787261 33.25705761225519 -6.7851497502098645
    endloop
  endfacet
  facet normal 0.23931566428782194 -0.033885380755578474 0.9703503459047809
    outer loop
      vertex -2.8368390963402854 29.24338675378085 -6.463487844056786
      vertex -2.834523557637485 33.21348946288403 -6.325419879409493
      vertex -2.8368390963402854 33.240950061857234 -6.323889857246782
    endloop
  endfacet
  facet normal 2.242080565186656e-16 -0.9993908270190958 -0.03489949670250119
    outer loop
      vertex 3.3991869381244215 -11.627584592931466 -10.874042702413261
      vertex -8.5 -11.204136833275664 -23
      vertex 5.5 -11.66022756626892 -9.939270250014452
    endloop
  endfacet
  facet normal 5.149588700863724e-16 -0.9993908270190957 -0.03489949670250148
    outer loop
      vertex 5.5 -11.66022756626892 -9.939270250014452
      vertex -8.5 -11.204136833275664 -23
      vertex 7.360436669947441 -11.70740073998063 -8.588407299446972
    endloop
  endfacet
  facet normal 0 -0.9993908270190957 -0.03489949670250093
    outer loop
      vertex 7.360436669947441 -11.70740073998063 -8.588407299446972
      vertex -8.5 -11.204136833275664 -23
      vertex 8.5 -11.204136833275664 -23
    endloop
  endfacet
  facet normal -0.663122658240795 -0.026122648387584033 0.748054775647399
    outer loop
      vertex 4.544517973849246 -11.762916142517412 -6.998654171300683
      vertex 5.988085985368809 -11.807548748032122 -5.720543575104968
      vertex 5.988085985368809 -7.80998543995574 -5.580945588294964
    endloop
  endfacet
  facet normal -0.8229838658936562 -0.019825173755351075 0.567718697036043
    outer loop
      vertex 5.988085985368809 -11.807548748032122 -5.720543575104968
      vertex 7.083648205225679 -11.86294108574661 -4.134314562380087
      vertex 7.083648205225679 -7.865377777670227 -3.994716575570083
    endloop
  endfacet
  facet normal -0.8229838658936552 -0.019825173755351953 0.5677186970360446
    outer loop
      vertex 5.988085985368809 -11.807548748032122 -5.720543575104968
      vertex 7.083648205225679 -7.865377777670227 -3.994716575570083
      vertex 6.887436505257075 -7.855457186624641 -4.278805133467716
    endloop
  endfacet
  facet normal 1 0 0
    outer loop
      vertex 2.5 -7.623351010922436 -10.925456369404996
      vertex 2.5 -7.201698656080376 -23
      vertex 2.5 9.308358824850185 -23
    endloop
  endfacet
  facet normal 1 0 0
    outer loop
      vertex 2.5 -7.623351010922436 -10.925456369404996
      vertex 2.5 9.308358824850185 -23
      vertex 2.5 8.866597634892646 -10.349614673813731
    endloop
  endfacet
  facet normal 0 0.9993908270190957 0.03489949670250103
    outer loop
      vertex 2.5 -7.623351010922436 -10.925456369404996
      vertex 8.5 -7.201698656080376 -23
      vertex 2.5 -7.201698656080376 -23
    endloop
  endfacet
  facet normal -2.2300301581800766e-16 0.9993908270190958 0.03489949670250093
    outer loop
      vertex 2.5 -7.623351010922436 -10.925456369404996
      vertex 3.3991869381244215 -7.630021284855084 -10.734444715603257
      vertex 8.5 -7.201698656080376 -23
    endloop
  endfacet
  facet normal -1.2899281398970671e-16 0.9993908270190958 0.03489949670250096
    outer loop
      vertex 3.3991869381244215 -7.630021284855084 -10.734444715603257
      vertex 5.5 -7.662664258192538 -9.799672263204448
      vertex 8.5 -7.201698656080376 -23
    endloop
  endfacet
  facet normal 0 -0.03489949670250098 0.9993908270190958
    outer loop
      vertex -0.9642934420425839 -11.715529603604121 -8.355627101822408
      vertex 0.9642934420425839 -11.715529603604121 -8.355627101822408
      vertex 0.9642934420425839 33.25705761225519 -6.7851497502098645
    endloop
  endfacet
  facet normal -0.23931566428755752 -0.03388538075558084 0.970350345904846
    outer loop
      vertex 0.9642934420425839 -11.715529603604121 -8.355627101822408
      vertex 2.1956165060480286 4.700679593903378 -7.478681574027123
      vertex 1.8815254332980187 12.74974722385881 -7.275065623890825
    endloop
  endfacet
  facet normal -1.0869207134349832e-15 -0.9993908270190958 -0.03489949670250101
    outer loop
      vertex 7.360436669947441 -11.70740073998063 -8.588407299446972
      vertex 8.5 -11.204136833275664 -23
      vertex 8.5 -11.751570007023933 -7.323564981074243
    endloop
  endfacet
  facet normal -4.49399329978539e-16 0.9993908270190958 0.034899496702501
    outer loop
      vertex 7.360436669947441 -7.709837431904248 -8.448809312636968
      vertex 8.5 -7.754006698947549 -7.183966994264239
      vertex 8.5 -7.201698656080376 -23
    endloop
  endfacet
  facet normal 1 0 0
    outer loop
      vertex 8.5 -7.754006698947549 -7.183966994264239
      vertex 8.5 -11.204136833275664 -23
      vertex 8.5 -7.201698656080376 -23
    endloop
  endfacet
  facet normal 1 0 0
    outer loop
      vertex 8.5 -11.751570007023933 -7.323564981074243
      vertex 8.5 -11.204136833275664 -23
      vertex 8.5 -7.754006698947549 -7.183966994264239
    endloop
  endfacet
  facet normal -0.9350162426854148 -0.012375532086031671 0.35438887132645247
    outer loop
      vertex 7.083648205225679 -11.86294108574661 -4.134314562380087
      vertex 7.767534539408416 -11.925873954335865 -2.3321529976377446
      vertex 7.767534539408416 -7.928310646259482 -2.192555010827741
    endloop
  endfacet
  facet normal -0.9350162426854155 -0.012375532086030861 0.35438887132645125
    outer loop
      vertex 7.083648205225679 -11.86294108574661 -4.134314562380087
      vertex 7.767534539408416 -7.928310646259482 -2.192555010827741
      vertex 7.710544011559855 -7.923066240543712 -2.3427351412229362
    endloop
  endfacet
  facet normal -0.9927088740980541 -0.004206669475101168 0.12046325256650367
    outer loop
      vertex 7.767534539408416 -11.925873954335865 -2.3321529976377446
      vertex 8 -11.992689924229149 -0.4187939604300116
      vertex 7.982118041492955 -8.297491796013004 -0.4371157446982953
    endloop
  endfacet
  facet normal -0.9927088740980535 -0.004206669475101153 0.12046325256650639
    outer loop
      vertex 8 -11.992689924229149 -0.4187939604300116
      vertex 8 -7.995126616152766 -0.27919597362000786
      vertex 7.982118041492955 -8.297491796013004 -0.4371157446982953
    endloop
  endfacet
  facet normal -0.9927088740980542 -0.004206669475098841 0.12046325256650203
    outer loop
      vertex 7.982118041492955 -8.297491796013004 -0.4371157446982953
      vertex 8 -7.995126616152766 -0.27919597362000786
      vertex 7.980627878284035 -7.989558618661659 -0.4386425600539855
    endloop
  endfacet
  facet normal 2.792194164297973e-16 0.9993908270190958 0.03489949670250106
    outer loop
      vertex 5.5 -7.662664258192538 -9.799672263204448
      vertex 7.360436669947441 -7.709837431904248 -8.448809312636968
      vertex 8.5 -7.201698656080376 -23
    endloop
  endfacet
  facet normal -7.449773489944305e-16 -0.9993908270190957 -0.03489949670250101
    outer loop
      vertex 2.5 8.866597634892646 -10.349614673813731
      vertex 2.5 9.308358824850185 -23
      vertex 3.3991869381244215 8.859927360959997 -10.158603020011991
    endloop
  endfacet
  facet normal 1 0 0
    outer loop
      vertex 2.5 12.864160942969027 -10.210016687003726
      vertex 2.5 13.31079700204547 -23
      vertex 2.5 29.354109588784105 -9.634174991412461
    endloop
  endfacet
  facet normal 1.7829608659714697e-16 -0.9993908270190958 -0.03489949670250108
    outer loop
      vertex 3.3991869381244215 8.859927360959997 -10.158603020011991
      vertex 2.5 9.308358824850185 -23
      vertex 5.5 8.827284387622543 -9.223830567613183
    endloop
  endfacet
  facet normal 0 0.9993908270190958 0.03489949670250099
    outer loop
      vertex 2.5 12.864160942969027 -10.210016687003726
      vertex 8.5 13.31079700204547 -23
      vertex 2.5 13.31079700204547 -23
    endloop
  endfacet
  facet normal 6.810382451134935e-16 0.9993908270190957 0.03489949670250131
    outer loop
      vertex 2.5 12.864160942969027 -10.210016687003726
      vertex 3.3991869381244215 12.857490669036379 -10.019005033201987
      vertex 8.5 13.31079700204547 -23
    endloop
  endfacet
  facet normal 0 -0.9993908270190958 -0.03489949670250101
    outer loop
      vertex 7.360436669947441 8.780111213910834 -7.872967617045702
      vertex 2.5 9.308358824850185 -23
      vertex 8.5 9.308358824850185 -23
    endloop
  endfacet
  facet normal 2.365431125657177e-16 -0.9993908270190957 -0.03489949670250109
    outer loop
      vertex 5.5 8.827284387622543 -9.223830567613183
      vertex 2.5 9.308358824850185 -23
      vertex 7.360436669947441 8.780111213910834 -7.872967617045702
    endloop
  endfacet
  facet normal -1.4025719167052735e-16 0.9993908270190957 0.03489949670250098
    outer loop
      vertex 3.3991869381244215 12.857490669036379 -10.019005033201987
      vertex 5.5 12.824847695698924 -9.084232580803178
      vertex 8.5 13.31079700204547 -23
    endloop
  endfacet
  facet normal -0.2393156642875534 -0.033885380755580626 0.9703503459048471
    outer loop
      vertex 2.748927444528299 11.710870081544428 -7.097418301226554
      vertex 2.81909179011617 8.75602746138994 -7.1832991798543455
      vertex 2.8173473028402647 10.769880706678766 -7.11340411447159
    endloop
  endfacet
  facet normal -0.239315664287577 -0.033885380755582235 0.9703503459048413
    outer loop
      vertex 2.748927444528299 11.710870081544428 -7.097418301226554
      vertex 2.8173473028402647 10.769880706678766 -7.11340411447159
      vertex 2.8368390963402876 10.774514408141487 -7.108435078011372
    endloop
  endfacet
  facet normal -0.6631226582407951 -0.02612264838758411 0.748054775647399
    outer loop
      vertex 4.544517973849247 11.638948457184792 -6.181443051937389
      vertex 5.767955340253929 12.684332569602452 -5.060405839823765
      vertex 4.544517973849247 12.722159119450433 -6.143616502089407
    endloop
  endfacet
  facet normal -0.8229838658936564 -0.01982517375535108 0.567718697036043
    outer loop
      vertex 6.078063242886585 8.675413897253483 -4.874828739204191
      vertex 7.083648205225679 8.624570868144852 -3.418874879978817
      vertex 7.083648205225679 12.622134176221234 -3.279276893168813
    endloop
  endfacet
  facet normal -0.8229838658936562 -0.019825173755351144 0.5677186970360432
    outer loop
      vertex 6.078063242886585 8.675413897253483 -4.874828739204191
      vertex 7.083648205225679 12.622134176221234 -3.279276893168813
      vertex 5.988085985368809 10.513135148572008 -4.941088117853489
    endloop
  endfacet
  facet normal -0.8229838658936564 -0.019825173755350974 0.567718697036043
    outer loop
      vertex 5.988085985368809 10.513135148572008 -4.941088117853489
      vertex 7.083648205225679 12.622134176221234 -3.279276893168813
      vertex 6.264522192438013 12.66354971968255 -4.465262885576618
    endloop
  endfacet
  facet normal 1 0 0
    outer loop
      vertex 2.5 29.354109588784105 -9.634174991412461
      vertex 2.5 13.31079700204547 -23
      vertex 2.5 29.820854482976028 -23
    endloop
  endfacet
  facet normal 3.1954556702430075e-15 -0.9993908270190957 -0.03489949670250096
    outer loop
      vertex 2.5 29.354109588784105 -9.634174991412461
      vertex 2.5 29.820854482976028 -23
      vertex 3.3991869381244215 29.34743931485146 -9.443163337610722
    endloop
  endfacet
  facet normal 2.326402679913998e-15 0.9993908270190957 0.03489949670250302
    outer loop
      vertex -3.3991869381244215 33.345002622927844 -9.303565350800717
      vertex -1.1498130959441881 33.36168874131783 -9.781393263325137
      vertex 8.5 33.82329266017132 -23
    endloop
  endfacet
  facet normal 0 0.9993908270190957 0.03489949670250132
    outer loop
      vertex -1.1498130959441881 33.36168874131783 -9.781393263325137
      vertex 1.1498130959441881 33.36168874131783 -9.781393263325137
      vertex 8.5 33.82329266017132 -23
    endloop
  endfacet
  facet normal -8.329675763133447e-16 -0.9993908270190958 -0.034899496702500706
    outer loop
      vertex 3.3991869381244215 29.34743931485146 -9.443163337610722
      vertex 2.5 29.820854482976028 -23
      vertex 5.5 29.314796341514004 -8.508390885211913
    endloop
  endfacet
  facet normal 9.686924271206495e-17 -0.9993908270190958 -0.0348994967025009
    outer loop
      vertex 5.5 29.314796341514004 -8.508390885211913
      vertex 2.5 29.820854482976028 -23
      vertex 7.360436669947441 29.267623167802295 -7.157527934644432
    endloop
  endfacet
  facet normal -1.75798224949615e-15 0.9993908270190958 0.03489949670250035
    outer loop
      vertex 1.1498130959441881 33.36168874131783 -9.781393263325137
      vertex 3.3991869381244215 33.345002622927844 -9.303565350800717
      vertex 8.5 33.82329266017132 -23
    endloop
  endfacet
  facet normal 0 -0.9993908270190957 -0.03489949670250086
    outer loop
      vertex 7.360436669947441 29.267623167802295 -7.157527934644432
      vertex 2.5 29.820854482976028 -23
      vertex 8.5 29.820854482976028 -23
    endloop
  endfacet
  facet normal 2.047625557176216e-15 0.9993908270190957 0.03489949670250177
    outer loop
      vertex 3.3991869381244215 33.345002622927844 -9.303565350800717
      vertex 5.5 33.312359649590384 -8.368792898401908
      vertex 8.5 33.82329266017132 -23
    endloop
  endfacet
  facet normal -0.8229838658936562 -0.019825173755350995 0.5677186970360432
    outer loop
      vertex 6.066671454180473 29.163501827384124 -4.175882858273025
      vertex 7.083648205225679 29.112082822036314 -2.703435197577547
      vertex 7.083648205225679 33.1096461301127 -2.5638372107675433
    endloop
  endfacet
  facet normal -0.8229838658936564 -0.019825173755350894 0.5677186970360429
    outer loop
      vertex 6.066671454180473 29.163501827384124 -4.175882858273025
      vertex 7.083648205225679 33.1096461301127 -2.5638372107675433
      vertex 6.02176547200238 33.16333561109861 -4.101302786908394
    endloop
  endfacet
  facet normal -1.0038416295406369e-15 -0.9993908270190957 -0.03489949670250109
    outer loop
      vertex 7.360436669947441 8.780111213910834 -7.872967617045702
      vertex 8.5 9.308358824850185 -23
      vertex 8.5 8.73594194686753 -6.608125298672973
    endloop
  endfacet
  facet normal -1.4822616682294859e-16 0.9993908270190958 0.03489949670250098
    outer loop
      vertex 5.5 12.824847695698924 -9.084232580803178
      vertex 7.360436669947441 12.777674521987215 -7.733369630235698
      vertex 8.5 13.31079700204547 -23
    endloop
  endfacet
  facet normal 1.0189237429009034e-15 0.9993908270190957 0.03489949670250107
    outer loop
      vertex 7.360436669947441 12.777674521987215 -7.733369630235698
      vertex 8.5 12.733505254943912 -6.468527311862969
      vertex 8.5 13.31079700204547 -23
    endloop
  endfacet
  facet normal 1 0 0
    outer loop
      vertex 8.5 8.73594194686753 -6.608125298672973
      vertex 8.5 9.308358824850185 -23
      vertex 8.5 12.733505254943912 -6.468527311862969
    endloop
  endfacet
  facet normal 1 0 0
    outer loop
      vertex 8.5 12.733505254943912 -6.468527311862969
      vertex 8.5 9.308358824850185 -23
      vertex 8.5 13.31079700204547 -23
    endloop
  endfacet
  facet normal -0.9350162426854149 -0.012375532086031694 0.3543888713264524
    outer loop
      vertex 7.475458084184539 8.588515578848925 -2.3863864835118505
      vertex 7.767534539408416 8.561637999555598 -1.616713315236475
      vertex 7.767534539408416 12.55920130763198 -1.477115328426471
    endloop
  endfacet
  facet normal -0.9927088740980541 -0.004206669475101055 0.12046325256650338
    outer loop
      vertex 7.900717876205678 8.523358016804238 -0.5205180335028776
      vertex 8 8.494822029662314 0.296645721971258
      vertex 8 12.492385337738696 0.4362437087812619
    endloop
  endfacet
  facet normal -0.9350162426854149 -0.012375532086031699 0.35438887132645236
    outer loop
      vertex 7.475458084184539 8.588515578848925 -2.3863864835118505
      vertex 7.767534539408416 12.55920130763198 -1.477115328426471
      vertex 7.418467556335978 12.591323292641079 -2.396968627097041
    endloop
  endfacet
  facet normal -0.992708874098054 -0.004206669475101203 0.12046325256650399
    outer loop
      vertex 7.900717876205678 8.523358016804238 -0.5205180335028776
      vertex 8 12.492385337738696 0.4362437087812619
      vertex 7.881345754489712 12.526489322371726 -0.5403666331268517
    endloop
  endfacet
  facet normal 2.8457404747952553e-16 -0.9993908270190957 -0.034899496702500844
    outer loop
      vertex 7.360436669947441 29.267623167802295 -7.157527934644432
      vertex 8.5 29.820854482976028 -23
      vertex 8.5 29.223453900758994 -5.892685616271703
    endloop
  endfacet
  facet normal -2.0187753347312876e-15 0.9993908270190958 0.03489949670250093
    outer loop
      vertex 5.5 33.312359649590384 -8.368792898401908
      vertex 7.360436669947441 33.26518647587868 -7.017929947834428
      vertex 8.5 33.82329266017132 -23
    endloop
  endfacet
  facet normal -5.080872253515472e-16 0.9993908270190957 0.034899496702501046
    outer loop
      vertex 7.360436669947441 33.26518647587868 -7.017929947834428
      vertex 8.5 33.22101720883538 -5.7530876294616995
      vertex 8.5 33.82329266017132 -23
    endloop
  endfacet
  facet normal 1 0 0
    outer loop
      vertex 8.5 33.22101720883538 -5.7530876294616995
      vertex 8.5 29.820854482976028 -23
      vertex 8.5 33.82329266017132 -23
    endloop
  endfacet
  facet normal 1 0 0
    outer loop
      vertex 8.5 29.223453900758994 -5.892685616271703
      vertex 8.5 29.820854482976028 -23
      vertex 8.5 33.22101720883538 -5.7530876294616995
    endloop
  endfacet
  facet normal -0.9350162426854149 -0.01237553208603171 0.3543888713264525
    outer loop
      vertex 7.183381628960662 29.102905112033714 -2.4406199693859554
      vertex 7.767534539408416 29.04914995344706 -0.9012736328352051
      vertex 7.767534539408416 33.04671326152344 -0.7616756460252012
    endloop
  endfacet
  facet normal -0.9350162426854148 -0.012375532086031859 0.3543888713264528
    outer loop
      vertex 7.183381628960662 29.102905112033714 -2.4406199693859554
      vertex 7.767534539408416 33.04671326152344 -0.7616756460252012
      vertex 7.1263911011121 33.10571282582587 -2.4512021129711465
    endloop
  endfacet
  facet normal 0 -0.9993908270190957 -0.03489949670250073
    outer loop
      vertex -10.759623608071863 -14.911046258237274 -2.809127853503804
      vertex -10.759623608071863 -15.0706785523356 1.7621429524287748
      vertex -11 -14.990862405286437 -0.5234924505375146
    endloop
  endfacet
  facet normal -9.078999290101794e-16 -0.9993908270190957 -0.03489949670250102
    outer loop
      vertex -10.049000034068609 -14.834718459814525 -4.9948700216649575
      vertex -10.049000034068609 -15.14700635075835 3.947885120589928
      vertex -10.759623608071863 -15.0706785523356 1.7621429524287748
    endloop
  endfacet
  facet normal -0.9510565162951534 0.010784537576205445 -0.3088287495713345
    outer loop
      vertex -10.759623608071863 -14.911046258237274 -2.809127853503804
      vertex -10.049000034068609 -13.835327632795428 -4.959970524962456
      vertex -10.049000034068609 -14.834718459814525 -4.9948700216649575
    endloop
  endfacet
  facet normal -0.9510565162951534 0.010784537576205165 -0.3088287495713346
    outer loop
      vertex -10.759623608071863 -14.911046258237274 -2.809127853503804
      vertex -10.759623608071863 -13.911655431218177 -2.774228356801303
      vertex -10.049000034068609 -13.835327632795428 -4.959970524962456
    endloop
  endfacet
  facet normal -0.9510565162951534 0.01078453757620517 -0.3088287495713346
    outer loop
      vertex -10.759623608071863 -13.911655431218177 -2.774228356801303
      vertex -10.049000034068609 -11.836545978757236 -4.8901715315574545
      vertex -10.049000034068609 -13.835327632795428 -4.959970524962456
    endloop
  endfacet
  facet normal -0.9510565162951534 0.010784537576205308 -0.30882874957133444
    outer loop
      vertex -10.759623608071863 -13.911655431218177 -2.774228356801303
      vertex -10.759623608071863 -11.912873777179986 -2.704429363396301
      vertex -10.049000034068609 -11.836545978757236 -4.8901715315574545
    endloop
  endfacet
  facet normal -0.9945218953682734 0.0036479907591269256 -0.10446478735209513
    outer loop
      vertex -10.759623608071863 -14.911046258237274 -2.809127853503804
      vertex -11 -14.990862405286437 -0.5234924505375146
      vertex -10.759623608071863 -13.911655431218177 -2.774228356801303
    endloop
  endfacet
  facet normal -0.9945218953682734 0.00364799075912696 -0.10446478735209512
    outer loop
      vertex -11 -14.990862405286437 -0.5234924505375146
      vertex -11 -13.99147157826734 -0.48859295383501355
      vertex -10.759623608071863 -13.911655431218177 -2.774228356801303
    endloop
  endfacet
  facet normal -0.9945218953682734 0.0036479907591269746 -0.1044647873520951
    outer loop
      vertex -10.759623608071863 -13.911655431218177 -2.774228356801303
      vertex -11 -13.99147157826734 -0.48859295383501355
      vertex -10.759623608071863 -11.912873777179986 -2.704429363396301
    endloop
  endfacet
  facet normal 1.759042194972559e-15 -0.9993908270190958 -0.03489949670250073
    outer loop
      vertex -10.759623608071863 -14.911046258237274 -2.809127853503804
      vertex -10.049000034068609 -14.834718459814525 -4.9948700216649575
      vertex -10.759623608071863 -15.0706785523356 1.7621429524287748
    endloop
  endfacet
  facet normal -0.9945218953682734 -0.0036479907591269603 0.10446478735209513
    outer loop
      vertex -11 -14.990862405286437 -0.5234924505375146
      vertex -10.759623608071863 -15.0706785523356 1.7621429524287748
      vertex -11 -13.99147157826734 -0.48859295383501355
    endloop
  endfacet
  facet normal -0.9945218953682734 -0.00364799075912695 0.10446478735209516
    outer loop
      vertex -10.759623608071863 -15.0706785523356 1.7621429524287748
      vertex -10.759623608071863 -14.071287725316504 1.7970424491312758
      vertex -11 -13.99147157826734 -0.48859295383501355
    endloop
  endfacet
  facet normal -0.9945218953682734 -0.003647990759126958 0.10446478735209513
    outer loop
      vertex -11 -13.99147157826734 -0.48859295383501355
      vertex -10.759623608071863 -14.071287725316504 1.7970424491312758
      vertex -11 -11.992689924229149 -0.4187939604300116
    endloop
  endfacet
  facet normal -0.9945218953682734 0.003647990759126952 -0.10446478735209515
    outer loop
      vertex -10.759623608071863 -11.912873777179986 -2.704429363396301
      vertex -11 -13.99147157826734 -0.48859295383501355
      vertex -11 -11.992689924229149 -0.4187939604300116
    endloop
  endfacet
  facet normal -0.9945218953682734 -0.0036479907591269634 0.10446478735209513
    outer loop
      vertex -10.759623608071863 -14.071287725316504 1.7970424491312758
      vertex -10.759623608071863 -12.072506071278312 1.8668414425362778
      vertex -11 -11.992689924229149 -0.4187939604300116
    endloop
  endfacet
  facet normal -0.9510565162951534 -0.010784537576205231 0.30882874957133455
    outer loop
      vertex -10.759623608071863 -15.0706785523356 1.7621429524287748
      vertex -10.049000034068609 -15.14700635075835 3.947885120589928
      vertex -10.759623608071863 -14.071287725316504 1.7970424491312758
    endloop
  endfacet
  facet normal -0.9510565162951534 -0.0107845375762053 0.30882874957133455
    outer loop
      vertex -10.049000034068609 -15.14700635075835 3.947885120589928
      vertex -10.049000034068609 -14.147615523739253 3.9827846172924293
      vertex -10.759623608071863 -14.071287725316504 1.7970424491312758
    endloop
  endfacet
  facet normal -0.9510565162951534 -0.010784537576205273 0.30882874957133444
    outer loop
      vertex -10.759623608071863 -14.071287725316504 1.7970424491312758
      vertex -10.049000034068609 -14.147615523739253 3.9827846172924293
      vertex -10.759623608071863 -12.072506071278312 1.8668414425362778
    endloop
  endfacet
  facet normal -0.9510565162951534 -0.01078453757620517 0.3088287495713346
    outer loop
      vertex -10.759623608071863 -12.072506071278312 1.8668414425362778
      vertex -10.049000034068609 -14.147615523739253 3.9827846172924293
      vertex -10.049000034068609 -12.148833869701061 4.052583610697431
    endloop
  endfacet
  facet normal -2.3894150302064674e-16 -0.9993908270190958 -0.03489949670250109
    outer loop
      vertex -8.899186938124423 -14.765214901070678 -6.985191533917743
      vertex -8.899186938124423 -15.216509909502197 5.938206632842713
      vertex -10.049000034068609 -15.14700635075835 3.947885120589928
    endloop
  endfacet
  facet normal 8.287043793143457e-16 -0.9993908270190957 -0.03489949670250098
    outer loop
      vertex -8.899186938124423 -15.216509909502197 5.938206632842713
      vertex -7.360436669947441 -14.705573221037918 -8.693105789554474
      vertex -8 -14.990862405286437 -0.5234924505375146
    endloop
  endfacet
  facet normal -4.131634288226819e-16 -0.9993908270190958 -0.03489949670250114
    outer loop
      vertex -8.899186938124423 -15.216509909502197 5.938206632842713
      vertex -8 -14.990862405286437 -0.5234924505375146
      vertex -7.767534539408416 -15.057678375179721 1.3898665866702173
    endloop
  endfacet
  facet normal 9.048786546872126e-16 -0.9993908270190958 -0.03489949670250083
    outer loop
      vertex -8.899186938124423 -15.216509909502197 5.938206632842713
      vertex -7.767534539408416 -15.057678375179721 1.3898665866702173
      vertex -7.08364820522568 -15.120611243768975 3.192028151412559
    endloop
  endfacet
  facet normal 3.937534007137499e-16 -0.9993908270190958 -0.03489949670250116
    outer loop
      vertex -8.899186938124423 -15.216509909502197 5.938206632842713
      vertex -7.08364820522568 -15.120611243768975 3.192028151412559
      vertex -7.360436669947441 -15.276151589534956 7.646120888479445
    endloop
  endfacet
  facet normal -1.2516541776009896e-16 -0.9993908270190958 -0.03489949670250119
    outer loop
      vertex -7.08364820522568 -15.120611243768975 3.192028151412559
      vertex -5.988085985368808 -15.176003581483464 4.778257164137442
      vertex -7.360436669947441 -15.276151589534956 7.646120888479445
    endloop
  endfacet
  facet normal -0.7431448254773909 0.023352321390163966 -0.668722990072772
    outer loop
      vertex -8.899186938124423 -14.765214901070678 -6.985191533917743
      vertex -8.899186938124423 -13.765824074051581 -6.950292037215242
      vertex -8.8690153642386 -13.764654629345058 -6.983780552031648
    endloop
  endfacet
  facet normal -0.7431448254773938 0.023352321390163442 -0.6687229900727688
    outer loop
      vertex -8.8690153642386 -13.764654629345058 -6.983780552031648
      vertex -8.808672216466952 -11.763534085893816 -6.98095858825946
      vertex -8.5 -11.751570007023933 -7.3235649810742425
    endloop
  endfacet
  facet normal -0.866025403784439 0.017449748351250727 -0.4996954135095471
    outer loop
      vertex -10.049000034068609 -14.834718459814525 -4.9948700216649575
      vertex -8.899186938124423 -13.765824074051581 -6.950292037215242
      vertex -8.899186938124423 -14.765214901070678 -6.985191533917743
    endloop
  endfacet
  facet normal -0.8660254037844389 0.01744974835125075 -0.4996954135095471
    outer loop
      vertex -10.049000034068609 -14.834718459814525 -4.9948700216649575
      vertex -10.049000034068609 -13.835327632795428 -4.959970524962456
      vertex -8.899186938124423 -13.765824074051581 -6.950292037215242
    endloop
  endfacet
  facet normal -0.866025403784439 0.017449748351250263 -0.4996954135095471
    outer loop
      vertex -10.049000034068609 -13.835327632795428 -4.959970524962456
      vertex -8.899186938124423 -11.76704242001339 -6.88049304381024
      vertex -8.899186938124423 -13.765824074051581 -6.950292037215242
    endloop
  endfacet
  facet normal -0.866025403784439 0.01744974835125032 -0.4996954135095472
    outer loop
      vertex -10.049000034068609 -13.835327632795428 -4.959970524962456
      vertex -10.049000034068609 -11.836545978757236 -4.8901715315574545
      vertex -8.899186938124423 -11.76704242001339 -6.88049304381024
    endloop
  endfacet
  facet normal -0.7431448254773909 0.023352321390163393 -0.6687229900727721
    outer loop
      vertex -8.899186938124423 -13.765824074051581 -6.950292037215242
      vertex -8.899186938124423 -11.76704242001339 -6.88049304381024
      vertex -8.8690153642386 -13.764654629345058 -6.983780552031648
    endloop
  endfacet
  facet normal -0.7431448254773914 0.02335232139016337 -0.6687229900727718
    outer loop
      vertex -8.8690153642386 -13.764654629345058 -6.983780552031648
      vertex -8.899186938124423 -11.76704242001339 -6.88049304381024
      vertex -8.808672216466952 -11.763534085893816 -6.98095858825946
    endloop
  endfacet
  facet normal -0.7431448254773938 0.023352321390163574 -0.6687229900727687
    outer loop
      vertex -8.5 -11.751570007023933 -7.3235649810742425
      vertex -8.808672216466952 -11.763534085893816 -6.98095858825946
      vertex -8.5 -7.754006698947549 -7.183966994264238
    endloop
  endfacet
  facet normal -0.7431448254773938 0.02335232139016405 -0.6687229900727687
    outer loop
      vertex -8.899186938124423 -14.765214901070678 -6.985191533917743
      vertex -8.8690153642386 -13.764654629345058 -6.983780552031648
      vertex -7.360436669947441 -14.705573221037918 -8.693105789554474
    endloop
  endfacet
  facet normal -0.7431448254773941 0.023352321390163234 -0.6687229900727686
    outer loop
      vertex -8.8690153642386 -13.764654629345058 -6.983780552031648
      vertex -7.360436669947441 -13.706182394018821 -8.658206292851974
      vertex -7.360436669947441 -14.705573221037918 -8.693105789554474
    endloop
  endfacet
  facet normal -0.7431448254773941 0.023352321390163605 -0.6687229900727683
    outer loop
      vertex -8.8690153642386 -13.764654629345058 -6.983780552031648
      vertex -8.5 -11.751570007023933 -7.3235649810742425
      vertex -7.360436669947441 -11.70740073998063 -8.588407299446972
    endloop
  endfacet
  facet normal -0.7431448254773941 0.023352321390163255 -0.6687229900727686
    outer loop
      vertex -8.8690153642386 -13.764654629345058 -6.983780552031648
      vertex -7.360436669947441 -11.70740073998063 -8.588407299446972
      vertex -7.360436669947441 -13.706182394018821 -8.658206292851974
    endloop
  endfacet
  facet normal -2.9571720424764433e-16 -0.9993908270190958 -0.03489949670250109
    outer loop
      vertex -8.899186938124423 -14.765214901070678 -6.985191533917743
      vertex -7.360436669947441 -14.705573221037918 -8.693105789554474
      vertex -8.899186938124423 -15.216509909502197 5.938206632842713
    endloop
  endfacet
  facet normal 3.285410766127581e-15 -0.9993908270190957 -0.03489949670250082
    outer loop
      vertex -7.360436669947441 -14.705573221037918 -8.693105789554474
      vertex -7.767534539408416 -14.924046435393153 -2.4368514877452467
      vertex -8 -14.990862405286437 -0.5234924505375146
    endloop
  endfacet
  facet normal -1.5962851266205615e-15 -0.9993908270190958 -0.034899496702501094
    outer loop
      vertex -7.360436669947441 -14.705573221037918 -8.693105789554474
      vertex -7.08364820522568 -14.8611135668039 -4.239013052487588
      vertex -7.767534539408416 -14.924046435393153 -2.4368514877452467
    endloop
  endfacet
  facet normal 9.387406332007424e-17 -0.9993908270190958 -0.03489949670250119
    outer loop
      vertex -7.360436669947441 -14.705573221037918 -8.693105789554474
      vertex -5.988085985368808 -14.80572122908941 -5.825242065212472
      vertex -7.08364820522568 -14.8611135668039 -4.239013052487588
    endloop
  endfacet
  facet normal 0.9350162426854149 -0.012375532086031732 0.3543888713264522
    outer loop
      vertex -7.767534539408416 -14.924046435393153 -2.4368514877452467
      vertex -7.08364820522568 -14.8611135668039 -4.239013052487588
      vertex -7.767534539408416 -13.924655608374056 -2.4019519910427456
    endloop
  endfacet
  facet normal 0.9350162426854149 -0.012375532086031893 0.3543888713264523
    outer loop
      vertex -7.08364820522568 -14.8611135668039 -4.239013052487588
      vertex -7.08364820522568 -13.861722739784803 -4.204113555785087
      vertex -7.767534539408416 -13.924655608374056 -2.4019519910427456
    endloop
  endfacet
  facet normal 3.9925349109501283e-16 -0.9993908270190958 -0.03489949670250101
    outer loop
      vertex -10.049000034068609 -14.834718459814525 -4.9948700216649575
      vertex -8.899186938124423 -14.765214901070678 -6.985191533917743
      vertex -10.049000034068609 -15.14700635075835 3.947885120589928
    endloop
  endfacet
  facet normal -0.8660254037844389 -0.017449748351250533 0.4996954135095472
    outer loop
      vertex -10.049000034068609 -15.14700635075835 3.947885120589928
      vertex -8.899186938124423 -15.216509909502197 5.938206632842713
      vertex -10.049000034068609 -14.147615523739253 3.9827846172924293
    endloop
  endfacet
  facet normal -0.8660254037844389 -0.01744974835125075 0.4996954135095471
    outer loop
      vertex -8.899186938124423 -15.216509909502197 5.938206632842713
      vertex -8.899186938124423 -14.2171190824831 5.973106129545215
      vertex -10.049000034068609 -14.147615523739253 3.9827846172924293
    endloop
  endfacet
  facet normal -0.866025403784439 -0.01744974835125032 0.4996954135095472
    outer loop
      vertex -10.049000034068609 -14.147615523739253 3.9827846172924293
      vertex -8.899186938124423 -14.2171190824831 5.973106129545215
      vertex -10.049000034068609 -12.148833869701061 4.052583610697431
    endloop
  endfacet
  facet normal -0.866025403784439 -0.017449748351250263 0.4996954135095471
    outer loop
      vertex -10.049000034068609 -12.148833869701061 4.052583610697431
      vertex -8.899186938124423 -14.2171190824831 5.973106129545215
      vertex -8.899186938124423 -12.218337428444908 6.042905122950216
    endloop
  endfacet
  facet normal 0.992708874098054 -0.004206669475101081 0.12046325256650374
    outer loop
      vertex -7.767534539408416 -14.924046435393153 -2.4368514877452467
      vertex -7.767534539408416 -13.924655608374056 -2.4019519910427456
      vertex -8 -13.99147157826734 -0.48859295383501355
    endloop
  endfacet
  facet normal 0.992708874098054 -0.004206669475101065 0.1204632525665037
    outer loop
      vertex -7.767534539408416 -14.924046435393153 -2.4368514877452467
      vertex -8 -13.99147157826734 -0.48859295383501355
      vertex -8 -14.990862405286437 -0.5234924505375146
    endloop
  endfacet
  facet normal 0.992708874098054 0.004206669475101068 -0.12046325256650374
    outer loop
      vertex -8 -14.990862405286437 -0.5234924505375146
      vertex -8 -13.99147157826734 -0.48859295383501355
      vertex -7.767534539408416 -14.058287548160624 1.4247660833727185
    endloop
  endfacet
  facet normal 0.992708874098054 0.004206669475101067 -0.12046325256650374
    outer loop
      vertex -8 -14.990862405286437 -0.5234924505375146
      vertex -7.767534539408416 -14.058287548160624 1.4247660833727185
      vertex -7.767534539408416 -15.057678375179721 1.3898665866702173
    endloop
  endfacet
  facet normal 2.6816317927857943e-15 -0.9993908270190958 -0.034899496702501503
    outer loop
      vertex -8 -13.99147157826734 -0.48859295383501355
      vertex -7.08364820522568 -14.121220416749878 3.22692764811506
      vertex -7.767534539408416 -14.058287548160624 1.4247660833727185
    endloop
  endfacet
  facet normal 9.115356437001292e-16 -0.9993908270190959 -0.03489949670250108
    outer loop
      vertex -7.767534539408416 -13.924655608374056 -2.4019519910427456
      vertex -7.08364820522568 -14.121220416749878 3.22692764811506
      vertex -8 -13.99147157826734 -0.48859295383501355
    endloop
  endfacet
  facet normal 6.23635300647857e-17 0.9993908270190958 0.03489949670250118
    outer loop
      vertex -7.767534539408416 -11.925873954335865 -2.3321529976377438
      vertex -8 -11.992689924229149 -0.4187939604300116
      vertex -7.767534539408416 -12.059505894122433 1.4945650767777203
    endloop
  endfacet
  facet normal -9.278994640663055e-16 -0.9993908270190958 -0.03489949670250085
    outer loop
      vertex -7.767534539408416 -13.924655608374056 -2.4019519910427456
      vertex -7.08364820522568 -13.861722739784803 -4.204113555785087
      vertex -7.08364820522568 -14.121220416749878 3.22692764811506
    endloop
  endfacet
  facet normal 1.82307128740026e-15 0.9993908270190957 0.03489949670250118
    outer loop
      vertex -7.767534539408416 -11.925873954335865 -2.3321529976377438
      vertex -7.767534539408416 -12.059505894122433 1.4945650767777203
      vertex -7.08364820522568 -11.86294108574661 -4.134314562380085
    endloop
  endfacet
  facet normal -9.606488569157043e-16 0.9993908270190958 0.034899496702500844
    outer loop
      vertex -7.08364820522568 -11.86294108574661 -4.134314562380085
      vertex -7.767534539408416 -12.059505894122433 1.4945650767777203
      vertex -7.08364820522568 -12.122438762711687 3.296726641520062
    endloop
  endfacet
  facet normal 0.9350162426854149 0.012375532086031732 -0.3543888713264522
    outer loop
      vertex -7.767534539408416 -15.057678375179721 1.3898665866702173
      vertex -7.767534539408416 -14.058287548160624 1.4247660833727185
      vertex -7.08364820522568 -14.121220416749878 3.22692764811506
    endloop
  endfacet
  facet normal 0.9350162426854149 0.01237553208603175 -0.3543888713264522
    outer loop
      vertex -7.767534539408416 -15.057678375179721 1.3898665866702173
      vertex -7.08364820522568 -14.121220416749878 3.22692764811506
      vertex -7.08364820522568 -15.120611243768975 3.192028151412559
    endloop
  endfacet
  facet normal -0.9510565162951534 -0.01078453757620526 0.3088287495713346
    outer loop
      vertex -10.759623608071863 -12.072506071278312 1.8668414425362778
      vertex -10.049000034068609 -12.148833869701061 4.052583610697431
      vertex -10.759623608071863 12.391206750813248 2.7211331189088503
    endloop
  endfacet
  facet normal -0.9945218953682734 -0.0036479907591269577 0.10446478735209513
    outer loop
      vertex -11 -11.992689924229149 -0.4187939604300116
      vertex -10.759623608071863 -12.072506071278312 1.8668414425362778
      vertex -11 17.989034886343724 0.6281909406450175
    endloop
  endfacet
  facet normal -0.9510565162951533 0.01078453757620526 -0.3088287495713345
    outer loop
      vertex -10.759623608071863 -11.912873777179986 -2.704429363396301
      vertex -10.049000034068609 36.13421371815936 -3.2149956898374077
      vertex -10.049000034068609 -11.836545978757236 -4.8901715315574545
    endloop
  endfacet
  facet normal -0.9510565162951534 -0.010784537576205264 0.30882874957133444
    outer loop
      vertex -10.049000034068609 -12.148833869701061 4.052583610697431
      vertex -10.049000034068609 7.0380305661650695 4.722603680931725
      vertex -10.759623608071863 12.391206750813248 2.7211331189088503
    endloop
  endfacet
  facet normal -0.9945218953682733 0.003647990759126957 -0.10446478735209515
    outer loop
      vertex -10.759623608071863 -11.912873777179986 -2.704429363396301
      vertex -11 -11.992689924229149 -0.4187939604300116
      vertex -10.759623608071863 36.05788591973661 -1.0292535216762544
    endloop
  endfacet
  facet normal -0.9945218953682734 -0.0036479907591269573 0.10446478735209512
    outer loop
      vertex -10.759623608071863 -12.072506071278312 1.8668414425362778
      vertex -10.759623608071863 12.391206750813248 2.7211331189088503
      vertex -11 17.989034886343724 0.6281909406450175
    endloop
  endfacet
  facet normal -0.743144825477393 0.023352321390163487 -0.6687229900727696
    outer loop
      vertex -8.808672216466952 -11.763534085893816 -6.98095858825946
      vertex -8.5 8.73594194686753 -6.608125298672972
      vertex -8.5 -7.754006698947549 -7.183966994264238
    endloop
  endfacet
  facet normal -0.7431448254773942 0.02335232139016345 -0.6687229900727684
    outer loop
      vertex -8.5 -7.754006698947549 -7.183966994264238
      vertex -8.5 8.73594194686753 -6.608125298672972
      vertex -7.360436669947441 -7.709837431904248 -8.448809312636968
    endloop
  endfacet
  facet normal -0.866025403784439 -0.017449748351250474 0.49969541350954716
    outer loop
      vertex -10.049000034068609 -12.148833869701061 4.052583610697431
      vertex -8.899186938124423 -12.218337428444908 6.042905122950216
      vertex -10.049000034068609 7.0380305661650695 4.722603680931725
    endloop
  endfacet
  facet normal 0.992708874098054 -0.004206669475101066 0.12046325256650373
    outer loop
      vertex -7.767534539408416 -11.925873954335865 -2.3321529976377438
      vertex -8 7.439370820086284 0.25978855357186736
      vertex -8 -11.992689924229149 -0.4187939604300116
    endloop
  endfacet
  facet normal -0.8660254037844389 0.01744974835125046 -0.4996954135095472
    outer loop
      vertex -10.049000034068609 -11.836545978757236 -4.8901715315574545
      vertex -8.899186938124423 36.203717276903205 -5.205317202090193
      vertex -8.899186938124423 -11.76704242001339 -6.88049304381024
    endloop
  endfacet
  facet normal -0.7431448254773912 0.023352321390163567 -0.6687229900727716
    outer loop
      vertex -8.899186938124423 -11.76704242001339 -6.88049304381024
      vertex -8.899186938124423 36.203717276903205 -5.205317202090193
      vertex -8.808672216466952 -11.763534085893816 -6.98095858825946
    endloop
  endfacet
  facet normal -0.7431448254773941 0.023352321390163435 -0.6687229900727683
    outer loop
      vertex -7.360436669947441 -7.709837431904248 -8.448809312636968
      vertex -8.5 8.73594194686753 -6.608125298672972
      vertex -7.360436669947441 8.780111213910834 -7.872967617045702
    endloop
  endfacet
  facet normal 0.8229838658936562 -0.019825173755351033 0.5677186970360433
    outer loop
      vertex -7.08364820522568 -11.86294108574661 -4.134314562380085
      vertex -7.003358109027522 -7.861318258235249 -4.110966002317044
      vertex -7.08364820522568 36.10781861116999 -2.4591387206600386
    endloop
  endfacet
  facet normal 0.992708874098054 0.004206669475101072 -0.12046325256650396
    outer loop
      vertex -8 -11.992689924229149 -0.4187939604300116
      vertex -8 7.439370820086284 0.25978855357186736
      vertex -7.957695088281644 7.01260590743875 0.593510261172897
    endloop
  endfacet
  facet normal 0.8229838658936554 0.01982517375535108 -0.5677186970360443
    outer loop
      vertex -7.08364820522568 -12.122438762711687 3.296726641520062
      vertex -6.71871246845309 19.59871527480452 4.93347670597474
      vertex -6.771757984558329 1.5183515348682106 4.225199950750539
    endloop
  endfacet
  facet normal 0.992708874098054 -0.004206669475101061 0.12046325256650373
    outer loop
      vertex -7.767534539408416 -11.925873954335865 -2.3321529976377438
      vertex -8 17.989034886343724 0.6281909406450175
      vertex -8 7.439370820086284 0.25978855357186736
    endloop
  endfacet
  facet normal 0.992708874098054 0.004206669475101066 -0.12046325256650375
    outer loop
      vertex -8 -11.992689924229149 -0.4187939604300116
      vertex -7.767534539408416 35.911253802794164 3.1697409184977667
      vertex -7.767534539408416 -12.059505894122433 1.4945650767777203
    endloop
  endfacet
  facet normal 0.9350162426854149 -0.012375532086031683 0.3543888713264522
    outer loop
      vertex -7.767534539408416 -11.925873954335865 -2.3321529976377438
      vertex -7.08364820522568 -11.86294108574661 -4.134314562380085
      vertex -7.767534539408416 36.04488574258073 -0.6569771559176971
    endloop
  endfacet
  facet normal 0.9350162426854149 0.012375532086031683 -0.35438887132645225
    outer loop
      vertex -7.767534539408416 -12.059505894122433 1.4945650767777203
      vertex -7.08364820522568 35.84832093420491 4.971902483240108
      vertex -7.08364820522568 -12.122438762711687 3.296726641520062
    endloop
  endfacet
  facet normal -0.20791169081775926 0.03413685896636838 -0.9775517396441022
    outer loop
      vertex -3.3991869381244215 -14.625757073988755 -10.978741192520763
      vertex -1.1498130959441881 -13.60968012857967 -11.421669608342683
      vertex -1.1498130959441881 -14.609070955598767 -11.456569105045183
    endloop
  endfacet
  facet normal -0.20791169081775923 0.03413685896636845 -0.9775517396441022
    outer loop
      vertex -3.3991869381244215 -11.627584592931466 -10.874042702413261
      vertex -1.1498130959441881 -11.610898474541479 -11.351870614937681
      vertex -1.1498130959441881 -13.60968012857967 -11.421669608342683
    endloop
  endfacet
  facet normal 0 0.034899496702500664 -0.9993908270190958
    outer loop
      vertex -1.1498130959441881 -14.609070955598767 -11.456569105045183
      vertex -1.1498130959441881 -13.60968012857967 -11.421669608342683
      vertex 1.1498130959441881 -14.609070955598767 -11.456569105045183
    endloop
  endfacet
  facet normal 1.5087003984350255e-17 0.03489949670250069 -0.9993908270190958
    outer loop
      vertex -1.1498130959441881 -13.60968012857967 -11.421669608342683
      vertex -1.1498130959441881 -11.610898474541479 -11.351870614937681
      vertex 1.1498130959441881 -14.609070955598767 -11.456569105045183
    endloop
  endfacet
  facet normal -0.5877852522924729 0.028234285927455482 -0.808524163080882
    outer loop
      vertex -7.360436669947441 -14.705573221037918 -8.693105789554474
      vertex -7.360436669947441 -13.706182394018821 -8.658206292851974
      vertex -5.5 -13.659009220307112 -10.009069243419454
    endloop
  endfacet
  facet normal -0.5877852522924729 0.02823428592745559 -0.8085241630808819
    outer loop
      vertex -7.360436669947441 -14.705573221037918 -8.693105789554474
      vertex -5.5 -13.659009220307112 -10.009069243419454
      vertex -5.5 -14.658400047326209 -10.043968740121954
    endloop
  endfacet
  facet normal -1.9677365842941972e-16 -0.9993908270190958 -0.03489949670250105
    outer loop
      vertex -7.360436669947441 -14.705573221037918 -8.693105789554474
      vertex -5.5 -14.658400047326209 -10.043968740121954
      vertex -5.988085985368808 -14.80572122908941 -5.825242065212472
    endloop
  endfacet
  facet normal -0.5877852522924729 0.028234285927455503 -0.8085241630808819
    outer loop
      vertex -7.360436669947441 -13.706182394018821 -8.658206292851974
      vertex -7.360436669947441 -11.70740073998063 -8.588407299446972
      vertex -5.5 -13.659009220307112 -10.009069243419454
    endloop
  endfacet
  facet normal -0.5877852522924729 0.028234285927455423 -0.8085241630808819
    outer loop
      vertex -7.360436669947441 -11.70740073998063 -8.588407299446972
      vertex -5.5 -11.66022756626892 -9.939270250014452
      vertex -5.5 -13.659009220307112 -10.009069243419454
    endloop
  endfacet
  facet normal -3.755195170980814e-16 -0.9993908270190958 -0.03489949670250108
    outer loop
      vertex -5.988085985368808 -14.80572122908941 -5.825242065212472
      vertex -5.5 -14.658400047326209 -10.043968740121954
      vertex -4.544517973849246 -14.7610886235747 -7.103352661408186
    endloop
  endfacet
  facet normal 0.8229838658936564 -0.019825173755351356 0.567718697036043
    outer loop
      vertex -5.988085985368808 -14.80572122908941 -5.825242065212472
      vertex -5.988085985368808 -13.806330402070314 -5.7903425685099705
      vertex -7.08364820522568 -13.861722739784803 -4.204113555785087
    endloop
  endfacet
  facet normal 0.8229838658936564 -0.019825173755351356 0.567718697036043
    outer loop
      vertex -7.08364820522568 -14.8611135668039 -4.239013052487588
      vertex -5.988085985368808 -14.80572122908941 -5.825242065212472
      vertex -7.08364820522568 -13.861722739784803 -4.204113555785087
    endloop
  endfacet
  facet normal 0.663122658240795 -0.026122648387584314 0.748054775647399
    outer loop
      vertex -5.988085985368808 -14.80572122908941 -5.825242065212472
      vertex -4.544517973849246 -14.7610886235747 -7.103352661408186
      vertex -5.988085985368808 -13.806330402070314 -5.7903425685099705
    endloop
  endfacet
  facet normal 0.8229838658936585 -0.019825173755350804 0.56771869703604
    outer loop
      vertex -5.988085985368808 -11.807548748032122 -5.720543575104969
      vertex -6.017512250350834 -7.918845844807069 -5.5420897870193855
      vertex -6.072360002280875 -8.12175125886273 -5.469666278609205
    endloop
  endfacet
  facet normal -0.40673664307580015 0.03188227668658241 -0.9129889504329771
    outer loop
      vertex -5.5 -14.658400047326209 -10.043968740121954
      vertex -5.5 -13.659009220307112 -10.009069243419454
      vertex -3.3991869381244215 -13.626366246969658 -10.943841695818262
    endloop
  endfacet
  facet normal -2.0399416731728224e-16 -0.9993908270190958 -0.03489949670250113
    outer loop
      vertex -5.5 -14.658400047326209 -10.043968740121954
      vertex -3.3991869381244215 -14.625757073988755 -10.978741192520763
      vertex -4.544517973849246 -14.7610886235747 -7.103352661408186
    endloop
  endfacet
  facet normal -0.4067366430758002 0.031882276686582445 -0.9129889504329772
    outer loop
      vertex -5.5 -13.659009220307112 -10.009069243419454
      vertex -5.5 -11.66022756626892 -9.939270250014452
      vertex -3.3991869381244215 -13.626366246969658 -10.943841695818262
    endloop
  endfacet
  facet normal -0.40673664307580015 0.03188227668658242 -0.9129889504329771
    outer loop
      vertex -5.5 -14.658400047326209 -10.043968740121954
      vertex -3.3991869381244215 -13.626366246969658 -10.943841695818262
      vertex -3.3991869381244215 -14.625757073988755 -10.978741192520763
    endloop
  endfacet
  facet normal 0.46472317204376873 -0.03090196964749432 0.8849166297666029
    outer loop
      vertex -4.544517973849246 -14.7610886235747 -7.103352661408186
      vertex -2.8368390963402854 -14.729809635059361 -7.999065698966829
      vertex -4.544517973849246 -13.761697796555604 -7.0684531647056845
    endloop
  endfacet
  facet normal 4.464352938730399e-16 -0.9993908270190958 -0.034899496702500934
    outer loop
      vertex -3.3991869381244215 -14.625757073988755 -10.978741192520763
      vertex -2.8368390963402854 -14.729809635059361 -7.999065698966829
      vertex -4.544517973849246 -14.7610886235747 -7.103352661408186
    endloop
  endfacet
  facet normal 0.4647231720437687 -0.03090196964749432 0.8849166297666029
    outer loop
      vertex -2.8368390963402854 -14.729809635059361 -7.999065698966829
      vertex -2.8368390963402854 -13.730418808040264 -7.964166202264328
      vertex -4.544517973849246 -13.761697796555604 -7.0684531647056845
    endloop
  endfacet
  facet normal -0.4067366430758001 0.031882276686582396 -0.9129889504329772
    outer loop
      vertex -5.5 -11.66022756626892 -9.939270250014452
      vertex -3.3991869381244215 -11.627584592931466 -10.874042702413261
      vertex -3.3991869381244215 -13.626366246969658 -10.943841695818262
    endloop
  endfacet
  facet normal 0.663122658240795 -0.026122648387584282 0.748054775647399
    outer loop
      vertex -5.988085985368808 -13.806330402070314 -5.7903425685099705
      vertex -4.544517973849246 -14.7610886235747 -7.103352661408186
      vertex -4.544517973849246 -13.761697796555604 -7.0684531647056845
    endloop
  endfacet
  facet normal -2.3972128848857607e-16 -0.9993908270190957 -0.03489949670250092
    outer loop
      vertex -5.988085985368808 -13.806330402070314 -5.7903425685099705
      vertex -4.544517973849246 -13.761697796555604 -7.0684531647056845
      vertex -4.401664203302126 -13.958819518110865 -1.4236256186848593
    endloop
  endfacet
  facet normal -6.719398287087638e-16 -0.9993908270190957 -0.03489949670250058
    outer loop
      vertex -4.544517973849246 -13.761697796555604 -7.0684531647056845
      vertex -2.25 -13.855464250010884 -4.383333254119558
      vertex -3.6405764746872635 -13.89916123563362 -3.1320153061269256
    endloop
  endfacet
  facet normal 9.530804888132548e-16 -0.9993908270190958 -0.03489949670250095
    outer loop
      vertex -4.544517973849246 -13.761697796555604 -7.0684531647056845
      vertex -3.6405764746872635 -13.89916123563362 -3.1320153061269256
      vertex -4.401664203302126 -13.958819518110865 -1.4236256186848593
    endloop
  endfacet
  facet normal -9.530804888132546e-16 0.9993908270190958 0.03489949670250094
    outer loop
      vertex -4.544517973849246 -11.762916142517412 -6.998654171300683
      vertex -4.401664203302126 -11.960037864072673 -1.3538266252798574
      vertex -3.6405764746872635 -11.900379581595429 -3.0622163127219233
    endloop
  endfacet
  facet normal 6.635405808499043e-16 0.9993908270190957 0.034899496702500574
    outer loop
      vertex -4.544517973849246 -11.762916142517412 -6.998654171300683
      vertex -3.6405764746872635 -11.900379581595429 -3.0622163127219233
      vertex -2.25 -11.856682595972693 -4.3135342607145555
    endloop
  endfacet
  facet normal 4.2502976334577053e-16 -0.9993908270190958 -0.03489949670250097
    outer loop
      vertex -7.08364820522568 -13.861722739784803 -4.204113555785087
      vertex -5.988085985368808 -13.806330402070314 -5.7903425685099705
      vertex -5.988085985368808 -14.176612754464367 4.813156660839944
    endloop
  endfacet
  facet normal -5.996689309702062e-16 -0.9993908270190958 -0.034899496702500844
    outer loop
      vertex -7.08364820522568 -13.861722739784803 -4.204113555785087
      vertex -5.988085985368808 -14.176612754464367 4.813156660839944
      vertex -7.08364820522568 -14.121220416749878 3.22692764811506
    endloop
  endfacet
  facet normal -6.064833506403221e-16 0.9993908270190958 0.034899496702500844
    outer loop
      vertex -7.08364820522568 -11.86294108574661 -4.134314562380085
      vertex -7.08364820522568 -12.122438762711687 3.296726641520062
      vertex -5.988085985368808 -11.807548748032122 -5.720543575104969
    endloop
  endfacet
  facet normal 4.202541480272787e-16 0.9993908270190958 0.03489949670250097
    outer loop
      vertex -5.988085985368808 -11.807548748032122 -5.720543575104969
      vertex -7.08364820522568 -12.122438762711687 3.296726641520062
      vertex -5.988085985368808 -12.177831100426175 4.882955654244945
    endloop
  endfacet
  facet normal 2.863229931273929e-16 0.9993908270190957 0.03489949670250097
    outer loop
      vertex -5.988085985368808 -11.807548748032122 -5.720543575104969
      vertex -5.988085985368808 -12.177831100426175 4.882955654244945
      vertex -4.544517973849246 -11.762916142517412 -6.998654171300683
    endloop
  endfacet
  facet normal 0.8229838658936564 0.019825173755351103 -0.567718697036043
    outer loop
      vertex -7.08364820522568 -15.120611243768975 3.192028151412559
      vertex -7.08364820522568 -14.121220416749878 3.22692764811506
      vertex -5.988085985368808 -14.176612754464367 4.813156660839944
    endloop
  endfacet
  facet normal 0.8229838658936564 0.019825173755351404 -0.567718697036043
    outer loop
      vertex -7.08364820522568 -15.120611243768975 3.192028151412559
      vertex -5.988085985368808 -14.176612754464367 4.813156660839944
      vertex -5.988085985368808 -15.176003581483464 4.778257164137442
    endloop
  endfacet
  facet normal 2.3195786785003984e-16 -0.9993908270190957 -0.03489949670250097
    outer loop
      vertex -5.988085985368808 -13.806330402070314 -5.7903425685099705
      vertex -4.544517973849246 -14.221245359979077 6.091267257035658
      vertex -5.988085985368808 -14.176612754464367 4.813156660839944
    endloop
  endfacet
  facet normal 0.663122658240795 0.026122648387584314 -0.748054775647399
    outer loop
      vertex -5.988085985368808 -15.176003581483464 4.778257164137442
      vertex -5.988085985368808 -14.176612754464367 4.813156660839944
      vertex -4.544517973849246 -14.221245359979077 6.091267257035658
    endloop
  endfacet
  facet normal 0.8229838658936562 0.01982517375535105 -0.5677186970360432
    outer loop
      vertex -7.08364820522568 -12.122438762711687 3.296726641520062
      vertex -5.988085985368808 -0.4606464331719595 5.292128759102371
      vertex -5.988085985368808 -12.177831100426175 4.882955654244945
    endloop
  endfacet
  facet normal -5.609981187673068e-16 -0.9993908270190958 -0.03489949670250081
    outer loop
      vertex -5.988085985368808 -13.806330402070314 -5.7903425685099705
      vertex -4.401664203302126 -13.958819518110865 -1.4236256186848593
      vertex -4.401664203302126 -14.024123638423816 0.44643971101483215
    endloop
  endfacet
  facet normal 1 0 0
    outer loop
      vertex -4.401664203302126 -13.958819518110865 -1.4236256186848593
      vertex -4.401664203302126 -11.960037864072673 -1.3538266252798574
      vertex -4.401664203302126 -14.024123638423816 0.44643971101483215
    endloop
  endfacet
  facet normal -9.015184745037785e-17 -0.9993908270190958 -0.034899496702500934
    outer loop
      vertex -5.988085985368808 -13.806330402070314 -5.7903425685099705
      vertex -4.401664203302126 -14.024123638423816 0.44643971101483215
      vertex -4.544517973849246 -14.221245359979077 6.091267257035658
    endloop
  endfacet
  facet normal -9.015184745037785e-17 0.9993908270190958 0.034899496702500934
    outer loop
      vertex -5.988085985368808 -12.177831100426175 4.882955654244945
      vertex -4.401664203302126 -11.960037864072673 -1.3538266252798574
      vertex -4.544517973849246 -11.762916142517412 -6.998654171300683
    endloop
  endfacet
  facet normal -5.609981187673068e-16 0.9993908270190958 0.03489949670250081
    outer loop
      vertex -5.988085985368808 -12.177831100426175 4.882955654244945
      vertex -4.401664203302126 -12.025341984385625 0.5162387044198341
      vertex -4.401664203302126 -11.960037864072673 -1.3538266252798574
    endloop
  endfacet
  facet normal 1 0 0
    outer loop
      vertex -4.401664203302126 -11.960037864072673 -1.3538266252798574
      vertex -4.401664203302126 -12.025341984385625 0.5162387044198341
      vertex -4.401664203302126 -14.024123638423816 0.44643971101483215
    endloop
  endfacet
  facet normal 0.913545457642601 -0.014194904133810261 0.40648887010249474
    outer loop
      vertex -4.401664203302126 -13.958819518110865 -1.4236256186848593
      vertex -3.6405764746872635 -13.89916123563362 -3.1320153061269256
      vertex -3.6405764746872635 -11.900379581595429 -3.0622163127219233
    endloop
  endfacet
  facet normal 0.9135454576426009 0.014194904133810204 -0.40648887010249474
    outer loop
      vertex -4.401664203302126 -14.024123638423816 0.44643971101483215
      vertex -4.401664203302126 -12.025341984385625 0.5162387044198341
      vertex -3.6405764746872635 -14.08378192090106 2.154829398456898
    endloop
  endfacet
  facet normal 0.9135454576426009 -0.014194904133810181 0.40648887010249474
    outer loop
      vertex -4.401664203302126 -13.958819518110865 -1.4236256186848593
      vertex -3.6405764746872635 -11.900379581595429 -3.0622163127219233
      vertex -4.401664203302126 -11.960037864072673 -1.3538266252798574
    endloop
  endfacet
  facet normal 0.663122658240795 0.026122648387584282 -0.748054775647399
    outer loop
      vertex -5.988085985368808 -15.176003581483464 4.778257164137442
      vertex -4.544517973849246 -14.221245359979077 6.091267257035658
      vertex -4.544517973849246 -15.220636186998174 6.056367760333156
    endloop
  endfacet
  facet normal -2.3972128848857607e-16 0.9993908270190957 0.03489949670250092
    outer loop
      vertex -5.988085985368808 -12.177831100426175 4.882955654244945
      vertex -4.544517973849246 -12.222463705940886 6.161066250440659
      vertex -4.401664203302126 -12.025341984385625 0.5162387044198341
    endloop
  endfacet
  facet normal -9.652994694390657e-16 -0.9993908270190958 -0.03489949670250094
    outer loop
      vertex -4.401664203302126 -14.024123638423816 0.44643971101483215
      vertex -3.6405764746872635 -14.08378192090106 2.154829398456898
      vertex -4.544517973849246 -14.221245359979077 6.091267257035658
    endloop
  endfacet
  facet normal 6.635405808499043e-16 -0.9993908270190957 -0.034899496702500574
    outer loop
      vertex -4.544517973849246 -14.221245359979077 6.091267257035658
      vertex -3.6405764746872635 -14.08378192090106 2.154829398456898
      vertex -2.25 -14.127478906523796 3.40614734644953
    endloop
  endfacet
  facet normal 0.913545457642601 0.014194904133810261 -0.40648887010249474
    outer loop
      vertex -4.401664203302126 -12.025341984385625 0.5162387044198341
      vertex -3.6405764746872635 -12.085000266862869 2.2246283918619003
      vertex -3.6405764746872635 -14.08378192090106 2.154829398456898
    endloop
  endfacet
  facet normal 9.40861508187444e-16 0.9993908270190958 0.03489949670250095
    outer loop
      vertex -4.401664203302126 -12.025341984385625 0.5162387044198341
      vertex -4.544517973849246 -12.222463705940886 6.161066250440659
      vertex -3.6405764746872635 -12.085000266862869 2.2246283918619003
    endloop
  endfacet
  facet normal -6.719398287087638e-16 0.9993908270190957 0.03489949670250058
    outer loop
      vertex -4.544517973849246 -12.222463705940886 6.161066250440659
      vertex -2.25 -12.128697252485605 3.4759463398545325
      vertex -3.6405764746872635 -12.085000266862869 2.2246283918619003
    endloop
  endfacet
  facet normal -0.20791169081775923 0.03413685896636838 -0.9775517396441022
    outer loop
      vertex -3.3991869381244215 -14.625757073988755 -10.978741192520763
      vertex -3.3991869381244215 -13.626366246969658 -10.943841695818262
      vertex -1.1498130959441881 -13.60968012857967 -11.421669608342683
    endloop
  endfacet
  facet normal -0.20791169081775923 0.034136858966368415 -0.9775517396441022
    outer loop
      vertex -3.3991869381244215 -13.626366246969658 -10.943841695818262
      vertex -3.3991869381244215 -11.627584592931466 -10.874042702413261
      vertex -1.1498130959441881 -13.60968012857967 -11.421669608342683
    endloop
  endfacet
  facet normal -2.7455716185478257e-16 -0.9993908270190957 -0.0348994967025008
    outer loop
      vertex -3.3991869381244215 -14.625757073988755 -10.978741192520763
      vertex -1.1498130959441881 -14.609070955598767 -11.456569105045183
      vertex -2.8368390963402854 -14.729809635059361 -7.999065698966829
    endloop
  endfacet
  facet normal 0.23931566428755705 -0.033885380755581375 0.9703503459048461
    outer loop
      vertex -2.8368390963402854 -14.729809635059361 -7.999065698966829
      vertex -0.9642934420425839 -14.71370208466141 -8.46032559192991
      vertex -2.8368390963402854 -13.730418808040264 -7.964166202264328
    endloop
  endfacet
  facet normal 2.297439537376955e-16 -0.9993908270190957 -0.034899496702501344
    outer loop
      vertex -4.544517973849246 -13.761697796555604 -7.0684531647056845
      vertex -2.8368390963402854 -13.730418808040264 -7.964166202264328
      vertex -2.25 -13.855464250010884 -4.383333254119558
    endloop
  endfacet
  facet normal 0.669130606358858 -0.02593538038622911 0.7426921217288147
    outer loop
      vertex -3.6405764746872635 -13.89916123563362 -3.1320153061269256
      vertex -2.25 -13.855464250010884 -4.383333254119558
      vertex -3.6405764746872635 -11.900379581595429 -3.0622163127219233
    endloop
  endfacet
  facet normal -2.339211165329263e-16 0.9993908270190957 0.034899496702501344
    outer loop
      vertex -4.544517973849246 -11.762916142517412 -6.998654171300683
      vertex -2.25 -11.856682595972693 -4.3135342607145555
      vertex -2.8368390963402854 -11.731637154002073 -7.894367208859326
    endloop
  endfacet
  facet normal 0.6691306063588581 -0.02593538038622914 0.7426921217288147
    outer loop
      vertex -3.6405764746872635 -11.900379581595429 -3.0622163127219233
      vertex -2.25 -13.855464250010884 -4.383333254119558
      vertex -2.25 -11.856682595972693 -4.3135342607145555
    endloop
  endfacet
  facet normal 6.860633530345438e-16 -0.9993908270190957 -0.03489949670250142
    outer loop
      vertex -2.8368390963402854 -13.730418808040264 -7.964166202264328
      vertex -0.47037808470444065 -13.835284167031475 -4.961215221588151
      vertex -2.25 -13.855464250010884 -4.383333254119558
    endloop
  endfacet
  facet normal 5.596675304529842e-16 0.9993908270190957 0.03489949670250121
    outer loop
      vertex -2.8368390963402854 -11.731637154002073 -7.894367208859326
      vertex -2.25 -11.856682595972693 -4.3135342607145555
      vertex -0.9642934420425839 -11.715529603604121 -8.355627101822408
    endloop
  endfacet
  facet normal -4.577518266585752e-16 -0.9993908270190957 -0.03489949670250089
    outer loop
      vertex -1.1498130959441881 -14.609070955598767 -11.456569105045183
      vertex -0.9642934420425839 -14.71370208466141 -8.46032559192991
      vertex -2.8368390963402854 -14.729809635059361 -7.999065698966829
    endloop
  endfacet
  facet normal 0.23931566428755746 -0.033885380755580514 0.970350345904846
    outer loop
      vertex -2.8368390963402854 -13.730418808040264 -7.964166202264328
      vertex -0.9642934420425839 -14.71370208466141 -8.46032559192991
      vertex -0.9642934420425839 -13.714311257642313 -8.42542609522741
    endloop
  endfacet
  facet normal -4.017422755369635e-16 -0.9993908270190957 -0.03489949670250057
    outer loop
      vertex -2.8368390963402854 -13.730418808040264 -7.964166202264328
      vertex -0.9642934420425839 -13.714311257642313 -8.42542609522741
      vertex -0.47037808470444065 -13.835284167031475 -4.961215221588151
    endloop
  endfacet
  facet normal 0 -0.9993908270190957 -0.03489949670250093
    outer loop
      vertex -1.1498130959441881 -14.609070955598767 -11.456569105045183
      vertex 1.1498130959441881 -14.609070955598767 -11.456569105045183
      vertex -0.9642934420425839 -14.71370208466141 -8.46032559192991
    endloop
  endfacet
  facet normal 0 -0.034899496702500664 0.9993908270190958
    outer loop
      vertex -0.9642934420425839 -14.71370208466141 -8.46032559192991
      vertex 0.9642934420425839 -14.71370208466141 -8.46032559192991
      vertex -0.9642934420425839 -13.714311257642313 -8.42542609522741
    endloop
  endfacet
  facet normal 0 0.9993908270190958 0.03489949670250063
    outer loop
      vertex -0.9642934420425839 -11.715529603604121 -8.355627101822408
      vertex -0.47037808470444054 -11.836502512993283 -4.891416228183149
      vertex 0.9642934420425839 -11.715529603604121 -8.355627101822408
    endloop
  endfacet
  facet normal 0.30901699437494706 -0.033191393754334934 0.9504771583621137
    outer loop
      vertex -2.25 -13.855464250010884 -4.383333254119558
      vertex -0.47037808470444065 -13.835284167031475 -4.961215221588151
      vertex -2.25 -11.856682595972693 -4.3135342607145555
    endloop
  endfacet
  facet normal -8.85860776825886e-16 0.9993908270190958 0.03489949670250075
    outer loop
      vertex -2.25 -11.856682595972693 -4.3135342607145555
      vertex -0.47037808470444054 -11.836502512993283 -4.891416228183149
      vertex -0.9642934420425839 -11.715529603604121 -8.355627101822408
    endloop
  endfacet
  facet normal 0.3090169943749475 -0.0331913937543345 0.9504771583621136
    outer loop
      vertex -2.25 -11.856682595972693 -4.3135342607145555
      vertex -0.47037808470444065 -13.835284167031475 -4.961215221588151
      vertex -0.47037808470444054 -11.836502512993283 -4.891416228183149
    endloop
  endfacet
  facet normal -6.726970726007944e-16 -0.9993908270190958 -0.034899496702500525
    outer loop
      vertex -0.9642934420425839 -13.714311257642313 -8.42542609522741
      vertex 1.3905764746872633 -13.842110306372835 -4.765740166464524
      vertex -0.47037808470444065 -13.835284167031475 -4.961215221588151
    endloop
  endfacet
  facet normal 0.6691306063588581 0.02593538038622914 -0.7426921217288147
    outer loop
      vertex -3.6405764746872635 -14.08378192090106 2.154829398456898
      vertex -2.25 -12.128697252485605 3.4759463398545325
      vertex -2.25 -14.127478906523796 3.40614734644953
    endloop
  endfacet
  facet normal -2.339211165329263e-16 -0.9993908270190957 -0.034899496702501344
    outer loop
      vertex -4.544517973849246 -14.221245359979077 6.091267257035658
      vertex -2.25 -14.127478906523796 3.40614734644953
      vertex -2.8368390963402854 -14.252524348494417 6.986980294594301
    endloop
  endfacet
  facet normal 0.669130606358858 0.02593538038622911 -0.7426921217288147
    outer loop
      vertex -3.6405764746872635 -14.08378192090106 2.154829398456898
      vertex -3.6405764746872635 -12.085000266862869 2.2246283918619003
      vertex -2.25 -12.128697252485605 3.4759463398545325
    endloop
  endfacet
  facet normal 2.297439537376955e-16 0.9993908270190957 0.034899496702501344
    outer loop
      vertex -4.544517973849246 -12.222463705940886 6.161066250440659
      vertex -2.8368390963402854 -12.253742694456225 7.056779287999302
      vertex -2.25 -12.128697252485605 3.4759463398545325
    endloop
  endfacet
  facet normal 6.839968971519096e-16 0.9993908270190957 0.03489949670250142
    outer loop
      vertex -2.25 -12.128697252485605 3.4759463398545325
      vertex -2.8368390963402854 -12.253742694456225 7.056779287999302
      vertex -0.47037808470444065 -12.148877335465015 4.053828307323125
    endloop
  endfacet
  facet normal -8.880109243424536e-16 -0.9993908270190958 -0.03489949670250074
    outer loop
      vertex -2.25 -14.127478906523796 3.40614734644953
      vertex -0.47037808470444054 -14.147658989503206 3.984029313918124
      vertex -0.964293442042582 -14.268631898892368 7.448240187557384
    endloop
  endfacet
  facet normal 0.3090169943749475 0.0331913937543345 -0.9504771583621136
    outer loop
      vertex -2.25 -14.127478906523796 3.40614734644953
      vertex -0.47037808470444065 -12.148877335465015 4.053828307323125
      vertex -0.47037808470444054 -14.147658989503206 3.984029313918124
    endloop
  endfacet
  facet normal 0.309016994374947 0.033191393754334934 -0.9504771583621137
    outer loop
      vertex -2.25 -14.127478906523796 3.40614734644953
      vertex -2.25 -12.128697252485605 3.4759463398545325
      vertex -0.47037808470444065 -12.148877335465015 4.053828307323125
    endloop
  endfacet
  facet normal -6.781572761121645e-16 0.9993908270190958 0.03489949670250052
    outer loop
      vertex -0.47037808470444065 -12.148877335465015 4.053828307323125
      vertex -0.964293442042582 -12.269850244854176 7.518039180962385
      vertex 1.3905764746872633 -12.142051196123655 3.858353252199499
    endloop
  endfacet
  facet normal 0.6631226582407952 -0.026122648387583998 0.748054775647399
    outer loop
      vertex -5.988085985368808 -11.807548748032122 -5.720543575104969
      vertex -4.544517973849246 -11.762916142517412 -6.998654171300683
      vertex -5.5 10.459172796301683 -5.375642546492802
    endloop
  endfacet
  facet normal -0.5877852522924729 0.02823428592745572 -0.8085241630808819
    outer loop
      vertex -7.360436669947441 -7.709837431904248 -8.448809312636968
      vertex -7.360436669947441 8.780111213910834 -7.872967617045702
      vertex -5.5 -7.662664258192538 -9.799672263204448
    endloop
  endfacet
  facet normal 0.8229838658936518 -0.019825173755351283 0.5677186970360495
    outer loop
      vertex -5.988085985368808 -11.807548748032122 -5.720543575104969
      vertex -5.988085985368808 10.513135148572008 -4.941088117853489
      vertex -6.017512250350834 -7.918845844807069 -5.5420897870193855
    endloop
  endfacet
  facet normal 0.822983865893867 -0.019825173755341475 0.5677186970357381
    outer loop
      vertex -6.017512250350834 -7.918845844807069 -5.5420897870193855
      vertex -5.988085985368808 10.513135148572008 -4.941088117853489
      vertex -6.018324440453638 -7.811514315893286 -5.537164309709252
    endloop
  endfacet
  facet normal 0.8229838658936562 -0.019825173755351026 0.5677186970360432
    outer loop
      vertex -7.003358109027522 -7.861318258235249 -4.110966002317044
      vertex -6.018324440453638 -7.811514315893286 -5.537164309709252
      vertex -6.156388611496549 10.433769042149892 -4.6998825705366905
    endloop
  endfacet
  facet normal -0.4067366430758002 0.031882276686582646 -0.9129889504329772
    outer loop
      vertex -5.5 -7.662664258192538 -9.799672263204448
      vertex -5.5 8.827284387622543 -9.223830567613183
      vertex -3.3991869381244215 -7.630021284855084 -10.734444715603257
    endloop
  endfacet
  facet normal 0.46472317204376884 -0.030901969647493897 0.8849166297666029
    outer loop
      vertex -4.544517973849246 -11.762916142517412 -6.998654171300683
      vertex -2.931721134290967 -7.957924344234919 -7.712757964613811
      vertex -4.544517973849246 10.733430907129167 -6.2130644215736135
    endloop
  endfacet
  facet normal 0.6631226582407945 0.026122648387583998 -0.7480547756473993
    outer loop
      vertex -5.988085985368808 -12.177831100426175 4.882955654244945
      vertex -5.5 -1.4090764015778392 5.691678876571054
      vertex -5.022258986924623 -2.147456739806744 6.089393656657653
    endloop
  endfacet
  facet normal 0.6631226582407953 0.02612264838758391 -0.7480547756473988
    outer loop
      vertex -5.988085985368808 -12.177831100426175 4.882955654244945
      vertex -5.988085985368808 -0.4606464331719595 5.292128759102371
      vertex -5.5 -1.4090764015778392 5.691678876571054
    endloop
  endfacet
  facet normal 0.8229838658936567 0.019825173755350943 -0.5677186970360427
    outer loop
      vertex -7.08364820522568 -12.122438762711687 3.296726641520062
      vertex -6.771757984558329 1.5183515348682106 4.225199950750539
      vertex -5.988085985368808 -0.4606464331719595 5.292128759102371
    endloop
  endfacet
  facet normal -0.5877852522924731 0.028234285927455676 -0.8085241630808818
    outer loop
      vertex -5.5 -7.662664258192538 -9.799672263204448
      vertex -7.360436669947441 8.780111213910834 -7.872967617045702
      vertex -5.5 8.827284387622543 -9.223830567613183
    endloop
  endfacet
  facet normal 0.6631226582407934 -0.026122648387583977 0.7480547756474003
    outer loop
      vertex -5.988085985368808 -11.807548748032122 -5.720543575104969
      vertex -5.5 10.459172796301683 -5.375642546492802
      vertex -5.988085985368808 10.513135148572008 -4.941088117853489
    endloop
  endfacet
  facet normal 0.8229838658936556 -0.01982517375535108 0.5677186970360442
    outer loop
      vertex -6.018324440453638 -7.811514315893286 -5.537164309709252
      vertex -5.988085985368808 10.513135148572008 -4.941088117853489
      vertex -6.156388611496549 10.433769042149892 -4.6998825705366905
    endloop
  endfacet
  facet normal 0.8229838658936567 -0.01982517375535105 0.5677186970360424
    outer loop
      vertex -7.003358109027522 -7.861318258235249 -4.110966002317044
      vertex -6.323164891307978 11.43792558667026 -4.423052220767035
      vertex -6.639620127319597 10.267221620992313 -4.00519009077552
    endloop
  endfacet
  facet normal 0.822983865893656 -0.01982517375535101 0.5677186970360434
    outer loop
      vertex -7.003358109027522 -7.861318258235249 -4.110966002317044
      vertex -6.156388611496549 10.433769042149892 -4.6998825705366905
      vertex -6.323164891307978 11.43792558667026 -4.423052220767035
    endloop
  endfacet
  facet normal -0.40673664307580015 0.031882276686582646 -0.9129889504329772
    outer loop
      vertex -3.3991869381244215 -7.630021284855084 -10.734444715603257
      vertex -5.5 8.827284387622543 -9.223830567613183
      vertex -3.3991869381244215 8.859927360959997 -10.158603020011991
    endloop
  endfacet
  facet normal 0.6631226582407954 -0.026122648387583942 0.7480547756473984
    outer loop
      vertex -4.544517973849246 -11.762916142517412 -6.998654171300683
      vertex -4.544517973849246 10.733430907129167 -6.2130644215736135
      vertex -5.5 10.459172796301683 -5.375642546492802
    endloop
  endfacet
  facet normal 0.4647231720437684 -0.03090196964749396 0.8849166297666032
    outer loop
      vertex -2.931721134290967 -7.957924344234919 -7.712757964613811
      vertex -3.3991869381244215 10.634442874641229 -6.818003665713271
      vertex -4.544517973849246 10.733430907129167 -6.2130644215736135
    endloop
  endfacet
  facet normal 0.2393156642875575 -0.03388538075558086 0.9703503459048461
    outer loop
      vertex -2.8368390963402854 -11.731637154002073 -7.894367208859326
      vertex -0.9642934420425839 -11.715529603604121 -8.355627101822408
      vertex -2.8189074429717227 8.968839615558613 -7.175913080859961
    endloop
  endfacet
  facet normal -0.20791169081776023 0.03413685896636862 -0.9775517396441021
    outer loop
      vertex -3.3991869381244215 -7.630021284855084 -10.734444715603257
      vertex -2.5 8.866597634892646 -10.349614673813731
      vertex -2.5 -7.623351010922436 -10.925456369404996
    endloop
  endfacet
  facet normal 0.46472317204376906 -0.03090196964749384 0.8849166297666028
    outer loop
      vertex -2.8368390963402854 -11.731637154002073 -7.894367208859326
      vertex -2.8368390963402854 10.770767341310231 -7.108565928468456
      vertex -2.931721134290967 -7.957924344234919 -7.712757964613811
    endloop
  endfacet
  facet normal -0.20791169081776023 0.03413685896636862 -0.977551739644102
    outer loop
      vertex -3.3991869381244215 -7.630021284855084 -10.734444715603257
      vertex -3.3991869381244215 8.859927360959997 -10.158603020011991
      vertex -2.5 8.866597634892646 -10.349614673813731
    endloop
  endfacet
  facet normal 0.23931566428753331 -0.03388538075558105 0.9703503459048519
    outer loop
      vertex -2.8368390963402854 -11.731637154002073 -7.894367208859326
      vertex -2.8189074429717227 8.968839615558613 -7.175913080859961
      vertex -2.8368390963402854 10.770767341310231 -7.108565928468456
    endloop
  endfacet
  facet normal 0.2393156642875693 -0.03388538075557974 0.9703503459048433
    outer loop
      vertex -0.9642934420425839 -11.715529603604121 -8.355627101822408
      vertex -2.7431091222190997 9.869056404012673 -7.163170813895543
      vertex -2.8189074429717227 8.968839615558613 -7.175913080859961
    endloop
  endfacet
  facet normal 0.46472317204377106 -0.030901969647493817 0.8849166297666018
    outer loop
      vertex -2.931721134290967 -7.957924344234919 -7.712757964613811
      vertex -2.8368390963402854 10.770767341310231 -7.108565928468456
      vertex -3.3991869381244215 10.634442874641229 -6.818003665713271
    endloop
  endfacet
  facet normal -0.743144825477394 -0.023352321390163848 0.6687229900727686
    outer loop
      vertex -8.899186938124423 -15.216509909502197 5.938206632842713
      vertex -7.360436669947441 -15.276151589534956 7.646120888479445
      vertex -8.899186938124423 -14.2171190824831 5.973106129545215
    endloop
  endfacet
  facet normal -0.7431448254773939 -0.023352321390163272 0.6687229900727686
    outer loop
      vertex -8.899186938124423 -14.2171190824831 5.973106129545215
      vertex -7.360436669947441 -14.27676076251586 7.681020385181947
      vertex -8.899186938124423 -12.218337428444908 6.042905122950216
    endloop
  endfacet
  facet normal -0.743144825477394 -0.02335232139016398 0.6687229900727686
    outer loop
      vertex -8.899186938124423 -14.2171190824831 5.973106129545215
      vertex -7.360436669947441 -15.276151589534956 7.646120888479445
      vertex -7.360436669947441 -14.27676076251586 7.681020385181947
    endloop
  endfacet
  facet normal -0.7431448254773939 -0.023352321390163324 0.6687229900727686
    outer loop
      vertex -8.899186938124423 -12.218337428444908 6.042905122950216
      vertex -7.360436669947441 -14.27676076251586 7.681020385181947
      vertex -7.360436669947441 -12.277979108477668 7.750819378586948
    endloop
  endfacet
  facet normal -0.8660254037844389 -0.01744974835125046 0.49969541350954727
    outer loop
      vertex -8.899186938124423 -12.218337428444908 6.042905122950216
      vertex -8.899186938124423 2.1634658190576195 6.545128759031921
      vertex -10.049000034068609 7.0380305661650695 4.722603680931725
    endloop
  endfacet
  facet normal -0.743144825477394 -0.023352321390163452 0.6687229900727688
    outer loop
      vertex -8.899186938124423 -12.218337428444908 6.042905122950216
      vertex -7.360436669947441 -12.277979108477668 7.750819378586948
      vertex -8.899186938124423 2.1634658190576195 6.545128759031921
    endloop
  endfacet
  facet normal -0.743144825477394 -0.02335232139016344 0.6687229900727686
    outer loop
      vertex -8.899186938124423 2.1634658190576195 6.545128759031921
      vertex -7.360436669947441 -12.277979108477668 7.750819378586948
      vertex -7.360436669947441 -2.0194456203036872 8.109055261850846
    endloop
  endfacet
  facet normal 3.0120174388544256e-16 -0.9993908270190959 -0.03489949670250099
    outer loop
      vertex -5.988085985368808 -15.176003581483464 4.778257164137442
      vertex -4.544517973849246 -15.220636186998174 6.056367760333156
      vertex -7.360436669947441 -15.276151589534956 7.646120888479445
    endloop
  endfacet
  facet normal 2.4204215316640355e-16 -0.9993908270190957 -0.0348994967025011
    outer loop
      vertex -4.544517973849246 -15.220636186998174 6.056367760333156
      vertex -5.5 -15.323324763246665 8.996983839046926
      vertex -7.360436669947441 -15.276151589534956 7.646120888479445
    endloop
  endfacet
  facet normal -2.7373068843850815e-16 -0.9993908270190957 -0.03489949670250126
    outer loop
      vertex -4.544517973849246 -15.220636186998174 6.056367760333156
      vertex -2.8368390963402854 -15.251915175513513 6.952080797891799
      vertex -5.5 -15.323324763246665 8.996983839046926
    endloop
  endfacet
  facet normal -0.40673664307580015 -0.03188227668658241 0.9129889504329771
    outer loop
      vertex -5.5 -15.323324763246665 8.996983839046926
      vertex -3.3991869381244215 -15.35596773658412 9.931756291445735
      vertex -5.5 -14.323933936227569 9.031883335749427
    endloop
  endfacet
  facet normal 6.540780629256931e-17 -0.9993908270190958 -0.034899496702500823
    outer loop
      vertex -5.5 -15.323324763246665 8.996983839046926
      vertex -2.8368390963402854 -15.251915175513513 6.952080797891799
      vertex -3.3991869381244215 -15.35596773658412 9.931756291445735
    endloop
  endfacet
  facet normal -0.5877852522924731 -0.028234285927456186 0.8085241630808817
    outer loop
      vertex -7.360436669947441 -15.276151589534956 7.646120888479445
      vertex -5.5 -15.323324763246665 8.996983839046926
      vertex -7.360436669947441 -14.27676076251586 7.681020385181947
    endloop
  endfacet
  facet normal -0.5877852522924729 -0.02823428592745559 0.8085241630808819
    outer loop
      vertex -7.360436669947441 -14.27676076251586 7.681020385181947
      vertex -5.5 -15.323324763246665 8.996983839046926
      vertex -5.5 -14.323933936227569 9.031883335749427
    endloop
  endfacet
  facet normal -0.5877852522924729 -0.028234285927455423 0.8085241630808819
    outer loop
      vertex -7.360436669947441 -14.27676076251586 7.681020385181947
      vertex -5.5 -14.323933936227569 9.031883335749427
      vertex -5.5 -12.325152282189377 9.101682329154428
    endloop
  endfacet
  facet normal -0.5877852522924729 -0.028234285927455503 0.8085241630808819
    outer loop
      vertex -7.360436669947441 -14.27676076251586 7.681020385181947
      vertex -5.5 -12.325152282189377 9.101682329154428
      vertex -7.360436669947441 -12.277979108477668 7.750819378586948
    endloop
  endfacet
  facet normal -0.587785252292473 -0.028234285927455707 0.808524163080882
    outer loop
      vertex -7.360436669947441 -12.277979108477668 7.750819378586948
      vertex -5.5 -12.325152282189377 9.101682329154428
      vertex -7.360436669947441 -2.0194456203036872 8.109055261850846
    endloop
  endfacet
  facet normal 0.6631226582407951 0.02612264838758391 -0.7480547756473991
    outer loop
      vertex -5.988085985368808 -12.177831100426175 4.882955654244945
      vertex -5.022258986924623 -2.147456739806744 6.089393656657653
      vertex -4.544517973849246 -12.222463705940886 6.161066250440659
    endloop
  endfacet
  facet normal -0.4067366430758002 -0.031882276686582445 0.9129889504329772
    outer loop
      vertex -5.5 -14.323933936227569 9.031883335749427
      vertex -3.3991869381244215 -12.357795255526831 10.036454781553237
      vertex -5.5 -12.325152282189377 9.101682329154428
    endloop
  endfacet
  facet normal 0.4647231720437687 0.03090196964749432 -0.8849166297666029
    outer loop
      vertex -4.544517973849246 -15.220636186998174 6.056367760333156
      vertex -4.544517973849246 -14.221245359979077 6.091267257035658
      vertex -2.8368390963402854 -14.252524348494417 6.986980294594301
    endloop
  endfacet
  facet normal 0.4647231720437688 0.0309019696474943 -0.8849166297666029
    outer loop
      vertex -4.544517973849246 -15.220636186998174 6.056367760333156
      vertex -2.8368390963402854 -14.252524348494417 6.986980294594301
      vertex -2.8368390963402854 -15.251915175513513 6.952080797891799
    endloop
  endfacet
  facet normal -0.40673664307580015 -0.03188227668658241 0.9129889504329771
    outer loop
      vertex -3.3991869381244215 -15.35596773658412 9.931756291445735
      vertex -3.3991869381244215 -14.356576909565023 9.966655788148236
      vertex -5.5 -14.323933936227569 9.031883335749427
    endloop
  endfacet
  facet normal -0.4067366430758001 -0.031882276686582396 0.9129889504329772
    outer loop
      vertex -5.5 -14.323933936227569 9.031883335749427
      vertex -3.3991869381244215 -14.356576909565023 9.966655788148236
      vertex -3.3991869381244215 -12.357795255526831 10.036454781553237
    endloop
  endfacet
  facet normal -0.4067366430758001 -0.031882276686582646 0.9129889504329771
    outer loop
      vertex -5.5 -12.325152282189377 9.101682329154428
      vertex -3.3991869381244215 -12.357795255526831 10.036454781553237
      vertex -5.5 -5.327890450182744 9.346032096663336
    endloop
  endfacet
  facet normal 0.46472317204376873 0.030901969647493803 -0.884916629766603
    outer loop
      vertex -4.544517973849246 -12.222463705940886 6.161066250440659
      vertex -3.3991869381244215 -4.2282822397476885 7.041711724571499
      vertex -2.8368390963402854 -12.253742694456225 7.056779287999302
    endloop
  endfacet
  facet normal -0.4067366430758004 -0.031882276686582715 0.9129889504329771
    outer loop
      vertex -3.3991869381244215 -12.357795255526831 10.036454781553237
      vertex -3.3991869381244215 -7.617273755834162 10.20199744011468
      vertex -5.5 -5.327890450182744 9.346032096663336
    endloop
  endfacet
  facet normal 4.619970409293969e-16 -0.9993908270190958 -0.03489949670250075
    outer loop
      vertex -2.8368390963402854 -15.251915175513513 6.952080797891799
      vertex -0.964293442042582 -15.268022725911464 7.4133406908548825
      vertex -3.3991869381244215 -15.35596773658412 9.931756291445735
    endloop
  endfacet
  facet normal 2.9756337237267044e-16 -0.9993908270190957 -0.0348994967025009
    outer loop
      vertex -3.3991869381244215 -15.35596773658412 9.931756291445735
      vertex -0.964293442042582 -15.268022725911464 7.4133406908548825
      vertex -1.1498130959441881 -15.372653854974107 10.409584203970155
    endloop
  endfacet
  facet normal -0.20791169081775923 -0.03413685896636838 0.9775517396441022
    outer loop
      vertex -3.3991869381244215 -15.35596773658412 9.931756291445735
      vertex -1.1498130959441881 -15.372653854974107 10.409584203970155
      vertex -3.3991869381244215 -14.356576909565023 9.966655788148236
    endloop
  endfacet
  facet normal 0 -0.9993908270190958 -0.03489949670250092
    outer loop
      vertex -0.964293442042582 -15.268022725911464 7.4133406908548825
      vertex 0.964293442042582 -15.268022725911464 7.4133406908548825
      vertex -1.1498130959441881 -15.372653854974107 10.409584203970155
    endloop
  endfacet
  facet normal 0.2393156642875577 0.03388538075558137 -0.970350345904846
    outer loop
      vertex -2.8368390963402854 -15.251915175513513 6.952080797891799
      vertex -2.8368390963402854 -14.252524348494417 6.986980294594301
      vertex -0.964293442042582 -14.268631898892368 7.448240187557384
    endloop
  endfacet
  facet normal 5.725905817778304e-16 -0.9993908270190957 -0.0348994967025012
    outer loop
      vertex -2.25 -14.127478906523796 3.40614734644953
      vertex -0.964293442042582 -14.268631898892368 7.448240187557384
      vertex -2.8368390963402854 -14.252524348494417 6.986980294594301
    endloop
  endfacet
  facet normal -0.20791169081775923 -0.034136858966368415 0.9775517396441022
    outer loop
      vertex -3.3991869381244215 -14.356576909565023 9.966655788148236
      vertex -1.1498130959441881 -12.374481373916819 10.514282694077657
      vertex -3.3991869381244215 -12.357795255526831 10.036454781553237
    endloop
  endfacet
  facet normal -0.20791169081775926 -0.03413685896636838 0.9775517396441022
    outer loop
      vertex -3.3991869381244215 -14.356576909565023 9.966655788148236
      vertex -1.1498130959441881 -15.372653854974107 10.409584203970155
      vertex -1.1498130959441881 -14.37326302795501 10.444483700672656
    endloop
  endfacet
  facet normal -0.20791169081775923 -0.03413685896636845 0.9775517396441022
    outer loop
      vertex -3.3991869381244215 -14.356576909565023 9.966655788148236
      vertex -1.1498130959441881 -14.37326302795501 10.444483700672656
      vertex -1.1498130959441881 -12.374481373916819 10.514282694077657
    endloop
  endfacet
  facet normal -0.2079116908177593 -0.03413685896636873 0.9775517396441024
    outer loop
      vertex -3.3991869381244215 -12.357795255526831 10.036454781553237
      vertex -1.1498130959441881 -12.374481373916819 10.514282694077657
      vertex -3.3991869381244215 -7.617273755834162 10.20199744011468
    endloop
  endfacet
  facet normal -0.20791169081775943 -0.0341368589663688 0.9775517396441022
    outer loop
      vertex -3.3991869381244215 -7.617273755834162 10.20199744011468
      vertex -1.1498130959441881 -12.374481373916819 10.514282694077657
      vertex -1.1498130959441881 -8.787538501121029 10.639541499318627
    endloop
  endfacet
  facet normal 0.2393156642875577 0.0338853807555814 -0.9703503459048459
    outer loop
      vertex -2.8368390963402854 -15.251915175513513 6.952080797891799
      vertex -0.964293442042582 -14.268631898892368 7.448240187557384
      vertex -0.964293442042582 -15.268022725911464 7.4133406908548825
    endloop
  endfacet
  facet normal -4.131025969531753e-16 0.9993908270190958 0.03489949670250056
    outer loop
      vertex -0.47037808470444065 -12.148877335465015 4.053828307323125
      vertex -2.8368390963402854 -12.253742694456225 7.056779287999302
      vertex -0.964293442042582 -12.269850244854176 7.518039180962385
    endloop
  endfacet
  facet normal 0 -0.9993908270190958 -0.034899496702500615
    outer loop
      vertex -0.47037808470444054 -14.147658989503206 3.984029313918124
      vertex 0.964293442042582 -14.268631898892368 7.448240187557384
      vertex -0.964293442042582 -14.268631898892368 7.448240187557384
    endloop
  endfacet
  facet normal 0 0.03489949670250155 -0.9993908270190957
    outer loop
      vertex -0.964293442042582 -15.268022725911464 7.4133406908548825
      vertex -0.964293442042582 -14.268631898892368 7.448240187557384
      vertex 0.964293442042582 -14.268631898892368 7.448240187557384
    endloop
  endfacet
  facet normal 0 -0.03489949670250066 0.9993908270190957
    outer loop
      vertex -1.1498130959441881 -15.372653854974107 10.409584203970155
      vertex -1.104722386299318 -14.37326302795501 10.444483700672656
      vertex -1.1498130959441881 -14.37326302795501 10.444483700672656
    endloop
  endfacet
  facet normal 0 -0.03489949670250069 0.9993908270190957
    outer loop
      vertex -1.1498130959441881 -14.37326302795501 10.444483700672656
      vertex -1.104722386299318 -14.37326302795501 10.444483700672656
      vertex -1.1498130959441881 -12.374481373916819 10.514282694077657
    endloop
  endfacet
  facet normal 0 -0.034899496702500685 0.9993908270190957
    outer loop
      vertex -1.104722386299318 -14.37326302795501 10.444483700672656
      vertex -1.0145409670095777 -12.374481373916819 10.514282694077657
      vertex -1.1498130959441881 -12.374481373916819 10.514282694077657
    endloop
  endfacet
  facet normal -3.205988346674426e-17 -0.03489949670250066 0.9993908270190957
    outer loop
      vertex -1.1498130959441881 -15.372653854974107 10.409584203970155
      vertex 1.1498130959441881 -12.374481373916819 10.514282694077657
      vertex -1.104722386299318 -14.37326302795501 10.444483700672656
    endloop
  endfacet
  facet normal 0 -0.034899496702500685 0.9993908270190957
    outer loop
      vertex -1.104722386299318 -14.37326302795501 10.444483700672656
      vertex 1.1498130959441881 -12.374481373916819 10.514282694077657
      vertex -1.0145409670095777 -12.374481373916819 10.514282694077657
    endloop
  endfacet
  facet normal 0 -0.034899496702501066 0.9993908270190957
    outer loop
      vertex -1.1498130959441881 -12.374481373916819 10.514282694077657
      vertex -1.0145409670095777 -12.374481373916819 10.514282694077657
      vertex -1.1498130959441881 -8.787538501121029 10.639541499318627
    endloop
  endfacet
  facet normal 0 -0.034899496702501066 0.9993908270190957
    outer loop
      vertex -1.0145409670095777 -12.374481373916819 10.514282694077657
      vertex 1.1498130959441881 -12.374481373916819 10.514282694077657
      vertex -1.1498130959441881 -8.787538501121029 10.639541499318627
    endloop
  endfacet
  facet normal -0.5877852522924729 -0.028234285927455693 0.8085241630808819
    outer loop
      vertex -7.360436669947441 -2.0194456203036872 8.109055261850846
      vertex -5.5 -12.325152282189377 9.101682329154428
      vertex -5.5 -5.327890450182744 9.346032096663336
    endloop
  endfacet
  facet normal 0.4647231720437681 0.030901969647493924 -0.8849166297666032
    outer loop
      vertex -4.544517973849246 -12.222463705940886 6.161066250440659
      vertex -3.6613957869664637 -3.920946640251498 6.914742416022933
      vertex -3.3991869381244215 -4.2282822397476885 7.041711724571499
    endloop
  endfacet
  facet normal -0.587785252292473 -0.028234285927455634 0.8085241630808819
    outer loop
      vertex -7.08364820522568 4.071598409860845 8.522980375773553
      vertex -5.988085985368808 1.0050651259988908 9.212352399157718
      vertex -7.08364820522568 14.580677662969725 8.889965509941876
    endloop
  endfacet
  facet normal -0.40673664307579865 -0.031882276686582646 0.9129889504329779
    outer loop
      vertex -4.978468098486569 -0.8660366000984265 9.734185966098375
      vertex -5.5 16.24504499702507 10.099375602675634
      vertex -5.5 0.027147480573044558 9.533034141862826
    endloop
  endfacet
  facet normal -0.5877852522924718 -0.028234285927455693 0.8085241630808827
    outer loop
      vertex -5.988085985368808 1.0050651259988908 9.212352399157718
      vertex -5.5 0.027147480573044558 9.533034141862826
      vertex -5.5 16.24504499702507 10.099375602675634
    endloop
  endfacet
  facet normal 0.663122658240795 0.0261226483875839 -0.7480547756473991
    outer loop
      vertex -4.544517973849246 -12.222463705940886 6.161066250440659
      vertex -5.022258986924623 -2.147456739806744 6.089393656657653
      vertex -4.544517973849246 23.568242740900867 7.41090526021763
    endloop
  endfacet
  facet normal 0.4647231720437688 0.030901969647493817 -0.8849166297666029
    outer loop
      vertex -4.544517973849246 -12.222463705940886 6.161066250440659
      vertex -3.371121282830472 20.718172132134715 7.92760007811386
      vertex -3.6613957869664637 -3.920946640251498 6.914742416022933
    endloop
  endfacet
  facet normal -0.40673664307580093 -0.031882276686582695 0.9129889504329768
    outer loop
      vertex -4.978468098486569 -0.8660366000984265 9.734185966098375
      vertex -3.6575379836071873 -0.29880383767990665 10.34246863181686
      vertex -5.5 16.24504499702507 10.099375602675634
    endloop
  endfacet
  facet normal -0.406736643075793 -0.03188227668658237 0.9129889504329805
    outer loop
      vertex -3.3991869381244215 -2.8365536540078535 10.36894386479512
      vertex -4.544517973849246 17.00142840294129 10.551456404604993
      vertex -3.6575379836071873 -0.29880383767990665 10.34246863181686
    endloop
  endfacet
  facet normal -0.20791169081777652 -0.034136858966368526 0.9775517396440985
    outer loop
      vertex -3.3991869381244215 -2.8365536540078535 10.36894386479512
      vertex -3.3749020842482067 -3.0095884473078676 10.368066408114615
      vertex -3.3991869381244215 17.323597039603758 11.07295184008563
    endloop
  endfacet
  facet normal 0.4647231720437693 0.03090196964749384 -0.8849166297666027
    outer loop
      vertex -3.3991869381244215 -4.2282822397476885 7.041711724571499
      vertex -2.8368390963402854 -4.702484696002549 7.32047502793602
      vertex -2.8368390963402854 -12.253742694456225 7.056779287999302
    endloop
  endfacet
  facet normal -0.20791169081775943 -0.0341368589663687 0.9775517396441022
    outer loop
      vertex -2.8368390963402854 -3.5270057323023982 10.464436329907265
      vertex -1.1498130959441881 -4.485582662833083 10.789769107511159
      vertex -2.8368390963402854 17.61710841658206 11.202805066207661
    endloop
  endfacet
  facet normal 0.23931566428755927 0.033885380755580785 -0.9703503459048457
    outer loop
      vertex -2.8368390963402854 -4.702484696002549 7.32047502793602
      vertex -2.8368390963402854 -0.31964820675489625 7.473527050697058
      vertex -2.1886510964009394 20.885026359005366 8.373871979654652
    endloop
  endfacet
  facet normal 0.46472317204376884 0.030901969647493824 -0.884916629766603
    outer loop
      vertex -3.6613957869664637 -3.920946640251498 6.914742416022933
      vertex -3.371121282830472 20.718172132134715 7.92760007811386
      vertex -2.8368390963402854 -0.31964820675489625 7.473527050697058
    endloop
  endfacet
  facet normal 0.23931566428755693 0.033885380755580854 -0.9703503459048463
    outer loop
      vertex -2.8368390963402854 -12.253742694456225 7.056779287999302
      vertex -2.8368390963402854 -4.702484696002549 7.32047502793602
      vertex -0.964293442042582 35.70090945206242 9.193215022682432
    endloop
  endfacet
  facet normal -0.20791169081775868 -0.0341368589663687 0.9775517396441024
    outer loop
      vertex -3.3749020842482067 -3.0095884473078676 10.368066408114615
      vertex -2.8368390963402854 -3.5270057323023982 10.464436329907265
      vertex -2.8368390963402854 17.61710841658206 11.202805066207661
    endloop
  endfacet
  facet normal -1.989608746912904e-15 -0.034899496702500976 0.9993908270190958
    outer loop
      vertex -1.1498130959441881 -4.485582662833083 10.789769107511159
      vertex -0.964293442042582 -4.550210288701003 10.787512261085427
      vertex -1.1498130959441881 17.833916227129848 11.569183183418874
    endloop
  endfacet
  facet normal 1.6072379256203758e-17 -0.034899496702500955 0.9993908270190958
    outer loop
      vertex -0.964293442042582 -4.550210288701003 10.787512261085427
      vertex 0.964293442042582 -4.5502102887010025 10.787512261085427
      vertex -1.1498130959441881 17.833916227129848 11.569183183418874
    endloop
  endfacet
  facet normal 0.23931566428755766 0.033885380755580806 -0.970350345904846
    outer loop
      vertex -2.8368390963402854 -12.253742694456225 7.056779287999302
      vertex -0.964293442042582 35.70090945206242 9.193215022682432
      vertex -0.964293442042582 -12.269850244854176 7.518039180962385
    endloop
  endfacet
  facet normal -0.9945218953682734 0.0036479907591269577 -0.10446478735209513
    outer loop
      vertex -11 -11.992689924229149 -0.4187939604300116
      vertex -11 17.989034886343724 0.6281909406450175
      vertex -10.759623608071863 36.05788591973661 -1.0292535216762544
    endloop
  endfacet
  facet normal -0.9510565162951533 0.010784537576205256 -0.30882874957133455
    outer loop
      vertex -10.759623608071863 -11.912873777179986 -2.704429363396301
      vertex -10.759623608071863 36.05788591973661 -1.0292535216762544
      vertex -10.049000034068609 36.13421371815936 -3.2149956898374077
    endloop
  endfacet
  facet normal -0.7431448254773931 0.023352321390163484 -0.6687229900727696
    outer loop
      vertex -8.808672216466952 -11.763534085893816 -6.98095858825946
      vertex -8.899186938124423 36.203717276903205 -5.205317202090193
      vertex -8.5 8.73594194686753 -6.608125298672972
    endloop
  endfacet
  facet normal 0.822983865893656 -0.01982517375535104 0.5677186970360435
    outer loop
      vertex -7.003358109027522 -7.861318258235249 -4.110966002317044
      vertex -6.639620127319597 10.267221620992313 -4.00519009077552
      vertex -7.08364820522568 36.10781861116999 -2.4591387206600386
    endloop
  endfacet
  facet normal 0.992708874098054 0.004206669475101055 -0.12046325256650359
    outer loop
      vertex -8 -11.992689924229149 -0.4187939604300116
      vertex -7.957695088281644 7.01260590743875 0.593510261172897
      vertex -7.767534539408416 35.911253802794164 3.1697409184977667
    endloop
  endfacet
  facet normal 0.9927088740980539 -0.004206669475101064 0.12046325256650366
    outer loop
      vertex -7.767534539408416 -11.925873954335865 -2.3321529976377438
      vertex -8 35.97806977268745 1.256381881290035
      vertex -8 17.989034886343724 0.6281909406450175
    endloop
  endfacet
  facet normal 0.8229838658936557 0.01982517375535105 -0.5677186970360439
    outer loop
      vertex -7.08364820522568 -12.122438762711687 3.296726641520062
      vertex -7.08364820522568 35.84832093420491 4.971902483240108
      vertex -6.71871246845309 19.59871527480452 4.93347670597474
    endloop
  endfacet
  facet normal -0.8660254037844389 0.017449748351250464 -0.49969541350954716
    outer loop
      vertex -10.049000034068609 -11.836545978757236 -4.8901715315574545
      vertex -10.049000034068609 36.13421371815936 -3.2149956898374077
      vertex -8.899186938124423 36.203717276903205 -5.205317202090193
    endloop
  endfacet
  facet normal -0.7431448254773937 0.023352321390163445 -0.6687229900727689
    outer loop
      vertex -8.5 8.73594194686753 -6.608125298672972
      vertex -8.899186938124423 36.203717276903205 -5.205317202090193
      vertex -8.5 12.733505254943912 -6.468527311862968
    endloop
  endfacet
  facet normal -0.7431448254773941 0.0233523213901634 -0.6687229900727683
    outer loop
      vertex -8.5 12.733505254943912 -6.468527311862968
      vertex -8.5 29.223453900758994 -5.892685616271703
      vertex -7.360436669947441 12.777674521987215 -7.733369630235698
    endloop
  endfacet
  facet normal 0.9927088740980542 -0.004206669475101066 0.12046325256650375
    outer loop
      vertex -7.767534539408416 -11.925873954335865 -2.3321529976377438
      vertex -7.767534539408416 36.04488574258073 -0.6569771559176971
      vertex -8 35.97806977268745 1.256381881290035
    endloop
  endfacet
  facet normal 0.9350162426854149 -0.012375532086031682 0.3543888713264522
    outer loop
      vertex -7.08364820522568 -11.86294108574661 -4.134314562380085
      vertex -7.08364820522568 36.10781861116999 -2.4591387206600386
      vertex -7.767534539408416 36.04488574258073 -0.6569771559176971
    endloop
  endfacet
  facet normal 0.992708874098054 0.004206669475101071 -0.12046325256650378
    outer loop
      vertex -7.957695088281644 7.01260590743875 0.593510261172897
      vertex -8 17.989034886343724 0.6281909406450175
      vertex -7.767534539408416 35.911253802794164 3.1697409184977667
    endloop
  endfacet
  facet normal 0.9350162426854149 0.012375532086031683 -0.35438887132645225
    outer loop
      vertex -7.767534539408416 -12.059505894122433 1.4945650767777203
      vertex -7.767534539408416 35.911253802794164 3.1697409184977667
      vertex -7.08364820522568 35.84832093420491 4.971902483240108
    endloop
  endfacet
  facet normal -0.9945218953682734 -0.003647990759126958 0.10446478735209513
    outer loop
      vertex -11 17.989034886343724 0.6281909406450175
      vertex -10.759623608071863 18.855959921843294 2.9468872742154355
      vertex -11 35.97806977268745 1.256381881290035
    endloop
  endfacet
  facet normal -0.9510565162951534 -0.01078453757620526 0.30882874957133444
    outer loop
      vertex -10.759623608071863 18.855959921843294 2.9468872742154355
      vertex -10.049000034068609 19.68499617332367 5.164245451669371
      vertex -10.759623608071863 35.89825362563828 3.5420172842563242
    endloop
  endfacet
  facet normal -0.9945218953682734 0.003647990759126958 -0.10446478735209513
    outer loop
      vertex -11 17.989034886343724 0.6281909406450175
      vertex -11 35.97806977268745 1.256381881290035
      vertex -10.759623608071863 36.05788591973661 -1.0292535216762544
    endloop
  endfacet
  facet normal -0.9945218953682733 -0.003647990759126959 0.10446478735209512
    outer loop
      vertex -10.759623608071863 18.855959921843294 2.9468872742154355
      vertex -10.759623608071863 35.89825362563828 3.5420172842563242
      vertex -11 35.97806977268745 1.256381881290035
    endloop
  endfacet
  facet normal -0.9510565162951534 -0.010784537576205254 0.30882874957133455
    outer loop
      vertex -10.049000034068609 19.68499617332367 5.164245451669371
      vertex -10.049000034068609 35.82192582721554 5.7277594524174775
      vertex -10.759623608071863 35.89825362563828 3.5420172842563242
    endloop
  endfacet
  facet normal 0 0.9993908270190957 0.03489949670250151
    outer loop
      vertex -10.759623608071863 36.05788591973661 -1.0292535216762544
      vertex -11 35.97806977268745 1.256381881290035
      vertex -10.759623608071863 35.89825362563828 3.5420172842563242
    endloop
  endfacet
  facet normal 2.8633766991859506e-15 0.9993908270190957 0.03489949670250062
    outer loop
      vertex -10.759623608071863 36.05788591973661 -1.0292535216762544
      vertex -10.049000034068609 35.82192582721554 5.7277594524174775
      vertex -10.049000034068609 36.13421371815936 -3.2149956898374077
    endloop
  endfacet
  facet normal -5.601610096611644e-15 0.9993908270190958 0.03489949670250151
    outer loop
      vertex -10.759623608071863 36.05788591973661 -1.0292535216762544
      vertex -10.759623608071863 35.89825362563828 3.5420172842563242
      vertex -10.049000034068609 35.82192582721554 5.7277594524174775
    endloop
  endfacet
  facet normal -0.7431448254773942 0.023352321390163404 -0.6687229900727683
    outer loop
      vertex -8.5 12.733505254943912 -6.468527311862968
      vertex -8.899186938124423 36.203717276903205 -5.205317202090193
      vertex -8.5 29.223453900758994 -5.892685616271703
    endloop
  endfacet
  facet normal -0.743144825477394 0.023352321390163456 -0.6687229900727686
    outer loop
      vertex -7.360436669947441 12.777674521987215 -7.733369630235698
      vertex -8.5 29.223453900758994 -5.892685616271703
      vertex -7.360436669947441 29.267623167802295 -7.157527934644432
    endloop
  endfacet
  facet normal 0.8229838658936538 -0.01982517375535128 0.5677186970360467
    outer loop
      vertex -6.639620127319597 10.267221620992313 -4.00519009077552
      vertex -6.936168675629562 29.65767300512355 -2.898173989527625
      vertex -7.015175566484626 33.113108151219855 -2.6629765240628465
    endloop
  endfacet
  facet normal 0.8229838658936528 -0.019825173755351404 0.5677186970360482
    outer loop
      vertex -6.639620127319597 10.267221620992313 -4.00519009077552
      vertex -7.015175566484626 33.113108151219855 -2.6629765240628465
      vertex -7.08364820522568 36.10781861116999 -2.4591387206600386
    endloop
  endfacet
  facet normal 0.8229838658936576 0.019825173755351082 -0.567718697036041
    outer loop
      vertex -6.71871246845309 19.59871527480452 4.93347670597474
      vertex -7.08364820522568 35.84832093420491 4.971902483240108
      vertex -6.669229331444253 20.979084945451046 5.053412674817667
    endloop
  endfacet
  facet normal 0.8229838658936566 0.019825173755351044 -0.5677186970360425
    outer loop
      vertex -6.669229331444253 20.979084945451046 5.053412674817667
      vertex -7.08364820522568 35.84832093420491 4.971902483240108
      vertex -6.5151484975698 22.36917522736773 5.325316387876
    endloop
  endfacet
  facet normal -0.743144825477394 0.023352321390163414 -0.6687229900727684
    outer loop
      vertex -8.5 29.223453900758994 -5.892685616271703
      vertex -8.899186938124423 36.203717276903205 -5.205317202090193
      vertex -8.5 33.22101720883538 -5.7530876294616995
    endloop
  endfacet
  facet normal -0.743144825477394 0.02335232139016348 -0.6687229900727687
    outer loop
      vertex -8.5 33.22101720883538 -5.7530876294616995
      vertex -8.899186938124423 36.203717276903205 -5.205317202090193
      vertex -7.360436669947441 33.26518647587868 -7.017929947834428
    endloop
  endfacet
  facet normal -0.743144825477394 0.023352321390163477 -0.6687229900727686
    outer loop
      vertex -8.899186938124423 36.203717276903205 -5.205317202090193
      vertex -7.360436669947441 36.26335895693597 -6.913231457726925
      vertex -7.360436669947441 33.26518647587868 -7.017929947834428
    endloop
  endfacet
  facet normal -1.5144361565913454e-15 0.9993908270190958 0.034899496702500477
    outer loop
      vertex -8.899186938124423 36.203717276903205 -5.205317202090193
      vertex -7.08364820522568 36.10781861116999 -2.4591387206600386
      vertex -7.360436669947441 36.26335895693597 -6.913231457726925
    endloop
  endfacet
  facet normal -2.8654490731761735e-15 0.9993908270190958 0.034899496702501365
    outer loop
      vertex -8.899186938124423 36.203717276903205 -5.205317202090193
      vertex -7.767534539408416 36.04488574258073 -0.6569771559176971
      vertex -7.08364820522568 36.10781861116999 -2.4591387206600386
    endloop
  endfacet
  facet normal 3.233439958802557e-16 0.9993908270190958 0.034899496702500366
    outer loop
      vertex -7.360436669947441 36.26335895693597 -6.913231457726925
      vertex -7.08364820522568 36.10781861116999 -2.4591387206600386
      vertex -5.988085985368808 36.163210948884476 -4.045367733384922
    endloop
  endfacet
  facet normal -7.541591189089163e-16 0.9993908270190958 0.03489949670250081
    outer loop
      vertex -10.049000034068609 36.13421371815936 -3.2149956898374077
      vertex -8.899186938124423 35.75242226847169 7.718080964670263
      vertex -8.899186938124423 36.203717276903205 -5.205317202090193
    endloop
  endfacet
  facet normal 1.1222260290238198e-15 0.9993908270190958 0.034899496702500615
    outer loop
      vertex -10.049000034068609 36.13421371815936 -3.2149956898374077
      vertex -10.049000034068609 35.82192582721554 5.7277594524174775
      vertex -8.899186938124423 35.75242226847169 7.718080964670263
    endloop
  endfacet
  facet normal 0.9927088740980539 0.004206669475101066 -0.12046325256650375
    outer loop
      vertex -8 17.989034886343724 0.6281909406450175
      vertex -8 35.97806977268745 1.256381881290035
      vertex -7.767534539408416 35.911253802794164 3.1697409184977667
    endloop
  endfacet
  facet normal -1.3772114294089397e-15 0.9993908270190958 0.034899496702501025
    outer loop
      vertex -8.899186938124423 36.203717276903205 -5.205317202090193
      vertex -8 35.97806977268745 1.256381881290035
      vertex -7.767534539408416 36.04488574258073 -0.6569771559176971
    endloop
  endfacet
  facet normal -2.0326431195720763e-14 0.9993908270190955 0.03489949670250357
    outer loop
      vertex -8.899186938124423 36.203717276903205 -5.205317202090193
      vertex -7.767534539408416 35.911253802794164 3.1697409184977667
      vertex -8 35.97806977268745 1.256381881290035
    endloop
  endfacet
  facet normal -1.2091712741764665e-15 0.9993908270190958 0.03489949670250106
    outer loop
      vertex -8.899186938124423 36.203717276903205 -5.205317202090193
      vertex -7.360436669947441 35.69278058843893 9.425995220306994
      vertex -7.767534539408416 35.911253802794164 3.1697409184977667
    endloop
  endfacet
  facet normal 1.1605505374247174e-15 0.9993908270190958 0.03489949670250082
    outer loop
      vertex -8.899186938124423 36.203717276903205 -5.205317202090193
      vertex -8.899186938124423 35.75242226847169 7.718080964670263
      vertex -7.360436669947441 35.69278058843893 9.425995220306994
    endloop
  endfacet
  facet normal 0.8229838658936551 -0.019825173755351096 0.5677186970360447
    outer loop
      vertex -6.591871366011958 12.646998732760478 -3.991304631993958
      vertex -6.469073891898612 12.653207452843452 -4.169099112852717
      vertex -6.571005506441928 13.686943930546793 -3.9852367880317914
    endloop
  endfacet
  facet normal 0.6631226582407964 -0.02612264838758311 0.748054775647398
    outer loop
      vertex -5.988085985368808 12.872426447865797 -4.858699850226963
      vertex -4.9062685255599705 11.948051554573453 -5.849970562126076
      vertex -4.940305254740988 12.709922066928616 -5.793193166638289
    endloop
  endfacet
  facet normal 0.663122658240794 -0.026122648387583484 0.7480547756474
    outer loop
      vertex -4.87288591215663 11.802682151418121 -5.884639415247886
      vertex -4.764236634971505 12.106915592965525 -5.970328881271518
      vertex -4.89488693299274 12.711326322233218 -5.833405777214744
    endloop
  endfacet
  facet normal 0.6631226582407954 -0.026122648387584064 0.7480547756473986
    outer loop
      vertex -4.544517973849246 11.337109273832914 -6.191983508482799
      vertex -4.544517973849246 12.722159119450433 -6.143616502089409
      vertex -4.764236634971505 12.106915592965525 -5.970328881271518
    endloop
  endfacet
  facet normal 0.8229838658936567 0.019825173755350995 -0.5677186970360424
    outer loop
      vertex -6.771757984558329 1.5183515348682106 4.225199950750539
      vertex -6.71871246845309 19.59871527480452 4.93347670597474
      vertex -6.404234218466658 3.090893358049326 4.81288897077036
    endloop
  endfacet
  facet normal 0.8229838658936556 0.01982517375535099 -0.5677186970360442
    outer loop
      vertex -6.404234218466658 3.090893358049326 4.81288897077036
      vertex -6.71871246845309 19.59871527480452 4.93347670597474
      vertex -6.378788501344872 6.389777674267534 4.964975505643933
    endloop
  endfacet
  facet normal 0.8229838658936558 0.019825173755351148 -0.567718697036044
    outer loop
      vertex -6.378788501344872 6.389777674267534 4.964975505643933
      vertex -5.988085985368808 19.9999503048514 6.00662854145449
      vertex -5.988085985368808 5.004337886092087 5.482970216791404
    endloop
  endfacet
  facet normal -0.5877852522924729 0.028234285927455728 -0.808524163080882
    outer loop
      vertex -7.360436669947441 12.777674521987215 -7.733369630235698
      vertex -7.360436669947441 29.267623167802295 -7.157527934644432
      vertex -5.5 12.824847695698924 -9.084232580803178
    endloop
  endfacet
  facet normal 0.8229838658936584 -0.01982517375535083 0.56771869703604
    outer loop
      vertex -6.639620127319597 10.267221620992313 -4.00519009077552
      vertex -6.591871366011958 12.646998732760478 -3.991304631993958
      vertex -6.936168675629562 29.65767300512355 -2.898173989527625
    endloop
  endfacet
  facet normal 0.822983865893656 -0.0198251737553511 0.5677186970360435
    outer loop
      vertex -6.591871366011958 12.646998732760478 -3.991304631993958
      vertex -6.571005506441928 13.686943930546793 -3.9852367880317914
      vertex -6.936168675629562 29.65767300512355 -2.898173989527625
    endloop
  endfacet
  facet normal 0.8229838658936554 -0.019825173755350988 0.5677186970360445
    outer loop
      vertex -5.988085985368808 12.872426447865797 -4.858699850226963
      vertex -5.988085985368808 33.16503846782719 -4.150066223492425
      vertex -6.571005506441928 13.686943930546793 -3.9852367880317914
    endloop
  endfacet
  facet normal 0.6631226582407962 -0.02612264838758373 0.7480547756473979
    outer loop
      vertex -5.988085985368808 12.872426447865797 -4.858699850226963
      vertex -4.940305254740988 12.709922066928616 -5.793193166638289
      vertex -5.988085985368808 33.16503846782719 -4.150066223492425
    endloop
  endfacet
  facet normal -0.4067366430758002 0.031882276686582646 -0.9129889504329772
    outer loop
      vertex -5.5 12.824847695698924 -9.084232580803178
      vertex -5.5 29.314796341514004 -8.508390885211913
      vertex -3.3991869381244215 12.857490669036379 -10.019005033201987
    endloop
  endfacet
  facet normal 0.6631226582408004 -0.02612264838758388 0.7480547756473943
    outer loop
      vertex -4.940305254740988 12.709922066928616 -5.793193166638289
      vertex -4.89488693299274 12.711326322233218 -5.833405777214744
      vertex -4.544517973849246 36.20784355439918 -5.323478329580636
    endloop
  endfacet
  facet normal 0.663122658240793 -0.026122648387583908 0.7480547756474007
    outer loop
      vertex -4.89488693299274 12.711326322233218 -5.833405777214744
      vertex -4.764236634971505 12.106915592965525 -5.970328881271518
      vertex -4.544517973849246 36.20784355439918 -5.323478329580636
    endloop
  endfacet
  facet normal 0.46472317204376895 -0.030901969647493796 0.8849166297666028
    outer loop
      vertex -4.544517973849246 12.722159119450433 -6.143616502089409
      vertex -3.602697433925647 12.73941013440399 -6.637620935686827
      vertex -4.544517973849246 36.20784355439918 -5.323478329580636
    endloop
  endfacet
  facet normal 0.6631226582407951 -0.026122648387583877 0.748054775647399
    outer loop
      vertex -4.764236634971505 12.106915592965525 -5.970328881271518
      vertex -4.544517973849246 12.722159119450433 -6.143616502089409
      vertex -4.544517973849246 36.20784355439918 -5.323478329580636
    endloop
  endfacet
  facet normal 0.8229838658936567 0.01982517375535103 -0.5677186970360427
    outer loop
      vertex -6.378788501344872 6.389777674267534 4.964975505643933
      vertex -6.71871246845309 19.59871527480452 4.93347670597474
      vertex -5.988085985368808 19.9999503048514 6.00662854145449
    endloop
  endfacet
  facet normal 0.23931566428759074 -0.03388538075557999 0.970350345904838
    outer loop
      vertex -2.8189074429717227 8.968839615558613 -7.175913080859961
      vertex -2.8173473028402647 10.769880706678766 -7.11340411447159
      vertex -2.8368390963402854 10.770767341310231 -7.108565928468456
    endloop
  endfacet
  facet normal 0.2393156642875569 -0.03388538075558085 0.9703503459048461
    outer loop
      vertex -0.9642934420425839 -11.715529603604121 -8.355627101822408
      vertex -2.8368390963402854 36.23912254291452 -6.219191367139279
      vertex -2.7431091222190997 9.869056404012673 -7.163170813895543
    endloop
  endfacet
  facet normal 0.46472317204376923 -0.030901969647493848 0.8849166297666027
    outer loop
      vertex -2.8368390963402854 10.774514408141487 -7.1084350780113725
      vertex -2.8368390963402854 12.753438107965772 -7.039329539648052
      vertex -3.527453311375643 11.124106155215575 -6.7335438271662555
    endloop
  endfacet
  facet normal 0.4647231720437686 -0.030901969647493473 0.8849166297666031
    outer loop
      vertex -3.527453311375643 11.124106155215575 -6.7335438271662555
      vertex -2.8368390963402854 12.753438107965772 -7.039329539648052
      vertex -3.602697433925647 12.73941013440399 -6.637620935686827
    endloop
  endfacet
  facet normal 0.2393156642875577 -0.033885380755580806 0.970350345904846
    outer loop
      vertex -0.9642934420425839 -11.715529603604121 -8.355627101822408
      vertex -0.9642934420425839 11.496128314258748 -7.545058146151418
      vertex -2.8368390963402854 36.23912254291452 -6.219191367139279
    endloop
  endfacet
  facet normal -0.20791169081776026 0.03413685896636862 -0.9775517396441021
    outer loop
      vertex -3.3991869381244215 12.857490669036379 -10.019005033201987
      vertex -2.5 29.354109588784105 -9.634174991412461
      vertex -2.5 12.864160942969027 -10.210016687003726
    endloop
  endfacet
  facet normal 0.46472317204376856 -0.030901969647493817 0.8849166297666031
    outer loop
      vertex -3.602697433925647 12.73941013440399 -6.637620935686827
      vertex -2.8368390963402854 12.753438107965772 -7.039329539648052
      vertex -2.8368390963402854 29.24338675378085 -6.463487844056786
    endloop
  endfacet
  facet normal 0.23931566428755732 -0.033885380755580806 0.970350345904846
    outer loop
      vertex -2.8368390963402854 12.753438107965772 -7.039329539648052
      vertex -2.8188654518729668 12.753592716417335 -7.043756946426693
      vertex -2.8368390963402854 29.24338675378085 -6.463487844056786
    endloop
  endfacet
  facet normal 0.23931566428757137 -0.03388538075558064 0.9703503459048427
    outer loop
      vertex -2.8188654518729668 12.753592716417335 -7.043756946426693
      vertex -2.7431091222190997 9.869056404012673 -7.163170813895543
      vertex -2.834523557637485 33.21348946288403 -6.325419879409493
    endloop
  endfacet
  facet normal -0.5877852522924731 0.02823428592745568 -0.8085241630808817
    outer loop
      vertex -7.360436669947441 29.267623167802295 -7.157527934644432
      vertex -5.5 29.314796341514004 -8.508390885211913
      vertex -5.5 12.824847695698924 -9.084232580803178
    endloop
  endfacet
  facet normal 0.8229838658936565 -0.019825173755351033 0.5677186970360427
    outer loop
      vertex -6.571005506441928 13.686943930546793 -3.9852367880317914
      vertex -5.988085985368808 33.16503846782719 -4.150066223492425
      vertex -6.936168675629562 29.65767300512355 -2.898173989527625
    endloop
  endfacet
  facet normal 0.6631226582407949 -0.026122648387583894 0.7480547756473992
    outer loop
      vertex -5.988085985368808 33.16503846782719 -4.150066223492425
      vertex -4.940305254740988 12.709922066928616 -5.793193166638289
      vertex -5.988085985368808 36.163210948884476 -4.045367733384922
    endloop
  endfacet
  facet normal 0.6631226582407951 -0.026122648387583883 0.7480547756473991
    outer loop
      vertex -5.988085985368808 36.163210948884476 -4.045367733384922
      vertex -4.940305254740988 12.709922066928616 -5.793193166638289
      vertex -4.544517973849246 36.20784355439918 -5.323478329580636
    endloop
  endfacet
  facet normal -0.4067366430758003 0.03188227668658264 -0.9129889504329772
    outer loop
      vertex -3.3991869381244215 12.857490669036379 -10.019005033201987
      vertex -5.5 29.314796341514004 -8.508390885211913
      vertex -3.3991869381244215 29.34743931485146 -9.443163337610722
    endloop
  endfacet
  facet normal 0.46472317204376856 -0.030901969647493817 0.884916629766603
    outer loop
      vertex -3.602697433925647 12.73941013440399 -6.637620935686827
      vertex -2.8368390963402854 29.24338675378085 -6.463487844056786
      vertex -4.544517973849246 36.20784355439918 -5.323478329580636
    endloop
  endfacet
  facet normal -0.5877852522924728 0.02823428592745573 -0.8085241630808819
    outer loop
      vertex -7.360436669947441 33.26518647587868 -7.017929947834428
      vertex -7.360436669947441 36.26335895693597 -6.913231457726925
      vertex -5.5 33.312359649590384 -8.368792898401908
    endloop
  endfacet
  facet normal -0.5877852522924727 0.028234285927456006 -0.8085241630808822
    outer loop
      vertex -7.360436669947441 36.26335895693597 -6.913231457726925
      vertex -5.5 36.31053213064767 -8.264094408294405
      vertex -5.5 33.312359649590384 -8.368792898401908
    endloop
  endfacet
  facet normal 0.8229838658936565 -0.019825173755351005 0.5677186970360429
    outer loop
      vertex -7.015175566484626 33.113108151219855 -2.6629765240628465
      vertex -5.988085985368808 33.16503846782719 -4.150066223492425
      vertex -5.988085985368808 36.163210948884476 -4.045367733384922
    endloop
  endfacet
  facet normal 0.8229838658936564 -0.01982517375535094 0.567718697036043
    outer loop
      vertex -7.015175566484626 33.113108151219855 -2.6629765240628465
      vertex -5.988085985368808 36.163210948884476 -4.045367733384922
      vertex -7.08364820522568 36.10781861116999 -2.4591387206600386
    endloop
  endfacet
  facet normal 1.6424907596253041e-15 0.9993908270190959 0.03489949670249973
    outer loop
      vertex -7.360436669947441 36.26335895693597 -6.913231457726925
      vertex -5.988085985368808 36.163210948884476 -4.045367733384922
      vertex -4.544517973849246 36.20784355439918 -5.323478329580636
    endloop
  endfacet
  facet normal 1.4173824393049577e-15 0.9993908270190959 0.034899496702500137
    outer loop
      vertex -7.360436669947441 36.26335895693597 -6.913231457726925
      vertex -4.544517973849246 36.20784355439918 -5.323478329580636
      vertex -5.5 36.31053213064767 -8.264094408294405
    endloop
  endfacet
  facet normal 0.4647231720437689 -0.030901969647493782 0.8849166297666029
    outer loop
      vertex -4.544517973849246 36.20784355439918 -5.323478329580636
      vertex -2.8368390963402854 29.24338675378085 -6.463487844056786
      vertex -2.8368390963402854 33.240950061857234 -6.323889857246782
    endloop
  endfacet
  facet normal -0.4067366430758002 0.031882276686582965 -0.9129889504329771
    outer loop
      vertex -5.5 33.312359649590384 -8.368792898401908
      vertex -5.5 36.31053213064767 -8.264094408294405
      vertex -3.3991869381244215 33.345002622927844 -9.303565350800717
    endloop
  endfacet
  facet normal -0.4067366430758009 0.031882276686582424 -0.9129889504329769
    outer loop
      vertex -5.5 36.31053213064767 -8.264094408294405
      vertex -3.3991869381244215 36.34317510398513 -9.198866860693215
      vertex -3.3991869381244215 33.345002622927844 -9.303565350800717
    endloop
  endfacet
  facet normal -1.7578347941127998e-15 0.9993908270190957 0.03489949670250235
    outer loop
      vertex -5.5 36.31053213064767 -8.264094408294405
      vertex -2.8368390963402854 36.23912254291452 -6.219191367139279
      vertex -3.3991869381244215 36.34317510398513 -9.198866860693215
    endloop
  endfacet
  facet normal -5.333028929922661e-16 0.9993908270190957 0.03489949670250076
    outer loop
      vertex -5.5 36.31053213064767 -8.264094408294405
      vertex -4.544517973849246 36.20784355439918 -5.323478329580636
      vertex -2.8368390963402854 36.23912254291452 -6.219191367139279
    endloop
  endfacet
  facet normal 0.46472317204376873 -0.030901969647493775 0.8849166297666029
    outer loop
      vertex -4.544517973849246 36.20784355439918 -5.323478329580636
      vertex -2.8368390963402854 33.240950061857234 -6.323889857246782
      vertex -2.8368390963402854 36.23912254291452 -6.219191367139279
    endloop
  endfacet
  facet normal 0.8229838658936564 0.019825173755351026 -0.567718697036043
    outer loop
      vertex -6.5151484975698 22.36917522736773 5.325316387876
      vertex -7.08364820522568 35.84832093420491 4.971902483240108
      vertex -5.988085985368808 35.79292859649042 6.558131495964992
    endloop
  endfacet
  facet normal -0.20791169081775998 0.03413685896636862 -0.9775517396441021
    outer loop
      vertex -3.3991869381244215 12.857490669036379 -10.019005033201987
      vertex -3.3991869381244215 29.34743931485146 -9.443163337610722
      vertex -2.5 29.354109588784105 -9.634174991412461
    endloop
  endfacet
  facet normal 0.23931566428766002 -0.03388538075557979 0.9703503459048207
    outer loop
      vertex -2.8188654518729668 12.753592716417335 -7.043756946426693
      vertex -2.834523557637485 33.21348946288403 -6.325419879409493
      vertex -2.8368390963402854 29.24338675378085 -6.463487844056786
    endloop
  endfacet
  facet normal 0.23931566428748627 -0.03388538075558172 0.9703503459048636
    outer loop
      vertex -2.7431091222190997 9.869056404012673 -7.163170813895543
      vertex -2.8368390963402854 36.23912254291452 -6.219191367139279
      vertex -2.834523557637485 33.21348946288403 -6.325419879409493
    endloop
  endfacet
  facet normal 0 -0.034899496702500976 0.9993908270190958
    outer loop
      vertex -0.9642934420425839 11.496128314258748 -7.545058146151418
      vertex -0.843756761787261 33.25705761225519 -6.7851497502098645
      vertex -0.9642934420425839 36.25523009331248 -6.680451260102362
    endloop
  endfacet
  facet normal 0.23931566428755757 -0.03388538075558081 0.970350345904846
    outer loop
      vertex -0.9642934420425839 11.496128314258748 -7.545058146151418
      vertex -0.9642934420425839 36.25523009331248 -6.680451260102362
      vertex -2.8368390963402854 36.23912254291452 -6.219191367139279
    endloop
  endfacet
  facet normal -0.2079116908177592 0.03413685896636841 -0.9775517396441022
    outer loop
      vertex -3.3991869381244215 33.345002622927844 -9.303565350800717
      vertex -3.3991869381244215 36.34317510398513 -9.198866860693215
      vertex -1.1498130959441881 33.36168874131783 -9.781393263325137
    endloop
  endfacet
  facet normal -0.20791169081775845 0.034136858966369005 -0.9775517396441024
    outer loop
      vertex -3.3991869381244215 36.34317510398513 -9.198866860693215
      vertex -1.1498130959441881 36.359861222375116 -9.676694773217633
      vertex -1.1498130959441881 33.36168874131783 -9.781393263325137
    endloop
  endfacet
  facet normal -1.0831395921018262e-15 0.9993908270190958 0.03489949670250223
    outer loop
      vertex -3.3991869381244215 36.34317510398513 -9.198866860693215
      vertex -2.8368390963402854 36.23912254291452 -6.219191367139279
      vertex -0.9642934420425839 36.25523009331248 -6.680451260102362
    endloop
  endfacet
  facet normal 1.5812497296390723e-15 0.9993908270190958 0.03489949670249965
    outer loop
      vertex -3.3991869381244215 36.34317510398513 -9.198866860693215
      vertex -0.9642934420425839 36.25523009331248 -6.680451260102362
      vertex -1.1498130959441881 36.359861222375116 -9.676694773217633
    endloop
  endfacet
  facet normal 0.23931566428782025 -0.03388538075557855 0.9703503459047813
    outer loop
      vertex -2.8368390963402854 33.240950061857234 -6.323889857246782
      vertex -2.834523557637485 33.21348946288403 -6.325419879409493
      vertex -2.8368390963402854 36.23912254291452 -6.219191367139279
    endloop
  endfacet
  facet normal 0 0.034899496702501275 -0.9993908270190958
    outer loop
      vertex -1.1498130959441881 33.36168874131783 -9.781393263325137
      vertex -1.1498130959441881 36.359861222375116 -9.676694773217633
      vertex 1.1498130959441881 33.36168874131783 -9.781393263325137
    endloop
  endfacet
  facet normal 0 0.9993908270190958 0.03489949670249975
    outer loop
      vertex -1.1498130959441881 36.359861222375116 -9.676694773217633
      vertex -0.9642934420425839 36.25523009331248 -6.680451260102362
      vertex 0.9642934420425839 36.25523009331248 -6.680451260102362
    endloop
  endfacet
  facet normal 0 -0.03489949670250098 0.9993908270190958
    outer loop
      vertex -0.843756761787261 33.25705761225519 -6.7851497502098645
      vertex 0.9642934420425839 36.25523009331248 -6.680451260102362
      vertex -0.9642934420425839 36.25523009331248 -6.680451260102362
    endloop
  endfacet
  facet normal -0.7431448254773936 -0.023352321390163702 0.668722990072769
    outer loop
      vertex -7.767534539408416 7.295865666645731 7.981949519424844
      vertex -7.360436669947441 13.757163558167282 8.659986594333624
      vertex -8 10.268796059748306 7.827430115030966
    endloop
  endfacet
  facet normal -0.5877852522924732 -0.028234285927455714 0.8085241630808817
    outer loop
      vertex -7.08364820522568 4.071598409860845 8.522980375773553
      vertex -7.360436669947441 13.757163558167282 8.659986594333624
      vertex -7.360436669947441 5.311101167989207 8.365043596493296
    endloop
  endfacet
  facet normal -0.7431448254773951 -0.023352321390163414 0.6687229900727674
    outer loop
      vertex -7.360436669947441 5.311101167989207 8.365043596493296
      vertex -7.360436669947441 13.757163558167282 8.659986594333624
      vertex -7.767534539408416 7.295865666645731 7.981949519424844
    endloop
  endfacet
  facet normal -0.5877852522924712 -0.02823428592745568 0.8085241630808833
    outer loop
      vertex -7.08364820522568 4.071598409860845 8.522980375773553
      vertex -7.08364820522568 14.580677662969725 8.889965509941876
      vertex -7.360436669947441 13.757163558167282 8.659986594333624
    endloop
  endfacet
  facet normal -0.7431448254773957 -0.023352321390162693 0.6687229900727666
    outer loop
      vertex -8 10.268796059748306 7.827430115030966
      vertex -7.360436669947441 13.757163558167282 8.659986594333624
      vertex -7.767534539408416 12.707662266862336 8.170933621037232
    endloop
  endfacet
  facet normal -0.866025403784439 -0.017449748351250453 0.4996954135095472
    outer loop
      vertex -10.049000034068609 19.68499617332367 5.164245451669371
      vertex -8.899186938124423 20.439910778437856 7.183356280587053
      vertex -10.049000034068609 35.82192582721554 5.7277594524174775
    endloop
  endfacet
  facet normal -0.7431448254773941 -0.023352321390163463 0.6687229900727685
    outer loop
      vertex -8.899186938124423 20.439910778437856 7.183356280587053
      vertex -7.360436669947441 21.087710346460177 8.915974928976071
      vertex -8.899186938124423 35.75242226847169 7.718080964670263
    endloop
  endfacet
  facet normal -0.866025403784439 -0.017449748351250467 0.4996954135095472
    outer loop
      vertex -8.899186938124423 20.439910778437856 7.183356280587053
      vertex -8.899186938124423 35.75242226847169 7.718080964670263
      vertex -10.049000034068609 35.82192582721554 5.7277594524174775
    endloop
  endfacet
  facet normal -0.7431448254773937 -0.023352321390163404 0.6687229900727687
    outer loop
      vertex -8.899186938124423 35.75242226847169 7.718080964670263
      vertex -7.360436669947441 21.087710346460177 8.915974928976071
      vertex -7.360436669947441 35.69278058843893 9.425995220306994
    endloop
  endfacet
  facet normal 4.6793064005838026e-15 0.9993908270190958 0.03489949670250068
    outer loop
      vertex -7.767534539408416 35.911253802794164 3.1697409184977667
      vertex -7.360436669947441 35.69278058843893 9.425995220306994
      vertex -7.08364820522568 35.84832093420491 4.971902483240108
    endloop
  endfacet
  facet normal -3.2855922162025985e-16 0.9993908270190958 0.03489949670250037
    outer loop
      vertex -7.08364820522568 35.84832093420491 4.971902483240108
      vertex -7.360436669947441 35.69278058843893 9.425995220306994
      vertex -5.988085985368808 35.79292859649042 6.558131495964992
    endloop
  endfacet
  facet normal -0.5877852522924737 -0.028234285927455697 0.8085241630808814
    outer loop
      vertex -5.988085985368808 1.0050651259988908 9.212352399157718
      vertex -5.988085985368808 16.0006775447582 9.736010723820801
      vertex -7.08364820522568 14.580677662969725 8.889965509941876
    endloop
  endfacet
  facet normal 0.6631226582408087 0.026122648387582315 -0.748054775647387
    outer loop
      vertex -5.5437063220083616 2.5754718635461207 5.7920783437305
      vertex -5.502277475907096 3.9509000578916793 5.876834481545283
      vertex -4.544517973849246 23.568242740900867 7.41090526021763
    endloop
  endfacet
  facet normal 0.6631226582407966 0.026122648387583738 -0.7480547756473976
    outer loop
      vertex -5.988085985368808 5.004337886092087 5.482970216791404
      vertex -4.924975189829997 23.117203627865855 7.057893495352723
      vertex -5.502277475907096 3.9509000578916793 5.876834481545283
    endloop
  endfacet
  facet normal -0.5877852522924709 -0.028234285927455766 0.8085241630808834
    outer loop
      vertex -5.988085985368808 1.0050651259988908 9.212352399157718
      vertex -5.5 16.24504499702507 10.099375602675634
      vertex -5.988085985368808 16.0006775447582 9.736010723820801
    endloop
  endfacet
  facet normal 0.6631226582407947 0.02612264838758391 -0.7480547756473992
    outer loop
      vertex -5.5437063220083616 2.5754718635461207 5.7920783437305
      vertex -4.544517973849246 23.568242740900867 7.41090526021763
      vertex -5.022258986924623 -2.147456739806744 6.089393656657653
    endloop
  endfacet
  facet normal 0.46472317204376873 0.030901969647493827 -0.884916629766603
    outer loop
      vertex -4.544517973849246 -12.222463705940886 6.161066250440659
      vertex -4.544517973849246 23.568242740900867 7.41090526021763
      vertex -3.371121282830472 20.718172132134715 7.92760007811386
    endloop
  endfacet
  facet normal -0.4067366430758015 -0.03188227668658276 0.9129889504329767
    outer loop
      vertex -3.6575379836071873 -0.29880383767990665 10.34246863181686
      vertex -4.544517973849246 17.00142840294129 10.551456404604993
      vertex -5.5 16.24504499702507 10.099375602675634
    endloop
  endfacet
  facet normal -0.4067366430757988 -0.03188227668658268 0.9129889504329777
    outer loop
      vertex -3.3991869381244215 -2.8365536540078535 10.36894386479512
      vertex -3.3991869381244215 17.323597039603758 11.07295184008563
      vertex -4.544517973849246 17.00142840294129 10.551456404604993
    endloop
  endfacet
  facet normal 0.663122658240795 0.02612264838758401 -0.7480547756473991
    outer loop
      vertex -5.988085985368808 5.004337886092087 5.482970216791404
      vertex -5.988085985368808 19.9999503048514 6.00662854145449
      vertex -5.204789271548926 20.26299653413659 6.710177640197077
    endloop
  endfacet
  facet normal 0.6631226582407913 0.02612264838758453 -0.7480547756474022
    outer loop
      vertex -5.988085985368808 5.004337886092087 5.482970216791404
      vertex -5.204789271548926 20.26299653413659 6.710177640197077
      vertex -4.924975189829997 23.117203627865855 7.057893495352723
    endloop
  endfacet
  facet normal 0.6631226582407952 0.026122648387583623 -0.7480547756473988
    outer loop
      vertex -5.204789271548926 20.26299653413659 6.710177640197077
      vertex -5.484257343506563 22.190901535683626 6.529763543952453
      vertex -4.924975189829997 23.117203627865855 7.057893495352723
    endloop
  endfacet
  facet normal 0.6631226582407963 0.02612264838758375 -0.7480547756473978
    outer loop
      vertex -5.502277475907096 3.9509000578916793 5.876834481545283
      vertex -4.924975189829997 23.117203627865855 7.057893495352723
      vertex -4.544517973849246 23.568242740900867 7.41090526021763
    endloop
  endfacet
  facet normal -0.2079116908177609 -0.03413685896636863 0.977551739644102
    outer loop
      vertex -3.3749020842482067 -3.0095884473078676 10.368066408114615
      vertex -2.8368390963402854 17.61710841658206 11.202805066207661
      vertex -3.3991869381244215 17.323597039603758 11.07295184008563
    endloop
  endfacet
  facet normal -0.20791169081775934 -0.03413685896636869 0.9775517396441022
    outer loop
      vertex -1.1498130959441881 -4.485582662833083 10.789769107511159
      vertex -1.1498130959441881 17.833916227129848 11.569183183418874
      vertex -2.8368390963402854 17.61710841658206 11.202805066207661
    endloop
  endfacet
  facet normal 0.4647231720437686 0.030901969647493824 -0.8849166297666031
    outer loop
      vertex -2.8368390963402854 -0.31964820675489625 7.473527050697058
      vertex -3.371121282830472 20.718172132134715 7.92760007811386
      vertex -2.8368390963402854 20.824465942129564 8.211895786997454
    endloop
  endfacet
  facet normal 0.23931566428755857 0.033885380755580806 -0.9703503459048458
    outer loop
      vertex -2.8368390963402854 -0.31964820675489625 7.473527050697058
      vertex -2.8368390963402854 20.824465942129564 8.211895786997454
      vertex -2.1886510964009394 20.885026359005366 8.373871979654652
    endloop
  endfacet
  facet normal 1.9206714631935612e-15 -0.034899496702500775 0.9993908270190958
    outer loop
      vertex -1.1498130959441881 17.833916227129848 11.569183183418874
      vertex 0.964293442042582 -4.5502102887010025 10.787512261085427
      vertex -0.9642934420425825 17.89854385299777 11.571440029844606
    endloop
  endfacet
  facet normal 0.23931566428755624 0.03388538075558089 -0.9703503459048465
    outer loop
      vertex -2.8368390963402854 -4.702484696002549 7.32047502793602
      vertex -2.1886510964009394 20.885026359005366 8.373871979654652
      vertex -0.964293442042582 35.70090945206242 9.193215022682432
    endloop
  endfacet
  facet normal 0 0.034899496702500976 -0.9993908270190958
    outer loop
      vertex -0.964293442042582 -12.269850244854176 7.518039180962385
      vertex -0.964293442042582 35.70090945206242 9.193215022682432
      vertex 0.964293442042582 35.70090945206242 9.193215022682432
    endloop
  endfacet
  facet normal 0.8229838658936556 0.019825173755351172 -0.5677186970360444
    outer loop
      vertex -6.5151484975698 22.36917522736773 5.325316387876
      vertex -5.988085985368808 35.79292859649042 6.558131495964992
      vertex -5.988085985368808 23.105643324821656 6.115081731516999
    endloop
  endfacet
  facet normal -0.5877852522924726 -0.028234285927455662 0.8085241630808823
    outer loop
      vertex -7.360436669947441 21.087710346460177 8.915974928976071
      vertex -5.5 21.600082927780857 10.286377647875122
      vertex -7.360436669947441 35.69278058843893 9.425995220306994
    endloop
  endfacet
  facet normal 0.6631226582407954 0.026122648387583904 -0.7480547756473986
    outer loop
      vertex -5.988085985368808 23.105643324821656 6.115081731516999
      vertex -4.544517973849246 35.74829599097571 7.836242092160706
      vertex -4.544517973849246 24.339121315502656 7.437824933227425
    endloop
  endfacet
  facet normal 0.46472317204376895 0.030901969647493803 -0.8849166297666029
    outer loop
      vertex -4.544517973849246 24.339121315502656 7.437824933227425
      vertex -2.8368390963402854 35.71701700246037 8.73195512971935
      vertex -2.8368390963402854 25.203555364545963 8.364816959301407
    endloop
  endfacet
  facet normal -0.4067366430758002 -0.031882276686582785 0.9129889504329772
    outer loop
      vertex -5.5 21.600082927780857 10.286377647875122
      vertex -3.3991869381244215 21.954635381959744 11.234671262546488
      vertex -5.5 35.64560741472722 10.776858170874476
    endloop
  endfacet
  facet normal 0.663122658240795 0.026122648387584022 -0.748054775647399
    outer loop
      vertex -5.988085985368808 23.105643324821656 6.115081731516999
      vertex -5.988085985368808 35.79292859649042 6.558131495964992
      vertex -4.544517973849246 35.74829599097571 7.836242092160706
    endloop
  endfacet
  facet normal -0.5877852522924735 -0.028234285927455808 0.8085241630808817
    outer loop
      vertex -7.360436669947441 35.69278058843893 9.425995220306994
      vertex -5.5 21.600082927780857 10.286377647875122
      vertex -5.5 35.64560741472722 10.776858170874476
    endloop
  endfacet
  facet normal -1.3041077754734089e-15 0.9993908270190958 0.0348994967024999
    outer loop
      vertex -5.988085985368808 35.79292859649042 6.558131495964992
      vertex -7.360436669947441 35.69278058843893 9.425995220306994
      vertex -5.5 35.64560741472722 10.776858170874476
    endloop
  endfacet
  facet normal -1.857299233214834e-15 0.9993908270190958 0.03489949670249996
    outer loop
      vertex -5.988085985368808 35.79292859649042 6.558131495964992
      vertex -5.5 35.64560741472722 10.776858170874476
      vertex -4.544517973849246 35.74829599097571 7.836242092160706
    endloop
  endfacet
  facet normal 0.4647231720437688 0.030901969647493862 -0.884916629766603
    outer loop
      vertex -4.544517973849246 24.339121315502656 7.437824933227425
      vertex -4.544517973849246 35.74829599097571 7.836242092160706
      vertex -2.8368390963402854 35.71701700246037 8.73195512971935
    endloop
  endfacet
  facet normal -0.40673664307579954 -0.03188227668658268 0.9129889504329775
    outer loop
      vertex -3.3991869381244215 21.954635381959744 11.234671262546488
      vertex -3.3991869381244215 35.612964441389764 11.711630623273283
      vertex -5.5 35.64560741472722 10.776858170874476
    endloop
  endfacet
  facet normal -1.2400980385362218e-16 0.9993908270190958 0.03489949670250202
    outer loop
      vertex -4.544517973849246 35.74829599097571 7.836242092160706
      vertex -3.3991869381244215 35.612964441389764 11.711630623273283
      vertex -2.8368390963402854 35.71701700246037 8.73195512971935
    endloop
  endfacet
  facet normal 2.28316548805112e-15 0.9993908270190958 0.03489949670250131
    outer loop
      vertex -4.544517973849246 35.74829599097571 7.836242092160706
      vertex -5.5 35.64560741472722 10.776858170874476
      vertex -3.3991869381244215 35.612964441389764 11.711630623273283
    endloop
  endfacet
  facet normal 0.2393156642875591 0.03388538075558079 -0.9703503459048457
    outer loop
      vertex -2.8368390963402854 25.203555364545963 8.364816959301407
      vertex -2.8368390963402854 35.71701700246037 8.73195512971935
      vertex -2.8173473028402642 25.208189066008682 8.369785995761625
    endloop
  endfacet
  facet normal 0.23931566428755843 0.03388538075558068 -0.9703503459048458
    outer loop
      vertex -2.1886510964009394 20.885026359005366 8.373871979654652
      vertex -2.8173473028402642 25.208189066008682 8.369785995761625
      vertex -0.964293442042582 35.70090945206242 9.193215022682432
    endloop
  endfacet
  facet normal -0.20791169081775968 -0.03413685896636866 0.9775517396441021
    outer loop
      vertex -3.3991869381244215 21.954635381959744 11.234671262546488
      vertex -1.1498130959441881 22.1358720654178 11.719410791611406
      vertex -3.3991869381244215 35.612964441389764 11.711630623273283
    endloop
  endfacet
  facet normal 0 -0.03489949670250099 0.9993908270190958
    outer loop
      vertex -1.1498130959441881 22.1358720654178 11.719410791611406
      vertex 1.1498130959441881 22.1358720654178 11.719410791611406
      vertex -1.1498130959441881 35.59627832299978 12.189458535797705
    endloop
  endfacet
  facet normal 0.2393156642875578 0.033885380755580806 -0.9703503459048459
    outer loop
      vertex -2.8173473028402642 25.208189066008682 8.369785995761625
      vertex -2.8368390963402854 35.71701700246037 8.73195512971935
      vertex -0.964293442042582 35.70090945206242 9.193215022682432
    endloop
  endfacet
  facet normal -0.20791169081775993 -0.0341368589663687 0.9775517396441021
    outer loop
      vertex -3.3991869381244215 35.612964441389764 11.711630623273283
      vertex -1.1498130959441881 22.1358720654178 11.719410791611406
      vertex -1.1498130959441881 35.59627832299978 12.189458535797705
    endloop
  endfacet
  facet normal -2.0691264371664775e-15 0.9993908270190957 0.034899496702501656
    outer loop
      vertex -2.8368390963402854 35.71701700246037 8.73195512971935
      vertex -3.3991869381244215 35.612964441389764 11.711630623273283
      vertex -1.1498130959441881 35.59627832299978 12.189458535797705
    endloop
  endfacet
  facet normal 1.6569155214955323e-15 0.9993908270190957 0.03489949670249984
    outer loop
      vertex -2.8368390963402854 35.71701700246037 8.73195512971935
      vertex -1.1498130959441881 35.59627832299978 12.189458535797705
      vertex -0.964293442042582 35.70090945206242 9.193215022682432
    endloop
  endfacet
  facet normal 0 0.9993908270190959 0.03489949670249974
    outer loop
      vertex -0.964293442042582 35.70090945206242 9.193215022682432
      vertex -1.1498130959441881 35.59627832299978 12.189458535797705
      vertex 1.1498130959441881 35.59627832299978 12.189458535797705
    endloop
  endfacet
  facet normal -2.5647906773395408e-17 0.034899496702500664 -0.9993908270190957
    outer loop
      vertex -1.1498130959441881 -11.610898474541479 -11.351870614937681
      vertex 1.104722386299318 -13.60968012857967 -11.421669608342683
      vertex 1.1498130959441881 -14.609070955598767 -11.456569105045183
    endloop
  endfacet
  facet normal 0 0.03489949670250069 -0.9993908270190958
    outer loop
      vertex -1.1498130959441881 -11.610898474541479 -11.351870614937681
      vertex 1.1498130959441881 -11.610898474541479 -11.351870614937681
      vertex 1.104722386299318 -13.60968012857967 -11.421669608342683
    endloop
  endfacet
  facet normal 0 0.03489949670250066 -0.9993908270190957
    outer loop
      vertex 1.1498130959441881 -14.609070955598767 -11.456569105045183
      vertex 1.104722386299318 -13.60968012857967 -11.421669608342683
      vertex 1.1498130959441881 -13.60968012857967 -11.421669608342683
    endloop
  endfacet
  facet normal 0 0.03489949670250069 -0.9993908270190957
    outer loop
      vertex 1.104722386299318 -13.60968012857967 -11.421669608342683
      vertex 1.1498130959441881 -11.610898474541479 -11.351870614937681
      vertex 1.1498130959441881 -13.60968012857967 -11.421669608342683
    endloop
  endfacet
  facet normal 0.20791169081775915 0.03413685896636839 -0.9775517396441024
    outer loop
      vertex 1.1498130959441881 -14.609070955598767 -11.456569105045183
      vertex 1.1498130959441881 -13.60968012857967 -11.421669608342683
      vertex 3.3532813495084985 -13.585234251613981 -10.952168816616618
    endloop
  endfacet
  facet normal 0.2079116908177591 0.034136858966368415 -0.9775517396441024
    outer loop
      vertex 1.1498130959441881 -13.60968012857967 -11.421669608342683
      vertex 1.1498130959441881 -11.610898474541479 -11.351870614937681
      vertex 3.3532813495084985 -13.585234251613981 -10.952168816616618
    endloop
  endfacet
  facet normal 0 -0.9993908270190958 -0.03489949670250093
    outer loop
      vertex -0.9642934420425839 -14.71370208466141 -8.46032559192991
      vertex 1.1498130959441881 -14.609070955598767 -11.456569105045183
      vertex 0.9642934420425839 -14.71370208466141 -8.46032559192991
    endloop
  endfacet
  facet normal 0 -0.034899496702500664 0.9993908270190958
    outer loop
      vertex -0.9642934420425839 -13.714311257642313 -8.42542609522741
      vertex 0.9642934420425839 -14.71370208466141 -8.46032559192991
      vertex 0.9642934420425839 -13.714311257642313 -8.42542609522741
    endloop
  endfacet
  facet normal 0 -0.9993908270190958 -0.03489949670250096
    outer loop
      vertex -0.9642934420425839 -13.714311257642313 -8.42542609522741
      vertex 0.9642934420425839 -13.714311257642313 -8.42542609522741
      vertex 1.3905764746872633 -13.842110306372835 -4.765740166464524
    endloop
  endfacet
  facet normal -0.23931566428755705 -0.03388538075558051 0.9703503459048461
    outer loop
      vertex 0.9642934420425839 -14.71370208466141 -8.46032559192991
      vertex 2.8368390963402854 -14.729809635059361 -7.999065698966829
      vertex 0.9642934420425839 -13.714311257642313 -8.42542609522741
    endloop
  endfacet
  facet normal -0.10452846326765358 -0.03470831360796979 0.9939160595006974
    outer loop
      vertex -0.47037808470444065 -13.835284167031475 -4.961215221588151
      vertex 1.3905764746872633 -13.842110306372835 -4.765740166464524
      vertex -0.47037808470444054 -11.836502512993283 -4.891416228183149
    endloop
  endfacet
  facet normal 6.313912411674022e-16 0.9993908270190958 0.03489949670250089
    outer loop
      vertex -0.47037808470444054 -11.836502512993283 -4.891416228183149
      vertex 1.3905764746872633 -11.843328652334643 -4.695941173059523
      vertex 0.9642934420425839 -11.715529603604121 -8.355627101822408
    endloop
  endfacet
  facet normal -0.1045284632676536 -0.0347083136079698 0.9939160595006974
    outer loop
      vertex -0.47037808470444054 -11.836502512993283 -4.891416228183149
      vertex 1.3905764746872633 -13.842110306372835 -4.765740166464524
      vertex 1.3905764746872633 -11.843328652334643 -4.695941173059523
    endloop
  endfacet
  facet normal 2.9756337237267053e-16 -0.9993908270190957 -0.03489949670250091
    outer loop
      vertex 1.1498130959441881 -14.609070955598767 -11.456569105045183
      vertex 3.3991869381244215 -14.625757073988755 -10.978741192520763
      vertex 0.9642934420425839 -14.71370208466141 -8.46032559192991
    endloop
  endfacet
  facet normal 4.3705632663757926e-16 -0.9993908270190958 -0.03489949670250077
    outer loop
      vertex 3.3991869381244215 -14.625757073988755 -10.978741192520763
      vertex 2.8368390963402854 -14.729809635059361 -7.999065698966829
      vertex 0.9642934420425839 -14.71370208466141 -8.46032559192991
    endloop
  endfacet
  facet normal 5.115335214113731e-16 -0.9993908270190958 -0.03489949670250101
    outer loop
      vertex 0.9642934420425839 -13.714311257642313 -8.42542609522741
      vertex 2.8368390963402854 -13.730418808040264 -7.964166202264328
      vertex 1.3905764746872633 -13.842110306372835 -4.765740166464524
    endloop
  endfacet
  facet normal -0.23931566428755746 -0.033885380755581375 0.970350345904846
    outer loop
      vertex 0.9642934420425839 -13.714311257642313 -8.42542609522741
      vertex 2.8368390963402854 -14.729809635059361 -7.999065698966829
      vertex 2.8368390963402854 -13.730418808040264 -7.964166202264328
    endloop
  endfacet
  facet normal -5.115335214113731e-16 0.9993908270190958 0.03489949670250101
    outer loop
      vertex 0.9642934420425839 -11.715529603604121 -8.355627101822408
      vertex 1.3905764746872633 -11.843328652334643 -4.695941173059523
      vertex 2.8368390963402854 -11.731637154002073 -7.894367208859326
    endloop
  endfacet
  facet normal 0.20791169081775926 0.034136858966369706 -0.9775517396441022
    outer loop
      vertex 1.1498130959441881 -14.609070955598767 -11.456569105045183
      vertex 3.355081568669907 -13.626039068177697 -10.953210870573642
      vertex 3.3991869381244215 -14.625757073988755 -10.978741192520763
    endloop
  endfacet
  facet normal 0.20791169081777622 0.03413685896633047 -0.9775517396440999
    outer loop
      vertex 1.1498130959441881 -14.609070955598767 -11.456569105045183
      vertex 3.3532813495084985 -13.585234251613981 -10.952168816616618
      vertex 3.355081568669907 -13.626039068177697 -10.953210870573642
    endloop
  endfacet
  facet normal 0.2079116908177307 0.03413685896632831 -0.9775517396441098
    outer loop
      vertex 3.355081568669907 -13.626039068177697 -10.953210870573642
      vertex 3.3532813495084985 -13.585234251613981 -10.952168816616618
      vertex 3.3991869381244215 -13.626366246969658 -10.943841695818262
    endloop
  endfacet
  facet normal 0.20791169081775923 0.03413685896636856 -0.9775517396441024
    outer loop
      vertex 1.1498130959441881 -11.610898474541479 -11.351870614937681
      vertex 3.3991869381244215 -11.627584592931466 -10.874042702413261
      vertex 3.3532813495084985 -13.585234251613981 -10.952168816616618
    endloop
  endfacet
  facet normal 1.8675269838460654e-16 -0.9993908270190957 -0.034899496702501163
    outer loop
      vertex 1.3905764746872633 -13.842110306372835 -4.765740166464524
      vertex 2.8368390963402854 -13.730418808040264 -7.964166202264328
      vertex 3.011087728614862 -13.87476236652931 -3.830707501614679
    endloop
  endfacet
  facet normal -0.4999999999999997 -0.030223850723656857 0.8654978445076766
    outer loop
      vertex 1.3905764746872633 -13.842110306372835 -4.765740166464524
      vertex 3.011087728614862 -13.87476236652931 -3.830707501614679
      vertex 1.3905764746872633 -11.843328652334643 -4.695941173059523
    endloop
  endfacet
  facet normal -1.9524145740208866e-16 0.9993908270190957 0.034899496702501163
    outer loop
      vertex 1.3905764746872633 -11.843328652334643 -4.695941173059523
      vertex 3.011087728614862 -11.875980712491119 -3.760908508209677
      vertex 2.8368390963402854 -11.731637154002073 -7.894367208859326
    endloop
  endfacet
  facet normal -0.4999999999999999 -0.03022385072365707 0.8654978445076765
    outer loop
      vertex 1.3905764746872633 -11.843328652334643 -4.695941173059523
      vertex 3.011087728614862 -13.87476236652931 -3.830707501614679
      vertex 3.011087728614862 -11.875980712491119 -3.760908508209677
    endloop
  endfacet
  facet normal 6.324220840101243e-16 -0.9993908270190958 -0.03489949670250088
    outer loop
      vertex -0.47037808470444054 -14.147658989503206 3.984029313918124
      vertex 1.3905764746872633 -14.140832850161846 3.7885542587944974
      vertex 0.964293442042582 -14.268631898892368 7.448240187557384
    endloop
  endfacet
  facet normal -0.10452846326765358 0.03470831360797001 -0.9939160595006973
    outer loop
      vertex -0.47037808470444054 -14.147658989503206 3.984029313918124
      vertex 1.3905764746872633 -12.142051196123655 3.858353252199499
      vertex 1.3905764746872633 -14.140832850161846 3.7885542587944974
    endloop
  endfacet
  facet normal -0.10452846326765335 0.03470831360796979 -0.9939160595006974
    outer loop
      vertex -0.47037808470444054 -14.147658989503206 3.984029313918124
      vertex -0.47037808470444065 -12.148877335465015 4.053828307323125
      vertex 1.3905764746872633 -12.142051196123655 3.858353252199499
    endloop
  endfacet
  facet normal -0.4999999999999997 0.030223850723657072 -0.8654978445076766
    outer loop
      vertex 1.3905764746872633 -14.140832850161846 3.7885542587944974
      vertex 3.011087728614862 -12.109399135967179 2.923320587349654
      vertex 3.011087728614862 -14.10818079000537 2.8535215939446523
    endloop
  endfacet
  facet normal -1.8675269838460654e-16 -0.9993908270190957 -0.034899496702501163
    outer loop
      vertex 1.3905764746872633 -14.140832850161846 3.7885542587944974
      vertex 3.011087728614862 -14.10818079000537 2.8535215939446523
      vertex 2.8368390963402854 -14.252524348494417 6.986980294594301
    endloop
  endfacet
  facet normal -0.4999999999999997 0.030223850723657044 -0.8654978445076766
    outer loop
      vertex 1.3905764746872633 -14.140832850161846 3.7885542587944974
      vertex 1.3905764746872633 -12.142051196123655 3.858353252199499
      vertex 3.011087728614862 -12.109399135967179 2.923320587349654
    endloop
  endfacet
  facet normal 1.8887488813897707e-16 0.9993908270190957 0.034899496702501163
    outer loop
      vertex 1.3905764746872633 -12.142051196123655 3.858353252199499
      vertex 2.8368390963402854 -12.253742694456225 7.056779287999302
      vertex 3.011087728614862 -12.109399135967179 2.923320587349654
    endloop
  endfacet
  facet normal 0.20791169081773078 0.0341368589663686 -0.9775517396441084
    outer loop
      vertex 3.3991869381244215 -14.625757073988755 -10.978741192520763
      vertex 3.355081568669907 -13.626039068177697 -10.953210870573642
      vertex 3.3991869381244215 -13.626366246969658 -10.943841695818262
    endloop
  endfacet
  facet normal 7.562777602578331e-17 -0.9993908270190957 -0.034899496702500844
    outer loop
      vertex 3.3991869381244215 -14.625757073988755 -10.978741192520763
      vertex 5.5 -14.658400047326209 -10.043968740121954
      vertex 2.8368390963402854 -14.729809635059361 -7.999065698966829
    endloop
  endfacet
  facet normal 0.40673664307580015 0.03188227668658241 -0.9129889504329771
    outer loop
      vertex 3.3991869381244215 -14.625757073988755 -10.978741192520763
      vertex 3.3991869381244215 -13.626366246969658 -10.943841695818262
      vertex 5.5 -13.659009220307112 -10.009069243419454
    endloop
  endfacet
  facet normal -0.46472317204376873 -0.03090196964749432 0.8849166297666029
    outer loop
      vertex 2.8368390963402854 -14.729809635059361 -7.999065698966829
      vertex 4.544517973849246 -14.7610886235747 -7.103352661408186
      vertex 2.8368390963402854 -13.730418808040264 -7.964166202264328
    endloop
  endfacet
  facet normal -0.4647231720437687 -0.03090196964749432 0.8849166297666029
    outer loop
      vertex 4.544517973849246 -14.7610886235747 -7.103352661408186
      vertex 4.544517973849246 -13.761697796555604 -7.0684531647056845
      vertex 2.8368390963402854 -13.730418808040264 -7.964166202264328
    endloop
  endfacet
  facet normal 0.20791169081776498 0.03413685896636837 -0.977551739644101
    outer loop
      vertex 3.3532813495084985 -13.585234251613981 -10.952168816616618
      vertex 3.3991869381244215 -11.627584592931466 -10.874042702413261
      vertex 3.3991869381244215 -13.626366246969658 -10.943841695818262
    endloop
  endfacet
  facet normal 0.4067366430758002 0.031882276686582445 -0.9129889504329772
    outer loop
      vertex 3.3991869381244215 -13.626366246969658 -10.943841695818262
      vertex 3.3991869381244215 -11.627584592931466 -10.874042702413261
      vertex 5.5 -13.659009220307112 -10.009069243419454
    endloop
  endfacet
  facet normal 0.40673664307580015 0.03188227668658242 -0.9129889504329771
    outer loop
      vertex 3.3991869381244215 -14.625757073988755 -10.978741192520763
      vertex 5.5 -13.659009220307112 -10.009069243419454
      vertex 5.5 -14.658400047326209 -10.043968740121954
    endloop
  endfacet
  facet normal -2.6193195186788294e-16 -0.9993908270190957 -0.034899496702501275
    outer loop
      vertex 2.8368390963402854 -14.729809635059361 -7.999065698966829
      vertex 5.5 -14.658400047326209 -10.043968740121954
      vertex 4.544517973849246 -14.7610886235747 -7.103352661408186
    endloop
  endfacet
  facet normal 0.4067366430758002 0.031882276686582445 -0.9129889504329772
    outer loop
      vertex 3.3991869381244215 -11.627584592931466 -10.874042702413261
      vertex 5.5 -11.66022756626892 -9.939270250014452
      vertex 5.5 -13.659009220307112 -10.009069243419454
    endloop
  endfacet
  facet normal -3.3354508654212566e-16 -0.9993908270190958 -0.03489949670250114
    outer loop
      vertex 2.8368390963402854 -13.730418808040264 -7.964166202264328
      vertex 4.544517973849246 -13.761697796555604 -7.0684531647056845
      vertex 3.011087728614862 -13.87476236652931 -3.830707501614679
    endloop
  endfacet
  facet normal -0.8090169943749473 -0.020513409474159916 0.5874271893982027
    outer loop
      vertex 3.011087728614862 -13.87476236652931 -3.830707501614679
      vertex 4.110954559391704 -13.927594509665195 -2.31779286929624
      vertex 4.110954559391704 -11.928812855627003 -2.247993875891238
    endloop
  endfacet
  facet normal 2.594145270686656e-16 -0.9993908270190958 -0.034899496702500865
    outer loop
      vertex 3.011087728614862 -13.87476236652931 -3.830707501614679
      vertex 4.544517973849246 -13.761697796555604 -7.0684531647056845
      vertex 4.110954559391704 -13.927594509665195 -2.31779286929624
    endloop
  endfacet
  facet normal 3.3756370204263307e-16 0.9993908270190957 0.03489949670250113
    outer loop
      vertex 2.8368390963402854 -11.731637154002073 -7.894367208859326
      vertex 3.011087728614862 -11.875980712491119 -3.760908508209677
      vertex 4.544517973849246 -11.762916142517412 -6.998654171300683
    endloop
  endfacet
  facet normal -0.8090169943749475 -0.020513409474159836 0.5874271893982026
    outer loop
      vertex 3.011087728614862 -13.87476236652931 -3.830707501614679
      vertex 4.110954559391704 -11.928812855627003 -2.247993875891238
      vertex 3.011087728614862 -11.875980712491119 -3.760908508209677
    endloop
  endfacet
  facet normal -2.641311548335504e-16 0.9993908270190958 0.03489949670250086
    outer loop
      vertex 3.011087728614862 -11.875980712491119 -3.760908508209677
      vertex 4.110954559391704 -11.928812855627003 -2.247993875891238
      vertex 4.544517973849246 -11.762916142517412 -6.998654171300683
    endloop
  endfacet
  facet normal -0.6631226582407951 -0.026122648387584317 0.748054775647399
    outer loop
      vertex 4.544517973849246 -14.7610886235747 -7.103352661408186
      vertex 5.988085985368809 -14.80572122908941 -5.825242065212471
      vertex 4.544517973849246 -13.761697796555604 -7.0684531647056845
    endloop
  endfacet
  facet normal -2.7304971373243623e-16 -0.9993908270190958 -0.03489949670250091
    outer loop
      vertex 4.110954559391704 -13.927594509665195 -2.31779286929624
      vertex 4.544517973849246 -13.761697796555604 -7.0684531647056845
      vertex 4.5 -13.99147157826734 -0.48859295383501355
    endloop
  endfacet
  facet normal 2.940535378657005e-16 0.9993908270190958 0.03489949670250091
    outer loop
      vertex 4.110954559391704 -11.928812855627003 -2.247993875891238
      vertex 4.5 -11.992689924229149 -0.4187939604300116
      vertex 4.544517973849246 -11.762916142517412 -6.998654171300683
    endloop
  endfacet
  facet normal -2.4965273635999223e-16 0.9993908270190959 0.03489949670250092
    outer loop
      vertex 4.544517973849246 -11.762916142517412 -6.998654171300683
      vertex 4.5 -11.992689924229149 -0.4187939604300116
      vertex 5.988085985368809 -11.807548748032122 -5.720543575104968
    endloop
  endfacet
  facet normal 2.4204215316640365e-16 -0.9993908270190957 -0.034899496702501115
    outer loop
      vertex 4.544517973849246 -14.7610886235747 -7.103352661408186
      vertex 5.5 -14.658400047326209 -10.043968740121954
      vertex 7.360436669947441 -14.705573221037918 -8.693105789554474
    endloop
  endfacet
  facet normal 0.5877852522924729 0.028234285927455475 -0.8085241630808819
    outer loop
      vertex 5.5 -14.658400047326209 -10.043968740121954
      vertex 5.5 -13.659009220307112 -10.009069243419454
      vertex 7.360436669947441 -13.706182394018821 -8.658206292851974
    endloop
  endfacet
  facet normal 0.5877852522924729 0.028234285927455395 -0.8085241630808819
    outer loop
      vertex 5.5 -14.658400047326209 -10.043968740121954
      vertex 7.360436669947441 -13.706182394018821 -8.658206292851974
      vertex 7.360436669947441 -14.705573221037918 -8.693105789554474
    endloop
  endfacet
  facet normal 3.1767371425417754e-16 -0.9993908270190957 -0.034899496702500976
    outer loop
      vertex 4.544517973849246 -14.7610886235747 -7.103352661408186
      vertex 7.360436669947441 -14.705573221037918 -8.693105789554474
      vertex 5.988085985368809 -14.80572122908941 -5.825242065212471
    endloop
  endfacet
  facet normal 0.5877852522924729 0.028234285927455503 -0.8085241630808819
    outer loop
      vertex 5.5 -13.659009220307112 -10.009069243419454
      vertex 5.5 -11.66022756626892 -9.939270250014452
      vertex 7.360436669947441 -13.706182394018821 -8.658206292851974
    endloop
  endfacet
  facet normal 0.5877852522924729 0.02823428592745552 -0.8085241630808819
    outer loop
      vertex 5.5 -11.66022756626892 -9.939270250014452
      vertex 7.360436669947441 -11.70740073998063 -8.588407299446972
      vertex 7.360436669947441 -13.706182394018821 -8.658206292851974
    endloop
  endfacet
  facet normal -0.6631226582407951 -0.02612264838758438 0.748054775647399
    outer loop
      vertex 4.544517973849246 -13.761697796555604 -7.0684531647056845
      vertex 5.988085985368809 -14.80572122908941 -5.825242065212471
      vertex 5.988085985368809 -13.806330402070314 -5.79034256850997
    endloop
  endfacet
  facet normal -0.8229838658936564 -0.019825173755351352 0.567718697036043
    outer loop
      vertex 5.988085985368809 -14.80572122908941 -5.825242065212471
      vertex 7.083648205225679 -14.8611135668039 -4.23901305248759
      vertex 5.988085985368809 -13.806330402070314 -5.79034256850997
    endloop
  endfacet
  facet normal -0.8229838658936564 -0.019825173755351352 0.5677186970360429
    outer loop
      vertex 7.083648205225679 -14.8611135668039 -4.23901305248759
      vertex 7.083648205225679 -13.861722739784803 -4.204113555785089
      vertex 5.988085985368809 -13.806330402070314 -5.79034256850997
    endloop
  endfacet
  facet normal -0.8229838658936564 -0.019825173755351116 0.5677186970360428
    outer loop
      vertex 5.988085985368809 -11.807548748032122 -5.720543575104968
      vertex 6.887436505257075 -7.855457186624641 -4.278805133467716
      vertex 5.988085985368809 -7.80998543995574 -5.580945588294964
    endloop
  endfacet
  facet normal -0.9781476007338057 -0.0072560133681058014 0.20778503663329898
    outer loop
      vertex 4.110954559391704 -13.927594509665195 -2.31779286929624
      vertex 4.5 -13.99147157826734 -0.48859295383501355
      vertex 4.5 -11.992689924229149 -0.4187939604300116
    endloop
  endfacet
  facet normal -2.2130250959446905e-16 -0.9993908270190958 -0.034899496702500914
    outer loop
      vertex 4.544517973849246 -13.761697796555604 -7.0684531647056845
      vertex 5.988085985368808 -14.176612754464367 4.813156660839944
      vertex 4.5 -13.99147157826734 -0.48859295383501355
    endloop
  endfacet
  facet normal -0.9781476007338057 0.007256013368105804 -0.20778503663329903
    outer loop
      vertex 4.110954559391704 -14.055348646869486 1.3406069616262128
      vertex 4.110954559391704 -12.056566992831295 1.410405955031215
      vertex 4.5 -13.99147157826734 -0.48859295383501355
    endloop
  endfacet
  facet normal -0.9781476007338057 -0.0072560133681058275 0.20778503663329903
    outer loop
      vertex 4.110954559391704 -13.927594509665195 -2.31779286929624
      vertex 4.5 -11.992689924229149 -0.4187939604300116
      vertex 4.110954559391704 -11.928812855627003 -2.247993875891238
    endloop
  endfacet
  facet normal -0.9781476007338057 0.007256013368105802 -0.207785036633299
    outer loop
      vertex 4.110954559391704 -12.056566992831295 1.410405955031215
      vertex 4.5 -11.992689924229149 -0.4187939604300116
      vertex 4.5 -13.99147157826734 -0.48859295383501355
    endloop
  endfacet
  facet normal -1.7704200767557487e-16 0.9993908270190958 0.03489949670250092
    outer loop
      vertex 4.5 -11.992689924229149 -0.4187939604300116
      vertex 4.544517973849249 -12.222463705940886 6.161066250440657
      vertex 5.988085985368809 -11.807548748032122 -5.720543575104968
    endloop
  endfacet
  facet normal -0.8090169943749475 0.020513409474159854 -0.5874271893982025
    outer loop
      vertex 4.110954559391704 -14.055348646869486 1.3406069616262128
      vertex 3.011087728614862 -14.10818079000537 2.8535215939446523
      vertex 3.011087728614862 -12.109399135967179 2.923320587349654
    endloop
  endfacet
  facet normal -2.9243092142285923e-16 -0.9993908270190958 -0.03489949670250088
    outer loop
      vertex 4.110954559391704 -14.055348646869486 1.3406069616262128
      vertex 4.544517973849249 -14.221245359979077 6.091267257035655
      vertex 3.011087728614862 -14.10818079000537 2.8535215939446523
    endloop
  endfacet
  facet normal 2.8130308503552703e-16 -0.9993908270190957 -0.034899496702501136
    outer loop
      vertex 3.011087728614862 -14.10818079000537 2.8535215939446523
      vertex 4.544517973849249 -14.221245359979077 6.091267257035655
      vertex 2.8368390963402854 -14.252524348494417 6.986980294594301
    endloop
  endfacet
  facet normal -0.8090169943749475 0.020513409474159902 -0.5874271893982026
    outer loop
      vertex 4.110954559391704 -14.055348646869486 1.3406069616262128
      vertex 3.011087728614862 -12.109399135967179 2.923320587349654
      vertex 4.110954559391704 -12.056566992831295 1.410405955031215
    endloop
  endfacet
  facet normal 2.924309214228593e-16 0.9993908270190958 0.03489949670250088
    outer loop
      vertex 4.110954559391704 -12.056566992831295 1.410405955031215
      vertex 3.011087728614862 -12.109399135967179 2.923320587349654
      vertex 4.544517973849249 -12.222463705940886 6.161066250440657
    endloop
  endfacet
  facet normal -2.8130308503552713e-16 0.9993908270190958 0.03489949670250115
    outer loop
      vertex 3.011087728614862 -12.109399135967179 2.923320587349654
      vertex 2.8368390963402854 -12.253742694456225 7.056779287999302
      vertex 4.544517973849249 -12.222463705940886 6.161066250440657
    endloop
  endfacet
  facet normal 2.310420654659071e-16 -0.9993908270190958 -0.03489949670250092
    outer loop
      vertex 4.110954559391704 -14.055348646869486 1.3406069616262128
      vertex 4.5 -13.99147157826734 -0.48859295383501355
      vertex 4.544517973849249 -14.221245359979077 6.091267257035655
    endloop
  endfacet
  facet normal -1.625645725134838e-16 -0.9993908270190959 -0.03489949670250093
    outer loop
      vertex 4.5 -13.99147157826734 -0.48859295383501355
      vertex 5.988085985368808 -14.176612754464367 4.813156660839944
      vertex 4.544517973849249 -14.221245359979077 6.091267257035655
    endloop
  endfacet
  facet normal -0.6631226582407952 0.02612264838758431 -0.7480547756473989
    outer loop
      vertex 4.544517973849249 -15.220636186998174 6.056367760333154
      vertex 4.544517973849249 -14.221245359979077 6.091267257035655
      vertex 5.988085985368808 -14.176612754464367 4.813156660839944
    endloop
  endfacet
  facet normal -2.1003824133264282e-16 0.9993908270190958 0.03489949670250093
    outer loop
      vertex 4.110954559391704 -12.056566992831295 1.410405955031215
      vertex 4.544517973849249 -12.222463705940886 6.161066250440657
      vertex 4.5 -11.992689924229149 -0.4187939604300116
    endloop
  endfacet
  facet normal 3.116933849234908e-16 -0.9993908270190957 -0.034899496702500976
    outer loop
      vertex 4.544517973849246 -13.761697796555604 -7.0684531647056845
      vertex 5.988085985368809 -13.806330402070314 -5.79034256850997
      vertex 5.988085985368808 -14.176612754464367 4.813156660839944
    endloop
  endfacet
  facet normal -6.95070806351831e-16 -0.9993908270190958 -0.03489949670250084
    outer loop
      vertex 5.988085985368809 -13.806330402070314 -5.79034256850997
      vertex 7.083648205225679 -13.861722739784803 -4.204113555785089
      vertex 7.08364820522568 -14.121220416749878 3.22692764811506
    endloop
  endfacet
  facet normal 3.8204922547934434e-16 -0.9993908270190958 -0.03489949670250097
    outer loop
      vertex 5.988085985368809 -13.806330402070314 -5.79034256850997
      vertex 7.08364820522568 -14.121220416749878 3.22692764811506
      vertex 5.988085985368808 -14.176612754464367 4.813156660839944
    endloop
  endfacet
  facet normal 5.157664543971156e-16 0.9993908270190958 0.03489949670250097
    outer loop
      vertex 5.988085985368809 -11.807548748032122 -5.720543575104968
      vertex 5.988085985368808 -12.177831100426175 4.882955654244945
      vertex 7.083648205225679 -11.86294108574661 -4.134314562380087
    endloop
  endfacet
  facet normal -5.996689309702059e-16 0.9993908270190958 0.03489949670250084
    outer loop
      vertex 7.083648205225679 -11.86294108574661 -4.134314562380087
      vertex 5.988085985368808 -12.177831100426175 4.882955654244945
      vertex 7.08364820522568 -12.122438762711687 3.296726641520062
    endloop
  endfacet
  facet normal -0.6631226582407952 0.026122648387584338 -0.7480547756473989
    outer loop
      vertex 4.544517973849249 -15.220636186998174 6.056367760333154
      vertex 5.988085985368808 -14.176612754464367 4.813156660839944
      vertex 5.988085985368808 -15.176003581483464 4.778257164137442
    endloop
  endfacet
  facet normal 2.3195786785004053e-16 0.9993908270190958 0.03489949670250098
    outer loop
      vertex 4.544517973849249 -12.222463705940886 6.161066250440657
      vertex 5.988085985368808 -12.177831100426175 4.882955654244945
      vertex 5.988085985368809 -11.807548748032122 -5.720543575104968
    endloop
  endfacet
  facet normal -0.8229838658936562 0.01982517375535135 -0.5677186970360429
    outer loop
      vertex 5.988085985368808 -15.176003581483464 4.778257164137442
      vertex 5.988085985368808 -14.176612754464367 4.813156660839944
      vertex 7.08364820522568 -14.121220416749878 3.22692764811506
    endloop
  endfacet
  facet normal -0.8229838658936564 0.01982517375535106 -0.5677186970360432
    outer loop
      vertex 5.988085985368808 -15.176003581483464 4.778257164137442
      vertex 7.08364820522568 -14.121220416749878 3.22692764811506
      vertex 7.08364820522568 -15.120611243768975 3.192028151412559
    endloop
  endfacet
  facet normal -0.8229838658936562 0.019825173755350978 -0.5677186970360432
    outer loop
      vertex 5.988085985368808 -12.177831100426175 4.882955654244945
      vertex 6.813003698592435 1.622508866440958 4.169046048901882
      vertex 7.08364820522568 -12.122438762711687 3.296726641520062
    endloop
  endfacet
  facet normal -0.2393156642875575 -0.033885380755580834 0.970350345904846
    outer loop
      vertex 0.9642934420425839 -11.715529603604121 -8.355627101822408
      vertex 2.8368390963402854 -11.731637154002073 -7.894367208859326
      vertex 2.1956165060480286 4.700679593903378 -7.478681574027123
    endloop
  endfacet
  facet normal 0.2079116908177602 0.03413685896636862 -0.9775517396441021
    outer loop
      vertex 2.5 -7.623351010922436 -10.925456369404996
      vertex 3.3991869381244215 8.859927360959997 -10.158603020011991
      vertex 3.3991869381244215 -7.630021284855084 -10.734444715603257
    endloop
  endfacet
  facet normal -0.2393156642875575 -0.03388538075558083 0.970350345904846
    outer loop
      vertex 2.8368390963402854 -11.731637154002073 -7.894367208859326
      vertex 2.81909179011617 8.75602746138994 -7.1832991798543455
      vertex 2.1956165060480286 4.700679593903378 -7.478681574027123
    endloop
  endfacet
  facet normal 0.20791169081776026 0.03413685896636862 -0.9775517396441021
    outer loop
      vertex 2.5 -7.623351010922436 -10.925456369404996
      vertex 2.5 8.866597634892646 -10.349614673813731
      vertex 3.3991869381244215 8.859927360959997 -10.158603020011991
    endloop
  endfacet
  facet normal -0.23931566428756815 -0.03388538075558075 0.9703503459048435
    outer loop
      vertex 2.8368390963402854 -11.731637154002073 -7.894367208859326
      vertex 2.8368390963402854 10.770767341310231 -7.108565928468456
      vertex 2.81909179011617 8.75602746138994 -7.1832991798543455
    endloop
  endfacet
  facet normal -0.4647231720437688 -0.03090196964749385 0.884916629766603
    outer loop
      vertex 2.8368390963402854 -11.731637154002073 -7.894367208859326
      vertex 4.544517973849246 -11.762916142517412 -6.998654171300683
      vertex 2.8368390963402854 10.770767341310231 -7.108565928468456
    endloop
  endfacet
  facet normal 0.4067366430758002 0.031882276686582646 -0.9129889504329772
    outer loop
      vertex 3.3991869381244215 -7.630021284855084 -10.734444715603257
      vertex 3.3991869381244215 8.859927360959997 -10.158603020011991
      vertex 5.5 -7.662664258192538 -9.799672263204448
    endloop
  endfacet
  facet normal 0.5877852522924729 0.02823428592745568 -0.808524163080882
    outer loop
      vertex 5.5 -7.662664258192538 -9.799672263204448
      vertex 5.5 8.827284387622543 -9.223830567613183
      vertex 7.360436669947441 -7.709837431904248 -8.448809312636968
    endloop
  endfacet
  facet normal -0.6631226582407952 -0.026122648387583915 0.7480547756473988
    outer loop
      vertex 4.544517973849246 -11.762916142517412 -6.998654171300683
      vertex 5.988085985368809 -7.80998543995574 -5.580945588294964
      vertex 5.5 10.459172796301685 -5.375642546492804
    endloop
  endfacet
  facet normal -0.8229838658936564 -0.019825173755350995 0.5677186970360428
    outer loop
      vertex 5.988085985368809 -7.80998543995574 -5.580945588294964
      vertex 6.887436505257075 -7.855457186624641 -4.278805133467716
      vertex 6.078063242886585 8.675413897253483 -4.874828739204191
    endloop
  endfacet
  facet normal -0.6631226582407954 0.02612264838758389 -0.7480547756473988
    outer loop
      vertex 4.971119853051097 -2.2264956540569405 6.131966491783114
      vertex 5.500000000000002 -1.409076401577836 5.691678876571053
      vertex 5.988085985368808 -12.177831100426175 4.882955654244945
    endloop
  endfacet
  facet normal -0.6631226582407973 0.026122648387583675 -0.748054775647397
    outer loop
      vertex 5.988085985368808 -12.177831100426175 4.882955654244945
      vertex 5.500000000000002 -1.409076401577836 5.691678876571053
      vertex 5.988085985368808 -0.4606464331719568 5.2921287591023685
    endloop
  endfacet
  facet normal -0.822983865893656 0.01982517375535094 -0.5677186970360436
    outer loop
      vertex 5.988085985368808 -12.177831100426175 4.882955654244945
      vertex 5.988085985368808 -0.4606464331719568 5.2921287591023685
      vertex 6.813003698592435 1.622508866440958 4.169046048901882
    endloop
  endfacet
  facet normal -0.4647231720437712 -0.030901969647494046 0.8849166297666018
    outer loop
      vertex 4.544517973849246 -11.762916142517412 -6.998654171300683
      vertex 3.3991869381244215 10.634442874641229 -6.818003665713271
      vertex 2.8368390963402854 10.770767341310231 -7.108565928468456
    endloop
  endfacet
  facet normal 0.40673664307580015 0.03188227668658264 -0.9129889504329771
    outer loop
      vertex 5.5 -7.662664258192538 -9.799672263204448
      vertex 3.3991869381244215 8.859927360959997 -10.158603020011991
      vertex 5.5 8.827284387622543 -9.223830567613183
    endloop
  endfacet
  facet normal -0.4647231720437684 -0.030901969647493907 0.8849166297666032
    outer loop
      vertex 4.544517973849246 -11.762916142517412 -6.998654171300683
      vertex 4.544517973849246 10.733430907129167 -6.2130644215736135
      vertex 3.3991869381244215 10.634442874641229 -6.818003665713271
    endloop
  endfacet
  facet normal -0.6631226582407947 -0.026122648387583967 0.7480547756473992
    outer loop
      vertex 4.544517973849246 -11.762916142517412 -6.998654171300683
      vertex 5.5 10.459172796301685 -5.375642546492804
      vertex 4.544517973849246 10.733430907129167 -6.2130644215736135
    endloop
  endfacet
  facet normal 0.5877852522924732 0.028234285927455718 -0.8085241630808818
    outer loop
      vertex 7.360436669947441 -7.709837431904248 -8.448809312636968
      vertex 5.5 8.827284387622543 -9.223830567613183
      vertex 7.360436669947441 8.780111213910834 -7.872967617045702
    endloop
  endfacet
  facet normal -0.8229838658936564 -0.01982517375535099 0.567718697036043
    outer loop
      vertex 6.887436505257075 -7.855457186624641 -4.278805133467716
      vertex 7.083648205225679 8.624570868144852 -3.418874879978817
      vertex 6.078063242886585 8.675413897253483 -4.874828739204191
    endloop
  endfacet
  facet normal -0.6631226582407944 -0.0261226483875839 0.7480547756473995
    outer loop
      vertex 5.988085985368809 -7.80998543995574 -5.580945588294964
      vertex 5.988085985368809 10.513135148572008 -4.941088117853489
      vertex 5.5 10.459172796301685 -5.375642546492804
    endloop
  endfacet
  facet normal -0.8229838658936554 -0.01982517375535107 0.5677186970360445
    outer loop
      vertex 5.988085985368809 -7.80998543995574 -5.580945588294964
      vertex 6.078063242886585 8.675413897253483 -4.874828739204191
      vertex 5.988085985368809 10.513135148572008 -4.941088117853489
    endloop
  endfacet
  facet normal 9.668217758667363e-16 -0.9993908270190959 -0.03489949670250096
    outer loop
      vertex 8 -14.990862405286437 -0.5234924505375146
      vertex 8.899186938124423 -14.765214901070678 -6.985191533917743
      vertex 7.360436669947441 -15.276151589534956 7.646120888479445
    endloop
  endfacet
  facet normal 1.1995019202009484e-16 -0.9993908270190958 -0.03489949670250119
    outer loop
      vertex 5.988085985368808 -15.176003581483464 4.778257164137442
      vertex 7.08364820522568 -15.120611243768975 3.192028151412559
      vertex 7.360436669947441 -15.276151589534956 7.646120888479445
    endloop
  endfacet
  facet normal -1.408486876429909e-15 -0.9993908270190957 -0.03489949670250109
    outer loop
      vertex 7.767534539408415 -15.057678375179721 1.3898665866702213
      vertex 7.360436669947441 -15.276151589534956 7.646120888479445
      vertex 7.08364820522568 -15.120611243768975 3.192028151412559
    endloop
  endfacet
  facet normal 1.971246459676532e-15 -0.9993908270190958 -0.03489949670250087
    outer loop
      vertex 8 -14.990862405286437 -0.5234924505375146
      vertex 7.360436669947441 -15.276151589534956 7.646120888479445
      vertex 7.767534539408415 -15.057678375179721 1.3898665866702213
    endloop
  endfacet
  facet normal -3.1245591392203927e-16 -0.9993908270190958 -0.03489949670250109
    outer loop
      vertex 8.899186938124423 -14.765214901070678 -6.985191533917743
      vertex 8.899186938124423 -15.216509909502197 5.938206632842713
      vertex 7.360436669947441 -15.276151589534956 7.646120888479445
    endloop
  endfacet
  facet normal 3.8846285620055305e-16 -0.9993908270190958 -0.03489949670250101
    outer loop
      vertex 10.049000034068609 -14.834718459814525 -4.9948700216649575
      vertex 10.049000034068609 -15.14700635075835 3.947885120589928
      vertex 8.899186938124423 -15.216509909502197 5.938206632842713
    endloop
  endfacet
  facet normal 0.743144825477394 0.023352321390163255 -0.6687229900727686
    outer loop
      vertex 7.360436669947441 -14.705573221037918 -8.693105789554474
      vertex 7.360436669947441 -13.706182394018821 -8.658206292851974
      vertex 8.899186938124423 -13.765824074051581 -6.950292037215242
    endloop
  endfacet
  facet normal 0.7431448254773938 0.023352321390163792 -0.6687229900727688
    outer loop
      vertex 7.360436669947441 -14.705573221037918 -8.693105789554474
      vertex 8.899186938124423 -13.765824074051581 -6.950292037215242
      vertex 8.899186938124423 -14.765214901070678 -6.985191533917743
    endloop
  endfacet
  facet normal 0.743144825477394 0.02335232139016327 -0.6687229900727685
    outer loop
      vertex 7.360436669947441 -13.706182394018821 -8.658206292851974
      vertex 7.360436669947441 -11.70740073998063 -8.588407299446972
      vertex 8.5 -11.751570007023933 -7.323564981074243
    endloop
  endfacet
  facet normal 0.7431448254773939 0.023352321390163227 -0.6687229900727686
    outer loop
      vertex 7.360436669947441 -13.706182394018821 -8.658206292851974
      vertex 8.899186938124423 -11.76704242001339 -6.88049304381024
      vertex 8.899186938124423 -13.765824074051581 -6.950292037215242
    endloop
  endfacet
  facet normal 0.7431448254773938 0.02335232139016323 -0.6687229900727687
    outer loop
      vertex 7.360436669947441 -13.706182394018821 -8.658206292851974
      vertex 8.5 -11.751570007023933 -7.323564981074243
      vertex 8.899186938124423 -11.76704242001339 -6.88049304381024
    endloop
  endfacet
  facet normal -1.6167199794012814e-16 -0.9993908270190958 -0.03489949670250121
    outer loop
      vertex 5.988085985368809 -14.80572122908941 -5.825242065212471
      vertex 7.360436669947441 -14.705573221037918 -8.693105789554474
      vertex 7.083648205225679 -14.8611135668039 -4.23901305248759
    endloop
  endfacet
  facet normal -0.9350162426854149 -0.012375532086031898 0.35438887132645247
    outer loop
      vertex 7.083648205225679 -14.8611135668039 -4.23901305248759
      vertex 7.767534539408416 -14.924046435393153 -2.4368514877452476
      vertex 7.083648205225679 -13.861722739784803 -4.204113555785089
    endloop
  endfacet
  facet normal -0.9350162426854148 -0.01237553208603159 0.35438887132645264
    outer loop
      vertex 7.767534539408416 -14.924046435393153 -2.4368514877452476
      vertex 7.767534539408416 -13.924655608374056 -2.401951991042747
      vertex 7.083648205225679 -13.861722739784803 -4.204113555785089
    endloop
  endfacet
  facet normal 3.9375340071374993e-16 -0.9993908270190958 -0.03489949670250118
    outer loop
      vertex 7.360436669947441 -14.705573221037918 -8.693105789554474
      vertex 8.899186938124423 -14.765214901070678 -6.985191533917743
      vertex 7.083648205225679 -14.8611135668039 -4.23901305248759
    endloop
  endfacet
  facet normal 9.31809567029093e-16 -0.9993908270190958 -0.034899496702500823
    outer loop
      vertex 7.083648205225679 -14.8611135668039 -4.23901305248759
      vertex 8.899186938124423 -14.765214901070678 -6.985191533917743
      vertex 7.767534539408416 -14.924046435393153 -2.4368514877452476
    endloop
  endfacet
  facet normal -2.926574287493995e-16 -0.9993908270190958 -0.03489949670250112
    outer loop
      vertex 7.767534539408416 -14.924046435393153 -2.4368514877452476
      vertex 8.899186938124423 -14.765214901070678 -6.985191533917743
      vertex 8 -14.990862405286437 -0.5234924505375146
    endloop
  endfacet
  facet normal -0.9350162426854148 -0.01237553208603172 0.3543888713264527
    outer loop
      vertex 7.083648205225679 -11.86294108574661 -4.134314562380087
      vertex 7.710544011559855 -7.923066240543712 -2.3427351412229362
      vertex 7.083648205225679 -7.865377777670227 -3.994716575570083
    endloop
  endfacet
  facet normal 0.866025403784439 0.01744974835125075 -0.4996954135095471
    outer loop
      vertex 8.899186938124423 -14.765214901070678 -6.985191533917743
      vertex 8.899186938124423 -13.765824074051581 -6.950292037215242
      vertex 10.049000034068609 -13.835327632795428 -4.959970524962456
    endloop
  endfacet
  facet normal 0.8660254037844389 0.017449748351250922 -0.4996954135095471
    outer loop
      vertex 8.899186938124423 -14.765214901070678 -6.985191533917743
      vertex 10.049000034068609 -13.835327632795428 -4.959970524962456
      vertex 10.049000034068609 -14.834718459814525 -4.9948700216649575
    endloop
  endfacet
  facet normal 0.866025403784439 0.01744974835125036 -0.4996954135095472
    outer loop
      vertex 8.899186938124423 -13.765824074051581 -6.950292037215242
      vertex 10.049000034068609 -11.836545978757236 -4.8901715315574545
      vertex 10.049000034068609 -13.835327632795428 -4.959970524962456
    endloop
  endfacet
  facet normal 0.8660254037844389 0.017449748351250318 -0.4996954135095471
    outer loop
      vertex 8.899186938124423 -13.765824074051581 -6.950292037215242
      vertex 8.899186938124423 -11.76704242001339 -6.88049304381024
      vertex 10.049000034068609 -11.836545978757236 -4.8901715315574545
    endloop
  endfacet
  facet normal 0.7431448254773939 0.023352321390163574 -0.6687229900727687
    outer loop
      vertex 8.5 -11.751570007023933 -7.323564981074243
      vertex 8.5 -7.754006698947549 -7.183966994264239
      vertex 8.899186938124423 -11.76704242001339 -6.88049304381024
    endloop
  endfacet
  facet normal -7.423195712530449e-16 -0.9993908270190958 -0.034899496702500844
    outer loop
      vertex 7.083648205225679 -13.861722739784803 -4.204113555785089
      vertex 7.767534539408415 -14.058287548160624 1.4247660833727225
      vertex 7.08364820522568 -14.121220416749878 3.22692764811506
    endloop
  endfacet
  facet normal -9.715653211988362e-16 0.9993908270190958 0.03489949670250084
    outer loop
      vertex 7.083648205225679 -11.86294108574661 -4.134314562380087
      vertex 7.08364820522568 -12.122438762711687 3.296726641520062
      vertex 7.767534539408416 -11.925873954335865 -2.3321529976377446
    endloop
  endfacet
  facet normal 1.526292240614172e-15 0.9993908270190957 0.03489949670250113
    outer loop
      vertex 7.767534539408416 -11.925873954335865 -2.3321529976377446
      vertex 7.08364820522568 -12.122438762711687 3.296726641520062
      vertex 7.767534539408415 -12.059505894122433 1.4945650767777243
    endloop
  endfacet
  facet normal -0.9927088740980541 -0.004206669475101026 0.12046325256650368
    outer loop
      vertex 7.767534539408416 -14.924046435393153 -2.4368514877452476
      vertex 8 -14.990862405286437 -0.5234924505375146
      vertex 7.767534539408416 -13.924655608374056 -2.401951991042747
    endloop
  endfacet
  facet normal -0.992708874098054 -0.004206669475101065 0.12046325256650364
    outer loop
      vertex 8 -14.990862405286437 -0.5234924505375146
      vertex 8 -13.99147157826734 -0.48859295383501355
      vertex 7.767534539408416 -13.924655608374056 -2.401951991042747
    endloop
  endfacet
  facet normal 2.5880864976886072e-15 -0.9993908270190958 -0.03489949670250147
    outer loop
      vertex 7.083648205225679 -13.861722739784803 -4.204113555785089
      vertex 7.767534539408416 -13.924655608374056 -2.401951991042747
      vertex 8 -13.99147157826734 -0.48859295383501355
    endloop
  endfacet
  facet normal 8.05543126990809e-16 -0.9993908270190959 -0.03489949670250102
    outer loop
      vertex 7.083648205225679 -13.861722739784803 -4.204113555785089
      vertex 8 -13.99147157826734 -0.48859295383501355
      vertex 7.767534539408415 -14.058287548160624 1.4247660833727225
    endloop
  endfacet
  facet normal -0.992708874098054 0.004206669475101075 -0.12046325256650395
    outer loop
      vertex 8 -14.990862405286437 -0.5234924505375146
      vertex 7.767534539408415 -15.057678375179721 1.3898665866702213
      vertex 8 -13.99147157826734 -0.48859295383501355
    endloop
  endfacet
  facet normal -0.992708874098054 0.004206669475101088 -0.12046325256650393
    outer loop
      vertex 7.767534539408415 -15.057678375179721 1.3898665866702213
      vertex 7.767534539408415 -14.058287548160624 1.4247660833727225
      vertex 8 -13.99147157826734 -0.48859295383501355
    endloop
  endfacet
  facet normal 1.8709059019435653e-16 0.9993908270190958 0.034899496702501136
    outer loop
      vertex 7.767534539408416 -11.925873954335865 -2.3321529976377446
      vertex 7.767534539408415 -12.059505894122433 1.4945650767777243
      vertex 8 -11.992689924229149 -0.4187939604300116
    endloop
  endfacet
  facet normal -0.9350162426854148 0.01237553208603174 -0.35438887132645247
    outer loop
      vertex 7.767534539408415 -15.057678375179721 1.3898665866702213
      vertex 7.08364820522568 -15.120611243768975 3.192028151412559
      vertex 7.767534539408415 -14.058287548160624 1.4247660833727225
    endloop
  endfacet
  facet normal -0.9350162426854148 0.01237553208603174 -0.35438887132645247
    outer loop
      vertex 7.08364820522568 -15.120611243768975 3.192028151412559
      vertex 7.08364820522568 -14.121220416749878 3.22692764811506
      vertex 7.767534539408415 -14.058287548160624 1.4247660833727225
    endloop
  endfacet
  facet normal -0.992708874098054 0.004206669475101068 -0.12046325256650395
    outer loop
      vertex 8 -11.992689924229149 -0.4187939604300116
      vertex 7.767534539408415 -12.059505894122433 1.4945650767777243
      vertex 8 -7.995126616152766 -0.27919597362000786
    endloop
  endfacet
  facet normal -0.9927088740980541 -0.004206669475101049 0.12046325256650345
    outer loop
      vertex 7.767534539408416 -11.925873954335865 -2.3321529976377446
      vertex 7.982118041492955 -8.297491796013004 -0.4371157446982953
      vertex 7.767534539408416 -7.928310646259482 -2.192555010827741
    endloop
  endfacet
  facet normal -2.7627611286762277e-16 -0.9993908270190958 -0.03489949670250109
    outer loop
      vertex 8.899186938124423 -14.765214901070678 -6.985191533917743
      vertex 10.049000034068609 -14.834718459814525 -4.9948700216649575
      vertex 8.899186938124423 -15.216509909502197 5.938206632842713
    endloop
  endfacet
  facet normal 0.8660254037844389 -0.017449748351250752 0.4996954135095472
    outer loop
      vertex 8.899186938124423 -15.216509909502197 5.938206632842713
      vertex 10.049000034068609 -15.14700635075835 3.947885120589928
      vertex 8.899186938124423 -14.2171190824831 5.973106129545215
    endloop
  endfacet
  facet normal 0.866025403784439 -0.01744974835125053 0.4996954135095471
    outer loop
      vertex 10.049000034068609 -15.14700635075835 3.947885120589928
      vertex 10.049000034068609 -14.147615523739253 3.9827846172924293
      vertex 8.899186938124423 -14.2171190824831 5.973106129545215
    endloop
  endfacet
  facet normal 0.866025403784439 -0.01744974835125032 0.4996954135095472
    outer loop
      vertex 8.899186938124423 -14.2171190824831 5.973106129545215
      vertex 10.049000034068609 -14.147615523739253 3.9827846172924293
      vertex 8.899186938124423 -12.218337428444908 6.042905122950216
    endloop
  endfacet
  facet normal 0.866025403784439 -0.01744974835125036 0.4996954135095472
    outer loop
      vertex 8.899186938124423 -12.218337428444908 6.042905122950216
      vertex 10.049000034068609 -14.147615523739253 3.9827846172924293
      vertex 10.049000034068609 -12.148833869701061 4.052583610697431
    endloop
  endfacet
  facet normal -8.904403149907528e-16 -0.9993908270190957 -0.03489949670250102
    outer loop
      vertex 10.049000034068609 -14.834718459814525 -4.9948700216649575
      vertex 10.759623608071863 -14.911046258237274 -2.809127853503804
      vertex 10.049000034068609 -15.14700635075835 3.947885120589928
    endloop
  endfacet
  facet normal 1.844432592786761e-15 -0.9993908270190958 -0.03489949670250073
    outer loop
      vertex 10.759623608071863 -14.911046258237274 -2.809127853503804
      vertex 10.759623608071863 -15.0706785523356 1.7621429524287748
      vertex 10.049000034068609 -15.14700635075835 3.947885120589928
    endloop
  endfacet
  facet normal 0 -0.9993908270190957 -0.03489949670250073
    outer loop
      vertex 10.759623608071863 -14.911046258237274 -2.809127853503804
      vertex 11 -14.990862405286437 -0.5234924505375146
      vertex 10.759623608071863 -15.0706785523356 1.7621429524287748
    endloop
  endfacet
  facet normal 0.9510565162951534 0.01078453757620544 -0.3088287495713346
    outer loop
      vertex 10.049000034068609 -14.834718459814525 -4.9948700216649575
      vertex 10.049000034068609 -13.835327632795428 -4.959970524962456
      vertex 10.759623608071863 -13.911655431218177 -2.774228356801303
    endloop
  endfacet
  facet normal 0.9510565162951534 0.010784537576205155 -0.30882874957133444
    outer loop
      vertex 10.049000034068609 -14.834718459814525 -4.9948700216649575
      vertex 10.759623608071863 -13.911655431218177 -2.774228356801303
      vertex 10.759623608071863 -14.911046258237274 -2.809127853503804
    endloop
  endfacet
  facet normal 0.9510565162951534 0.010784537576205313 -0.30882874957133455
    outer loop
      vertex 10.049000034068609 -13.835327632795428 -4.959970524962456
      vertex 10.759623608071863 -11.912873777179986 -2.704429363396301
      vertex 10.759623608071863 -13.911655431218177 -2.774228356801303
    endloop
  endfacet
  facet normal 0.9510565162951534 0.01078453757620517 -0.30882874957133444
    outer loop
      vertex 10.049000034068609 -13.835327632795428 -4.959970524962456
      vertex 10.049000034068609 -11.836545978757236 -4.8901715315574545
      vertex 10.759623608071863 -11.912873777179986 -2.704429363396301
    endloop
  endfacet
  facet normal 0.9945218953682734 0.003647990759126925 -0.10446478735209512
    outer loop
      vertex 10.759623608071863 -14.911046258237274 -2.809127853503804
      vertex 10.759623608071863 -13.911655431218177 -2.774228356801303
      vertex 11 -13.99147157826734 -0.48859295383501355
    endloop
  endfacet
  facet normal 0.9945218953682734 0.0036479907591269725 -0.10446478735209515
    outer loop
      vertex 10.759623608071863 -14.911046258237274 -2.809127853503804
      vertex 11 -13.99147157826734 -0.48859295383501355
      vertex 11 -14.990862405286437 -0.5234924505375146
    endloop
  endfacet
  facet normal 0.9945218953682734 0.0036479907591269512 -0.10446478735209512
    outer loop
      vertex 10.759623608071863 -13.911655431218177 -2.774228356801303
      vertex 11 -11.992689924229149 -0.4187939604300116
      vertex 11 -13.99147157826734 -0.48859295383501355
    endloop
  endfacet
  facet normal 0.9945218953682734 -0.0036479907591269603 0.10446478735209513
    outer loop
      vertex 11 -14.990862405286437 -0.5234924505375146
      vertex 11 -13.99147157826734 -0.48859295383501355
      vertex 10.759623608071863 -14.071287725316504 1.7970424491312758
    endloop
  endfacet
  facet normal 0.9945218953682734 -0.0036479907591269725 0.10446478735209515
    outer loop
      vertex 11 -14.990862405286437 -0.5234924505375146
      vertex 10.759623608071863 -14.071287725316504 1.7970424491312758
      vertex 10.759623608071863 -15.0706785523356 1.7621429524287748
    endloop
  endfacet
  facet normal 0.9945218953682734 -0.003647990759126952 0.10446478735209513
    outer loop
      vertex 11 -13.99147157826734 -0.48859295383501355
      vertex 10.759623608071863 -12.072506071278312 1.8668414425362778
      vertex 10.759623608071863 -14.071287725316504 1.7970424491312758
    endloop
  endfacet
  facet normal 0.9945218953682734 0.0036479907591269755 -0.10446478735209513
    outer loop
      vertex 10.759623608071863 -13.911655431218177 -2.774228356801303
      vertex 10.759623608071863 -11.912873777179986 -2.704429363396301
      vertex 11 -11.992689924229149 -0.4187939604300116
    endloop
  endfacet
  facet normal 0.9945218953682734 -0.003647990759126958 0.10446478735209513
    outer loop
      vertex 11 -13.99147157826734 -0.48859295383501355
      vertex 11 -11.992689924229149 -0.4187939604300116
      vertex 10.759623608071863 -12.072506071278312 1.8668414425362778
    endloop
  endfacet
  facet normal 0.9510565162951534 -0.010784537576205351 0.3088287495713345
    outer loop
      vertex 10.759623608071863 -15.0706785523356 1.7621429524287748
      vertex 10.049000034068609 -14.147615523739253 3.9827846172924293
      vertex 10.049000034068609 -15.14700635075835 3.947885120589928
    endloop
  endfacet
  facet normal 0.9510565162951534 -0.010784537576205231 0.30882874957133455
    outer loop
      vertex 10.759623608071863 -15.0706785523356 1.7621429524287748
      vertex 10.759623608071863 -14.071287725316504 1.7970424491312758
      vertex 10.049000034068609 -14.147615523739253 3.9827846172924293
    endloop
  endfacet
  facet normal 0.9510565162951534 -0.010784537576205164 0.30882874957133444
    outer loop
      vertex 10.759623608071863 -14.071287725316504 1.7970424491312758
      vertex 10.049000034068609 -12.148833869701061 4.052583610697431
      vertex 10.049000034068609 -14.147615523739253 3.9827846172924293
    endloop
  endfacet
  facet normal 0.9510565162951534 -0.010784537576205275 0.3088287495713345
    outer loop
      vertex 10.759623608071863 -14.071287725316504 1.7970424491312758
      vertex 10.759623608071863 -12.072506071278312 1.8668414425362778
      vertex 10.049000034068609 -12.148833869701061 4.052583610697431
    endloop
  endfacet
  facet normal 0.7431448254773939 0.02335232139016345 -0.6687229900727686
    outer loop
      vertex 7.360436669947441 -7.709837431904248 -8.448809312636968
      vertex 7.360436669947441 8.780111213910834 -7.872967617045702
      vertex 8.5 -7.754006698947549 -7.183966994264239
    endloop
  endfacet
  facet normal -0.8229838658936555 -0.019825173755351068 0.5677186970360444
    outer loop
      vertex 6.887436505257075 -7.855457186624641 -4.278805133467716
      vertex 7.083648205225679 -7.865377777670227 -3.994716575570083
      vertex 7.083648205225679 8.624570868144852 -3.418874879978817
    endloop
  endfacet
  facet normal -0.9350162426854148 -0.012375532086031699 0.3543888713264527
    outer loop
      vertex 7.083648205225679 -7.865377777670227 -3.994716575570083
      vertex 7.710544011559855 -7.923066240543712 -2.3427351412229362
      vertex 7.475458084184539 8.588515578848925 -2.3863864835118505
    endloop
  endfacet
  facet normal 0.7431448254773932 0.023352321390163477 -0.6687229900727693
    outer loop
      vertex 8.899186938124423 -11.76704242001339 -6.88049304381024
      vertex 8.5 -7.754006698947549 -7.183966994264239
      vertex 8.5 8.73594194686753 -6.608125298672973
    endloop
  endfacet
  facet normal -0.9927088740980539 0.0042066694751010675 -0.12046325256650395
    outer loop
      vertex 7.767534539408415 -12.059505894122433 1.4945650767777243
      vertex 8 7.439370820086286 0.259788553571867
      vertex 8 -7.995126616152766 -0.27919597362000786
    endloop
  endfacet
  facet normal -0.9350162426854149 0.012375532086031697 -0.3543888713264524
    outer loop
      vertex 7.767534539408415 -12.059505894122433 1.4945650767777243
      vertex 7.08364820522568 -12.122438762711687 3.296726641520062
      vertex 7.6512208624195654 4.5945113178592845 2.3830170770359542
    endloop
  endfacet
  facet normal -0.9350162426854155 -0.012375532086031643 0.3543888713264512
    outer loop
      vertex 7.710544011559855 -7.923066240543712 -2.3427351412229362
      vertex 7.767534539408416 -7.928310646259482 -2.192555010827741
      vertex 7.767534539408416 8.561637999555598 -1.616713315236475
    endloop
  endfacet
  facet normal -0.9927088740980541 -0.004206669475101055 0.12046325256650346
    outer loop
      vertex 7.767534539408416 -7.928310646259482 -2.192555010827741
      vertex 7.982118041492955 -8.297491796013004 -0.4371157446982953
      vertex 7.767534539408416 8.561637999555598 -1.616713315236475
    endloop
  endfacet
  facet normal -0.9927088740980541 -0.004206669475101 0.12046325256650194
    outer loop
      vertex 7.980627878284035 -7.989558618661659 -0.4386425600539855
      vertex 8 -7.995126616152766 -0.27919597362000786
      vertex 8 7.439370820086286 0.259788553571867
    endloop
  endfacet
  facet normal -0.82298386589365 0.019825173755351682 -0.5677186970360522
    outer loop
      vertex 7.08364820522568 -12.122438762711687 3.296726641520062
      vertex 6.813003698592435 1.622508866440958 4.169046048901882
      vertex 6.842162531885313 2.9007444020357656 4.171413404869067
    endloop
  endfacet
  facet normal -0.9350162426854154 0.012375532086031768 -0.35438887132645125
    outer loop
      vertex 7.08364820522568 -12.122438762711687 3.296726641520062
      vertex 7.631989771542447 5.846444286790896 2.4774746677496413
      vertex 7.6512208624195654 4.5945113178592845 2.3830170770359542
    endloop
  endfacet
  facet normal -0.9350162426854153 0.012375532086031645 -0.35438887132645164
    outer loop
      vertex 7.767534539408415 -12.059505894122433 1.4945650767777243
      vertex 7.6512208624195654 4.5945113178592845 2.3830170770359542
      vertex 7.767534539408415 5.094297920669474 2.0935891057007345
    endloop
  endfacet
  facet normal 0.8660254037844392 -0.017449748351250457 0.49969541350954716
    outer loop
      vertex 8.899186938124423 -12.218337428444908 6.042905122950216
      vertex 10.049000034068609 -12.148833869701061 4.052583610697431
      vertex 8.899186938124423 2.1634658190576195 6.545128759031921
    endloop
  endfacet
  facet normal 0.8660254037844389 -0.017449748351250478 0.4996954135095472
    outer loop
      vertex 10.049000034068609 -12.148833869701061 4.052583610697431
      vertex 10.049000034068609 7.0380305661650695 4.722603680931725
      vertex 8.899186938124423 2.1634658190576195 6.545128759031921
    endloop
  endfacet
  facet normal 0.743144825477394 0.023352321390163456 -0.6687229900727686
    outer loop
      vertex 8.5 -7.754006698947549 -7.183966994264239
      vertex 7.360436669947441 8.780111213910834 -7.872967617045702
      vertex 8.5 8.73594194686753 -6.608125298672973
    endloop
  endfacet
  facet normal -0.9350162426854148 -0.0123755320860317 0.3543888713264527
    outer loop
      vertex 7.083648205225679 -7.865377777670227 -3.994716575570083
      vertex 7.475458084184539 8.588515578848925 -2.3863864835118505
      vertex 7.083648205225679 8.624570868144852 -3.418874879978817
    endloop
  endfacet
  facet normal 0.7431448254773929 0.023352321390163487 -0.6687229900727697
    outer loop
      vertex 8.899186938124423 -11.76704242001339 -6.88049304381024
      vertex 8.5 8.73594194686753 -6.608125298672973
      vertex 8.5 12.733505254943912 -6.468527311862969
    endloop
  endfacet
  facet normal 0.8660254037844389 0.017449748351250464 -0.49969541350954716
    outer loop
      vertex 8.899186938124423 -11.76704242001339 -6.88049304381024
      vertex 10.049000034068609 36.13421371815936 -3.2149956898374077
      vertex 10.049000034068609 -11.836545978757236 -4.8901715315574545
    endloop
  endfacet
  facet normal -0.992708874098054 0.0042066694751010675 -0.12046325256650398
    outer loop
      vertex 7.767534539408415 -12.059505894122433 1.4945650767777243
      vertex 7.767534539408415 5.094297920669474 2.0935891057007345
      vertex 8 7.439370820086286 0.259788553571867
    endloop
  endfacet
  facet normal -0.9350162426854149 -0.012375532086031696 0.35438887132645225
    outer loop
      vertex 7.710544011559855 -7.923066240543712 -2.3427351412229362
      vertex 7.767534539408416 8.561637999555598 -1.616713315236475
      vertex 7.475458084184539 8.588515578848925 -2.3863864835118505
    endloop
  endfacet
  facet normal -0.9927088740980541 -0.004206669475101065 0.12046325256650339
    outer loop
      vertex 7.980627878284035 -7.989558618661659 -0.4386425600539855
      vertex 8 7.439370820086286 0.259788553571867
      vertex 7.900717876205678 8.523358016804238 -0.5205180335028776
    endloop
  endfacet
  facet normal -0.9350162426854148 0.012375532086031697 -0.3543888713264527
    outer loop
      vertex 7.08364820522568 -12.122438762711687 3.296726641520062
      vertex 7.514349280326985 11.668928588561867 2.991181858101082
      vertex 7.631989771542447 5.846444286790896 2.4774746677496413
    endloop
  endfacet
  facet normal -0.9927088740980541 -0.0042066694751010485 0.12046325256650345
    outer loop
      vertex 7.982118041492955 -8.297491796013004 -0.4371157446982953
      vertex 7.767534539408416 12.55920130763198 -1.477115328426471
      vertex 7.767534539408416 8.561637999555598 -1.616713315236475
    endloop
  endfacet
  facet normal -0.9927088740979623 -0.004206669475094634 0.12046325256726065
    outer loop
      vertex 7.982118041492955 -8.297491796013004 -0.4371157446982953
      vertex 7.980627878284035 -7.989558618661659 -0.4386425600539855
      vertex 7.767534539408416 33.04671326152344 -0.7616756460252012
    endloop
  endfacet
  facet normal -0.9350162426854146 0.012375532086031685 -0.3543888713264531
    outer loop
      vertex 7.08364820522568 -12.122438762711687 3.296726641520062
      vertex 7.378637633905743 19.103462059237547 3.6088618106829466
      vertex 7.514349280326985 11.668928588561867 2.991181858101082
    endloop
  endfacet
  facet normal 0.9945218953682734 -0.003647990759126957 0.10446478735209513
    outer loop
      vertex 11 -11.992689924229149 -0.4187939604300116
      vertex 10.759623608071863 12.391206750813248 2.7211331189088503
      vertex 10.759623608071863 -12.072506071278312 1.8668414425362778
    endloop
  endfacet
  facet normal 0.9510565162951534 -0.010784537576205266 0.3088287495713346
    outer loop
      vertex 10.759623608071863 -12.072506071278312 1.8668414425362778
      vertex 10.049000034068609 7.0380305661650695 4.722603680931725
      vertex 10.049000034068609 -12.148833869701061 4.052583610697431
    endloop
  endfacet
  facet normal 0.9945218953682734 0.0036479907591269564 -0.10446478735209513
    outer loop
      vertex 10.759623608071863 -11.912873777179986 -2.704429363396301
      vertex 11 17.989034886343724 0.6281909406450175
      vertex 11 -11.992689924229149 -0.4187939604300116
    endloop
  endfacet
  facet normal 0.9510565162951534 0.010784537576205252 -0.30882874957133444
    outer loop
      vertex 10.049000034068609 -11.836545978757236 -4.8901715315574545
      vertex 10.759623608071863 36.05788591973661 -1.0292535216762544
      vertex 10.759623608071863 -11.912873777179986 -2.704429363396301
    endloop
  endfacet
  facet normal 0.9510565162951533 -0.010784537576205254 0.3088287495713345
    outer loop
      vertex 10.759623608071863 -12.072506071278312 1.8668414425362778
      vertex 10.759623608071863 12.391206750813248 2.7211331189088503
      vertex 10.049000034068609 7.0380305661650695 4.722603680931725
    endloop
  endfacet
  facet normal 0.9945218953682734 -0.0036479907591269577 0.10446478735209513
    outer loop
      vertex 11 -11.992689924229149 -0.4187939604300116
      vertex 11 17.989034886343724 0.6281909406450175
      vertex 10.759623608071863 12.391206750813248 2.7211331189088503
    endloop
  endfacet
  facet normal 0 -0.9993908270190957 -0.03489949670250093
    outer loop
      vertex -1.1498130959441881 -15.372653854974107 10.409584203970155
      vertex 0.964293442042582 -15.268022725911464 7.4133406908548825
      vertex 1.1498130959441881 -15.372653854974107 10.409584203970155
    endloop
  endfacet
  facet normal -4.979268539982901e-16 -0.9993908270190957 -0.03489949670250089
    outer loop
      vertex 0.964293442042582 -15.268022725911464 7.4133406908548825
      vertex 2.8368390963402854 -15.251915175513513 6.952080797891799
      vertex 1.1498130959441881 -15.372653854974107 10.409584203970155
    endloop
  endfacet
  facet normal 0 -0.034899496702500664 0.9993908270190958
    outer loop
      vertex -1.1498130959441881 -15.372653854974107 10.409584203970155
      vertex 1.1498130959441881 -15.372653854974107 10.409584203970155
      vertex 1.1498130959441881 -14.37326302795501 10.444483700672656
    endloop
  endfacet
  facet normal -2.7057807255253927e-16 -0.9993908270190957 -0.03489949670250078
    outer loop
      vertex 1.1498130959441881 -15.372653854974107 10.409584203970155
      vertex 2.8368390963402854 -15.251915175513513 6.952080797891799
      vertex 3.3991869381244215 -15.35596773658412 9.931756291445735
    endloop
  endfacet
  facet normal 0.20791169081775923 -0.03413685896636838 0.9775517396441022
    outer loop
      vertex 1.1498130959441881 -15.372653854974107 10.409584203970155
      vertex 3.3991869381244215 -15.35596773658412 9.931756291445735
      vertex 1.1498130959441881 -14.37326302795501 10.444483700672656
    endloop
  endfacet
  facet normal 0 0.03489949670250155 -0.9993908270190957
    outer loop
      vertex -0.964293442042582 -15.268022725911464 7.4133406908548825
      vertex 0.964293442042582 -14.268631898892368 7.448240187557384
      vertex 0.964293442042582 -15.268022725911464 7.4133406908548825
    endloop
  endfacet
  facet normal 0 0.9993908270190958 0.034899496702500955
    outer loop
      vertex -0.964293442042582 -12.269850244854176 7.518039180962385
      vertex 0.964293442042582 -12.269850244854176 7.518039180962385
      vertex 1.3905764746872633 -12.142051196123655 3.858353252199499
    endloop
  endfacet
  facet normal -0.2393156642875577 0.03388538075558136 -0.9703503459048459
    outer loop
      vertex 0.964293442042582 -15.268022725911464 7.4133406908548825
      vertex 0.964293442042582 -14.268631898892368 7.448240187557384
      vertex 2.8368390963402854 -14.252524348494417 6.986980294594301
    endloop
  endfacet
  facet normal 1.5087003984350255e-17 -0.0348994967025007 0.9993908270190958
    outer loop
      vertex -1.1498130959441881 -15.372653854974107 10.409584203970155
      vertex 1.1498130959441881 -14.37326302795501 10.444483700672656
      vertex 1.1498130959441881 -12.374481373916819 10.514282694077657
    endloop
  endfacet
  facet normal 0.20791169081776278 -0.034136858966368394 0.9775517396441016
    outer loop
      vertex 1.1498130959441881 -14.37326302795501 10.444483700672656
      vertex 1.1957186845601113 -14.332131032599335 10.4361565798743
      vertex 1.1498130959441881 -12.374481373916819 10.514282694077657
    endloop
  endfacet
  facet normal 0.2079116908177559 -0.03413685896636861 0.977551739644103
    outer loop
      vertex 1.1957186845601113 -14.332131032599335 10.4361565798743
      vertex 1.2821292043077313 -12.373499837540939 10.486175169811515
      vertex 1.1498130959441881 -12.374481373916819 10.514282694077657
    endloop
  endfacet
  facet normal 0 -0.03489949670250107 0.9993908270190957
    outer loop
      vertex -1.1498130959441881 -8.787538501121029 10.639541499318627
      vertex 1.1498130959441881 -12.374481373916819 10.514282694077657
      vertex 1.1498130959441881 -8.787538501121029 10.639541499318627
    endloop
  endfacet
  facet normal 0.20791169081775593 -0.03413685896636882 0.977551739644103
    outer loop
      vertex 1.1498130959441881 -12.374481373916819 10.514282694077657
      vertex 1.2821292043077313 -12.373499837540939 10.486175169811515
      vertex 1.1498130959441881 -8.787538501121029 10.639541499318627
    endloop
  endfacet
  facet normal -5.25077178801083e-16 -0.9993908270190958 -0.03489949670250101
    outer loop
      vertex 1.3905764746872633 -14.140832850161846 3.7885542587944974
      vertex 2.8368390963402854 -14.252524348494417 6.986980294594301
      vertex 0.964293442042582 -14.268631898892368 7.448240187557384
    endloop
  endfacet
  facet normal -0.2393156642875577 0.03388538075558135 -0.970350345904846
    outer loop
      vertex 0.964293442042582 -15.268022725911464 7.4133406908548825
      vertex 2.8368390963402854 -14.252524348494417 6.986980294594301
      vertex 2.8368390963402854 -15.251915175513513 6.952080797891799
    endloop
  endfacet
  facet normal 5.250771788010832e-16 0.9993908270190958 0.03489949670250102
    outer loop
      vertex 1.3905764746872633 -12.142051196123655 3.858353252199499
      vertex 0.964293442042582 -12.269850244854176 7.518039180962385
      vertex 2.8368390963402854 -12.253742694456225 7.056779287999302
    endloop
  endfacet
  facet normal 0.20791169081775923 -0.03413685896636429 0.9775517396441024
    outer loop
      vertex 1.1498130959441881 -14.37326302795501 10.444483700672656
      vertex 3.3991869381244215 -14.356576909565023 9.966655788148236
      vertex 1.1957186845601113 -14.332131032599335 10.4361565798743
    endloop
  endfacet
  facet normal 0.20791169081775948 -0.03413685896636874 0.9775517396441022
    outer loop
      vertex 1.1957186845601113 -14.332131032599335 10.4361565798743
      vertex 3.3991869381244215 -12.357795255526831 10.036454781553237
      vertex 1.2821292043077313 -12.373499837540939 10.486175169811515
    endloop
  endfacet
  facet normal 0.20791169081775923 -0.03413685896636837 0.9775517396441022
    outer loop
      vertex 1.1498130959441881 -14.37326302795501 10.444483700672656
      vertex 3.3991869381244215 -15.35596773658412 9.931756291445735
      vertex 3.3991869381244215 -14.356576909565023 9.966655788148236
    endloop
  endfacet
  facet normal 0.20791169081775923 -0.03413685896636843 0.9775517396441024
    outer loop
      vertex 1.1957186845601113 -14.332131032599335 10.4361565798743
      vertex 3.3991869381244215 -14.356576909565023 9.966655788148236
      vertex 3.3991869381244215 -12.357795255526831 10.036454781553237
    endloop
  endfacet
  facet normal 0.20791169081775943 -0.03413685896636865 0.9775517396441022
    outer loop
      vertex 1.2821292043077313 -12.373499837540939 10.486175169811515
      vertex 3.3991869381244215 -12.357795255526831 10.036454781553237
      vertex 1.1498130959441881 -8.787538501121029 10.639541499318627
    endloop
  endfacet
  facet normal 0.20791169081775937 -0.03413685896636873 0.9775517396441024
    outer loop
      vertex 1.1498130959441881 -8.787538501121029 10.639541499318627
      vertex 3.3991869381244215 -12.357795255526831 10.036454781553237
      vertex 3.3991869381244215 -7.617273755834162 10.20199744011468
    endloop
  endfacet
  facet normal 4.0427196056280724e-16 -0.9993908270190958 -0.03489949670250091
    outer loop
      vertex 4.544517973849249 -15.220636186998174 6.056367760333154
      vertex 3.3991869381244215 -15.35596773658412 9.931756291445735
      vertex 2.8368390963402854 -15.251915175513513 6.952080797891799
    endloop
  endfacet
  facet normal 0.40673664307580015 -0.03188227668658241 0.9129889504329771
    outer loop
      vertex 3.3991869381244215 -15.35596773658412 9.931756291445735
      vertex 5.5 -15.323324763246665 8.996983839046926
      vertex 3.3991869381244215 -14.356576909565023 9.966655788148236
    endloop
  endfacet
  facet normal -1.8830230829287577e-16 -0.9993908270190958 -0.03489949670250109
    outer loop
      vertex 4.544517973849249 -15.220636186998174 6.056367760333154
      vertex 5.5 -15.323324763246665 8.996983839046926
      vertex 3.3991869381244215 -15.35596773658412 9.931756291445735
    endloop
  endfacet
  facet normal -2.8925151992690113e-16 -0.9993908270190958 -0.03489949670250105
    outer loop
      vertex 4.544517973849249 -15.220636186998174 6.056367760333154
      vertex 5.988085985368808 -15.176003581483464 4.778257164137442
      vertex 5.5 -15.323324763246665 8.996983839046926
    endloop
  endfacet
  facet normal -2.006319654574475e-16 -0.9993908270190958 -0.034899496702501046
    outer loop
      vertex 5.988085985368808 -15.176003581483464 4.778257164137442
      vertex 7.360436669947441 -15.276151589534956 7.646120888479445
      vertex 5.5 -15.323324763246665 8.996983839046926
    endloop
  endfacet
  facet normal 0.5877852522924732 -0.028234285927455475 0.8085241630808819
    outer loop
      vertex 5.5 -15.323324763246665 8.996983839046926
      vertex 7.360436669947441 -15.276151589534956 7.646120888479445
      vertex 5.5 -14.323933936227569 9.031883335749427
    endloop
  endfacet
  facet normal -0.4647231720437691 0.030901969647494233 -0.8849166297666028
    outer loop
      vertex 4.544517973849249 -14.221245359979077 6.091267257035655
      vertex 2.8368390963402854 -15.251915175513513 6.952080797891799
      vertex 2.8368390963402854 -14.252524348494417 6.986980294594301
    endloop
  endfacet
  facet normal -0.46472317204376906 0.030901969647494316 -0.8849166297666028
    outer loop
      vertex 4.544517973849249 -15.220636186998174 6.056367760333154
      vertex 2.8368390963402854 -15.251915175513513 6.952080797891799
      vertex 4.544517973849249 -14.221245359979077 6.091267257035655
    endloop
  endfacet
  facet normal 0.4067366430758002 -0.031882276686582445 0.9129889504329772
    outer loop
      vertex 3.3991869381244215 -14.356576909565023 9.966655788148236
      vertex 5.5 -12.325152282189377 9.101682329154428
      vertex 3.3991869381244215 -12.357795255526831 10.036454781553237
    endloop
  endfacet
  facet normal 0.40673664307580015 -0.03188227668658242 0.9129889504329771
    outer loop
      vertex 3.3991869381244215 -14.356576909565023 9.966655788148236
      vertex 5.5 -15.323324763246665 8.996983839046926
      vertex 5.5 -14.323933936227569 9.031883335749427
    endloop
  endfacet
  facet normal 0.4067366430758002 -0.031882276686582445 0.9129889504329772
    outer loop
      vertex 3.3991869381244215 -14.356576909565023 9.966655788148236
      vertex 5.5 -14.323933936227569 9.031883335749427
      vertex 5.5 -12.325152282189377 9.101682329154428
    endloop
  endfacet
  facet normal 0.4067366430758001 -0.03188227668658272 0.9129889504329772
    outer loop
      vertex 3.3991869381244215 -12.357795255526831 10.036454781553237
      vertex 5.5 -12.325152282189377 9.101682329154428
      vertex 3.3991869381244215 -7.617273755834162 10.20199744011468
    endloop
  endfacet
  facet normal -0.4647231720437692 0.03090196964749383 -0.8849166297666028
    outer loop
      vertex 4.544517973849249 -12.222463705940886 6.161066250440657
      vertex 2.8368390963402854 -12.253742694456225 7.056779287999302
      vertex 3.220072954680706 -1.4812217387253965 7.231704762458156
    endloop
  endfacet
  facet normal 0.4067366430758004 -0.03188227668658266 0.9129889504329772
    outer loop
      vertex 3.3991869381244215 -7.617273755834162 10.20199744011468
      vertex 5.5 -12.325152282189377 9.101682329154428
      vertex 5.5 -5.327890450182744 9.346032096663336
    endloop
  endfacet
  facet normal 0.5877852522924729 -0.028234285927456193 0.8085241630808819
    outer loop
      vertex 7.360436669947441 -15.276151589534956 7.646120888479445
      vertex 7.360436669947441 -14.27676076251586 7.681020385181947
      vertex 5.5 -14.323933936227569 9.031883335749427
    endloop
  endfacet
  facet normal 0.5877852522924729 -0.02823428592745552 0.8085241630808819
    outer loop
      vertex 5.5 -14.323933936227569 9.031883335749427
      vertex 7.360436669947441 -14.27676076251586 7.681020385181947
      vertex 7.360436669947441 -12.277979108477668 7.750819378586948
    endloop
  endfacet
  facet normal 0.5877852522924729 -0.028234285927455503 0.8085241630808819
    outer loop
      vertex 5.5 -14.323933936227569 9.031883335749427
      vertex 7.360436669947441 -12.277979108477668 7.750819378586948
      vertex 5.5 -12.325152282189377 9.101682329154428
    endloop
  endfacet
  facet normal -0.6631226582407952 0.026122648387583932 -0.7480547756473989
    outer loop
      vertex 4.544517973849249 -12.222463705940886 6.161066250440657
      vertex 4.971119853051097 -2.2264956540569405 6.131966491783114
      vertex 5.988085985368808 -12.177831100426175 4.882955654244945
    endloop
  endfacet
  facet normal 0.5877852522924729 -0.02823428592745569 0.8085241630808819
    outer loop
      vertex 5.5 -12.325152282189377 9.101682329154428
      vertex 7.360436669947441 -12.277979108477668 7.750819378586948
      vertex 5.5 -5.327890450182744 9.346032096663336
    endloop
  endfacet
  facet normal -0.46472317204376873 0.030901969647493827 -0.8849166297666029
    outer loop
      vertex 2.8368390963402854 -12.253742694456225 7.056779287999302
      vertex 2.8368390963402854 -0.31964820675489625 7.473527050697058
      vertex 3.220072954680706 -1.4812217387253965 7.231704762458156
    endloop
  endfacet
  facet normal -0.23931566428755768 0.03388538075558081 -0.970350345904846
    outer loop
      vertex 0.964293442042582 -12.269850244854176 7.518039180962385
      vertex 2.450821266102895 20.86053171428649 8.308358076403453
      vertex 2.8368390963402854 -12.253742694456225 7.056779287999302
    endloop
  endfacet
  facet normal 1.6555282645708735e-15 -0.03489949670250071 0.9993908270190955
    outer loop
      vertex -0.9642934420425825 17.89854385299777 11.571440029844606
      vertex 0.964293442042582 -4.5502102887010025 10.787512261085427
      vertex 1.1498130959441881 -4.485582662833082 10.789769107511159
    endloop
  endfacet
  facet normal 0 0.034899496702500976 -0.9993908270190958
    outer loop
      vertex -0.964293442042582 -12.269850244854176 7.518039180962385
      vertex 0.964293442042582 35.70090945206242 9.193215022682432
      vertex 0.964293442042582 -12.269850244854176 7.518039180962385
    endloop
  endfacet
  facet normal -0.2393156642875564 0.03388538075558084 -0.9703503459048465
    outer loop
      vertex 2.8368390963402854 -12.253742694456225 7.056779287999302
      vertex 2.450821266102895 20.86053171428649 8.308358076403453
      vertex 2.8368390963402854 -0.31964820675489625 7.473527050697058
    endloop
  endfacet
  facet normal 0.2079116908177594 -0.03413685896636869 0.9775517396441022
    outer loop
      vertex 1.1498130959441881 -4.485582662833082 10.789769107511159
      vertex 2.8368390963402854 -3.5270057323023982 10.464436329907265
      vertex 1.1498130959441881 17.833916227129848 11.569183183418874
    endloop
  endfacet
  facet normal -0.46472317204376806 0.03090196964749374 -0.8849166297666033
    outer loop
      vertex 3.2398510677602412 -0.9252684142024628 7.240732398558267
      vertex 2.8368390963402854 -0.31964820675489625 7.473527050697058
      vertex 4.005330671376378 20.59199811033943 7.590132327444989
    endloop
  endfacet
  facet normal 0.2079116908177588 -0.03413685896636875 0.9775517396441025
    outer loop
      vertex 2.8368390963402854 -3.5270057323023982 10.464436329907265
      vertex 3.3749020842482067 -3.0095884473078667 10.368066408114615
      vertex 1.1498130959441881 17.833916227129848 11.569183183418874
    endloop
  endfacet
  facet normal -0.46472317204376523 0.030901969647494507 -0.8849166297666047
    outer loop
      vertex 4.544517973849249 -12.222463705940886 6.161066250440657
      vertex 3.220072954680706 -1.4812217387253965 7.231704762458156
      vertex 3.2398510677602412 -0.9252684142024628 7.240732398558267
    endloop
  endfacet
  facet normal -0.6631226582407928 0.02612264838758382 -0.7480547756474007
    outer loop
      vertex 4.544517973849249 -12.222463705940886 6.161066250440657
      vertex 4.928643601066331 0.5541720584044589 6.266723161141101
      vertex 4.971119853051097 -2.2264956540569405 6.131966491783114
    endloop
  endfacet
  facet normal 0.5877852522924728 -0.028234285927455707 0.808524163080882
    outer loop
      vertex 7.360436669947441 -12.277979108477668 7.750819378586948
      vertex 7.360436669947441 -2.0194456203036872 8.109055261850846
      vertex 5.5 -5.327890450182744 9.346032096663336
    endloop
  endfacet
  facet normal -0.4647231720437696 0.03090196964749378 -0.8849166297666026
    outer loop
      vertex 4.544517973849249 -12.222463705940886 6.161066250440657
      vertex 3.2398510677602412 -0.9252684142024628 7.240732398558267
      vertex 4.005330671376378 20.59199811033943 7.590132327444989
    endloop
  endfacet
  facet normal -0.6631226582407959 0.02612264838758389 -0.7480547756473982
    outer loop
      vertex 4.544517973849249 -12.222463705940886 6.161066250440657
      vertex 5.080359042621845 23.881264006695815 6.946833081606863
      vertex 4.928643601066331 0.5541720584044589 6.266723161141101
    endloop
  endfacet
  facet normal 0.20791169081777539 -0.03413685896636854 0.9775517396440987
    outer loop
      vertex 3.3749020842482067 -3.0095884473078667 10.368066408114615
      vertex 3.3991869381244215 -2.8365536540078535 10.36894386479512
      vertex 3.3991869381244215 17.323597039603754 11.07295184008563
    endloop
  endfacet
  facet normal 0.406736643075798 -0.03188227668658271 0.9129889504329782
    outer loop
      vertex 3.3991869381244215 -2.8365536540078535 10.36894386479512
      vertex 3.657537983607186 -0.29880383767990826 10.34246863181686
      vertex 3.3991869381244215 17.323597039603754 11.07295184008563
    endloop
  endfacet
  facet normal 0.40673664307580076 -0.03188227668658261 0.912988950432977
    outer loop
      vertex 4.978468098486569 -0.8660366000984256 9.734185966098375
      vertex 3.3991869381244215 17.323597039603754 11.07295184008563
      vertex 3.657537983607186 -0.29880383767990826 10.34246863181686
    endloop
  endfacet
  facet normal 0.4067366430757988 -0.031882276686582826 0.9129889504329778
    outer loop
      vertex 4.978468098486569 -0.8660366000984256 9.734185966098375
      vertex 5.5 0.027147480573045057 9.533034141862826
      vertex 3.3991869381244215 17.323597039603754 11.07295184008563
    endloop
  endfacet
  facet normal -0.6631226582407942 0.02612264838758374 -0.7480547756473996
    outer loop
      vertex 4.928643601066331 0.5541720584044589 6.266723161141101
      vertex 5.24543312540158 3.393953134335579 6.085068403549104
      vertex 5.208527126608452 0.8001542158419044 6.027206740847045
    endloop
  endfacet
  facet normal 0.5877852522924718 -0.028234285927455693 0.8085241630808827
    outer loop
      vertex 5.988085985368808 1.0050651259988908 9.212352399157718
      vertex 5.5 16.24504499702507 10.099375602675634
      vertex 5.5 0.027147480573045057 9.533034141862826
    endloop
  endfacet
  facet normal 0.587785252292473 -0.02823428592745561 0.8085241630808819
    outer loop
      vertex 5.988085985368808 1.0050651259988908 9.212352399157718
      vertex 7.08364820522568 4.071598409860845 8.522980375773553
      vertex 5.5 16.24504499702507 10.099375602675634
    endloop
  endfacet
  facet normal 0.7431448254773939 -0.02335232139016382 0.6687229900727686
    outer loop
      vertex 8.8690153642386 -14.218288527189623 6.006594644361622
      vertex 7.360436669947441 -14.27676076251586 7.681020385181947
      vertex 7.360436669947441 -15.276151589534956 7.646120888479445
    endloop
  endfacet
  facet normal 0.7431448254773941 -0.023352321390163255 0.6687229900727685
    outer loop
      vertex 8.8690153642386 -14.218288527189623 6.006594644361622
      vertex 7.360436669947441 -12.277979108477668 7.750819378586948
      vertex 7.360436669947441 -14.27676076251586 7.681020385181947
    endloop
  endfacet
  facet normal 0.743144825477394 -0.023352321390163636 0.6687229900727687
    outer loop
      vertex 8.899186938124423 -15.216509909502197 5.938206632842713
      vertex 8.8690153642386 -14.218288527189623 6.006594644361622
      vertex 7.360436669947441 -15.276151589534956 7.646120888479445
    endloop
  endfacet
  facet normal 0.743144825477394 -0.02335232139016308 0.6687229900727684
    outer loop
      vertex 8.8690153642386 -14.218288527189623 6.006594644361622
      vertex 8.808672216466952 -12.221845762564481 6.143370667399436
      vertex 7.360436669947441 -12.277979108477668 7.750819378586948
    endloop
  endfacet
  facet normal 0.7431448254773941 -0.023352321390163425 0.6687229900727685
    outer loop
      vertex 8.808672216466952 -12.221845762564481 6.143370667399436
      vertex 7.360436669947441 -2.0194456203036872 8.109055261850846
      vertex 7.360436669947441 -12.277979108477668 7.750819378586948
    endloop
  endfacet
  facet normal 0.7431448254773912 -0.023352321390164434 0.6687229900727716
    outer loop
      vertex 8.808672216466952 -12.221845762564481 6.143370667399436
      vertex 8.899186938124423 -12.218337428444908 6.042905122950216
      vertex 7.360436669947441 -2.0194456203036872 8.109055261850846
    endloop
  endfacet
  facet normal 0.7431448254773907 -0.02335232139016397 0.6687229900727721
    outer loop
      vertex 8.899186938124423 -15.216509909502197 5.938206632842713
      vertex 8.899186938124423 -14.2171190824831 5.973106129545215
      vertex 8.8690153642386 -14.218288527189623 6.006594644361622
    endloop
  endfacet
  facet normal 0.7431448254773909 -0.023352321390163393 0.6687229900727721
    outer loop
      vertex 8.8690153642386 -14.218288527189623 6.006594644361622
      vertex 8.899186938124423 -14.2171190824831 5.973106129545215
      vertex 8.899186938124423 -12.218337428444908 6.042905122950216
    endloop
  endfacet
  facet normal 0.7431448254773911 -0.023352321390163397 0.6687229900727717
    outer loop
      vertex 8.8690153642386 -14.218288527189623 6.006594644361622
      vertex 8.899186938124423 -12.218337428444908 6.042905122950216
      vertex 8.808672216466952 -12.221845762564481 6.143370667399436
    endloop
  endfacet
  facet normal 0.743144825477394 -0.023352321390163452 0.6687229900727688
    outer loop
      vertex 8.899186938124423 -12.218337428444908 6.042905122950216
      vertex 8.899186938124423 2.1634658190576195 6.545128759031921
      vertex 7.360436669947441 -2.0194456203036872 8.109055261850846
    endloop
  endfacet
  facet normal -0.23931566428755824 -0.03388538075558079 0.9703503459048457
    outer loop
      vertex 0.9642934420425839 -11.715529603604121 -8.355627101822408
      vertex 1.8815254332980187 12.74974722385881 -7.275065623890825
      vertex 0.9642934420425839 33.25705761225519 -6.7851497502098645
    endloop
  endfacet
  facet normal -0.23931566428755752 -0.033885380755580854 0.9703503459048461
    outer loop
      vertex 2.1956165060480286 4.700679593903378 -7.478681574027123
      vertex 2.81909179011617 8.75602746138994 -7.1832991798543455
      vertex 1.8815254332980187 12.74974722385881 -7.275065623890825
    endloop
  endfacet
  facet normal -0.23931566428759096 -0.03388538075558032 0.9703503459048378
    outer loop
      vertex 2.81909179011617 8.75602746138994 -7.1832991798543455
      vertex 2.8368390963402854 10.770767341310231 -7.108565928468456
      vertex 2.8173473028402647 10.769880706678766 -7.11340411447159
    endloop
  endfacet
  facet normal 0.20791169081776023 0.03413685896636862 -0.9775517396441021
    outer loop
      vertex 2.5 12.864160942969027 -10.210016687003726
      vertex 3.3991869381244215 29.34743931485146 -9.443163337610722
      vertex 3.3991869381244215 12.857490669036379 -10.019005033201987
    endloop
  endfacet
  facet normal -0.23931566428755713 -0.033885380755580764 0.9703503459048461
    outer loop
      vertex 1.8815254332980187 12.74974722385881 -7.275065623890825
      vertex 2.81909179011617 8.75602746138994 -7.1832991798543455
      vertex 0.9642934420425839 36.25523009331248 -6.680451260102362
    endloop
  endfacet
  facet normal -0.23931566428755532 -0.033885380755580646 0.9703503459048467
    outer loop
      vertex 2.748927444528299 11.710870081544428 -7.097418301226554
      vertex 0.9642934420425839 36.25523009331248 -6.680451260102362
      vertex 2.81909179011617 8.75602746138994 -7.1832991798543455
    endloop
  endfacet
  facet normal -0.2393156642875725 -0.033885380755581826 0.9703503459048424
    outer loop
      vertex 2.748927444528299 11.710870081544428 -7.097418301226554
      vertex 2.8368390963402876 10.774514408141487 -7.108435078011372
      vertex 0.9642934420425839 36.25523009331248 -6.680451260102362
    endloop
  endfacet
  facet normal -0.46472317204376895 -0.030901969647494112 0.8849166297666028
    outer loop
      vertex 2.8368390963402876 10.774514408141487 -7.108435078011372
      vertex 4.544517973849247 11.638948457184792 -6.181443051937389
      vertex 4.544517973849247 12.722159119450433 -6.143616502089407
    endloop
  endfacet
  facet normal -0.6631226582407951 -0.026122648387583887 0.748054775647399
    outer loop
      vertex 4.544517973849247 12.722159119450433 -6.143616502089407
      vertex 5.767955340253929 12.684332569602452 -5.060405839823765
      vertex 5.9880859853688095 12.872426447865795 -4.858699850226964
    endloop
  endfacet
  facet normal -0.8229838658936566 -0.019825173755350863 0.5677186970360428
    outer loop
      vertex 5.988085985368809 10.513135148572008 -4.941088117853489
      vertex 6.264522192438013 12.66354971968255 -4.465262885576618
      vertex 6.245532051347992 13.232157618304992 -4.472935399027412
    endloop
  endfacet
  facet normal -0.8229838658936554 0.019825173755351155 -0.5677186970360444
    outer loop
      vertex 5.988085985368808 5.004337886092087 5.482970216791404
      vertex 5.988085985368809 21.242227512839495 6.050009817479493
      vertex 6.414538094977583 6.516546526283052 4.917578574039454
    endloop
  endfacet
  facet normal 0.4067366430758002 0.03188227668658264 -0.9129889504329772
    outer loop
      vertex 3.3991869381244215 12.857490669036379 -10.019005033201987
      vertex 3.3991869381244215 29.34743931485146 -9.443163337610722
      vertex 5.5 12.824847695698924 -9.084232580803178
    endloop
  endfacet
  facet normal -0.4647231720437693 -0.030901969647493806 0.8849166297666028
    outer loop
      vertex 2.8368390963402876 10.774514408141487 -7.108435078011372
      vertex 4.544517973849247 12.722159119450433 -6.143616502089407
      vertex 2.8368390963402854 36.23912254291452 -6.219191367139279
    endloop
  endfacet
  facet normal -0.6631226582407951 -0.026122648387583866 0.7480547756473989
    outer loop
      vertex 4.544517973849247 12.722159119450433 -6.143616502089407
      vertex 5.9880859853688095 12.872426447865795 -4.858699850226964
      vertex 4.544517973849246 36.20784355439918 -5.323478329580636
    endloop
  endfacet
  facet normal 0.5877852522924729 0.02823428592745568 -0.808524163080882
    outer loop
      vertex 5.5 12.824847695698924 -9.084232580803178
      vertex 5.5 29.314796341514004 -8.508390885211913
      vertex 7.360436669947441 12.777674521987215 -7.733369630235698
    endloop
  endfacet
  facet normal -0.8229838658936564 -0.019825173755351054 0.5677186970360432
    outer loop
      vertex 5.9880859853688095 12.872426447865795 -4.858699850226964
      vertex 6.245532051347992 13.232157618304992 -4.472935399027412
      vertex 6.066671454180473 29.163501827384124 -4.175882858273025
    endloop
  endfacet
  facet normal -0.8229838658936568 -0.01982517375535092 0.5677186970360424
    outer loop
      vertex 6.264522192438013 12.66354971968255 -4.465262885576618
      vertex 7.083648205225679 29.112082822036314 -2.703435197577547
      vertex 6.245532051347992 13.232157618304992 -4.472935399027412
    endloop
  endfacet
  facet normal -0.8229838658936568 0.019825173755350978 -0.5677186970360426
    outer loop
      vertex 6.414538094977583 6.516546526283052 4.917578574039454
      vertex 5.988085985368809 21.242227512839495 6.050009817479493
      vertex 6.308314371422719 22.022003415019885 5.613026495161995
    endloop
  endfacet
  facet normal -0.8229838658936567 0.019825173755350978 -0.5677186970360426
    outer loop
      vertex 6.414538094977583 6.516546526283052 4.917578574039454
      vertex 6.308314371422719 22.022003415019885 5.613026495161995
      vertex 6.573097946931968 22.288202060556756 5.238483297436308
    endloop
  endfacet
  facet normal -0.8229838658936552 0.019825173755351002 -0.5677186970360445
    outer loop
      vertex 6.414538094977583 6.516546526283052 4.917578574039454
      vertex 6.573097946931968 22.288202060556756 5.238483297436308
      vertex 7.08364820522568 35.84832093420491 4.971902483240108
    endloop
  endfacet
  facet normal -0.2393156642875578 -0.033885380755580785 0.970350345904846
    outer loop
      vertex 1.8815254332980187 12.74974722385881 -7.275065623890825
      vertex 0.9642934420425839 36.25523009331248 -6.680451260102362
      vertex 0.9642934420425839 33.25705761225519 -6.7851497502098645
    endloop
  endfacet
  facet normal 0.20791169081775993 0.03413685896636864 -0.9775517396441022
    outer loop
      vertex 2.5 12.864160942969027 -10.210016687003726
      vertex 2.5 29.354109588784105 -9.634174991412461
      vertex 3.3991869381244215 29.34743931485146 -9.443163337610722
    endloop
  endfacet
  facet normal -0.23931566428755754 -0.033885380755580785 0.970350345904846
    outer loop
      vertex 2.8368390963402876 10.774514408141487 -7.108435078011372
      vertex 2.8368390963402854 36.23912254291452 -6.219191367139279
      vertex 0.9642934420425839 36.25523009331248 -6.680451260102362
    endloop
  endfacet
  facet normal 0 0.034899496702501275 -0.9993908270190958
    outer loop
      vertex -1.1498130959441881 36.359861222375116 -9.676694773217633
      vertex 1.1498130959441881 36.359861222375116 -9.676694773217633
      vertex 1.1498130959441881 33.36168874131783 -9.781393263325137
    endloop
  endfacet
  facet normal 0 0.9993908270190959 0.03489949670249975
    outer loop
      vertex -1.1498130959441881 36.359861222375116 -9.676694773217633
      vertex 0.9642934420425839 36.25523009331248 -6.680451260102362
      vertex 1.1498130959441881 36.359861222375116 -9.676694773217633
    endloop
  endfacet
  facet normal 1.675176897559042e-15 0.9993908270190959 0.03489949670249985
    outer loop
      vertex 1.1498130959441881 36.359861222375116 -9.676694773217633
      vertex 0.9642934420425839 36.25523009331248 -6.680451260102362
      vertex 2.8368390963402854 36.23912254291452 -6.219191367139279
    endloop
  endfacet
  facet normal 0 -0.03489949670250098 0.9993908270190958
    outer loop
      vertex -0.843756761787261 33.25705761225519 -6.7851497502098645
      vertex 0.9642934420425839 33.25705761225519 -6.7851497502098645
      vertex 0.9642934420425839 36.25523009331248 -6.680451260102362
    endloop
  endfacet
  facet normal 0.2079116908177592 0.03413685896636899 -0.9775517396441022
    outer loop
      vertex 1.1498130959441881 33.36168874131783 -9.781393263325137
      vertex 1.1498130959441881 36.359861222375116 -9.676694773217633
      vertex 3.3991869381244215 33.345002622927844 -9.303565350800717
    endloop
  endfacet
  facet normal -2.0054610083305852e-15 0.9993908270190957 0.03489949670250164
    outer loop
      vertex 1.1498130959441881 36.359861222375116 -9.676694773217633
      vertex 2.8368390963402854 36.23912254291452 -6.219191367139279
      vertex 3.3991869381244215 36.34317510398513 -9.198866860693215
    endloop
  endfacet
  facet normal 0.20791169081775848 0.03413685896636841 -0.9775517396441025
    outer loop
      vertex 1.1498130959441881 36.359861222375116 -9.676694773217633
      vertex 3.3991869381244215 36.34317510398513 -9.198866860693215
      vertex 3.3991869381244215 33.345002622927844 -9.303565350800717
    endloop
  endfacet
  facet normal 0.40673664307580015 0.03188227668658264 -0.9129889504329772
    outer loop
      vertex 3.3991869381244215 29.34743931485146 -9.443163337610722
      vertex 5.5 29.314796341514004 -8.508390885211913
      vertex 5.5 12.824847695698924 -9.084232580803178
    endloop
  endfacet
  facet normal -0.46472317204376873 -0.03090196964749377 0.8849166297666029
    outer loop
      vertex 4.544517973849247 12.722159119450433 -6.143616502089407
      vertex 4.544517973849246 36.20784355439918 -5.323478329580636
      vertex 2.8368390963402854 36.23912254291452 -6.219191367139279
    endloop
  endfacet
  facet normal 0.5877852522924732 0.02823428592745572 -0.8085241630808818
    outer loop
      vertex 7.360436669947441 12.777674521987215 -7.733369630235698
      vertex 5.5 29.314796341514004 -8.508390885211913
      vertex 7.360436669947441 29.267623167802295 -7.157527934644432
    endloop
  endfacet
  facet normal -0.8229838658936562 -0.019825173755351054 0.5677186970360433
    outer loop
      vertex 6.245532051347992 13.232157618304992 -4.472935399027412
      vertex 7.083648205225679 29.112082822036314 -2.703435197577547
      vertex 6.066671454180473 29.163501827384124 -4.175882858273025
    endloop
  endfacet
  facet normal -0.8229838658936596 -0.01982517375535084 0.5677186970360384
    outer loop
      vertex 5.9880859853688095 12.872426447865795 -4.858699850226964
      vertex 6.066671454180473 29.163501827384124 -4.175882858273025
      vertex 6.02176547200238 33.16333561109861 -4.101302786908394
    endloop
  endfacet
  facet normal -0.6631226582407951 -0.026122648387583866 0.7480547756473989
    outer loop
      vertex 4.544517973849246 36.20784355439918 -5.323478329580636
      vertex 5.9880859853688095 12.872426447865795 -4.858699850226964
      vertex 5.988085985368809 36.163210948884476 -4.045367733384921
    endloop
  endfacet
  facet normal -0.8229838658936555 -0.019825173755351064 0.5677186970360443
    outer loop
      vertex 5.9880859853688095 12.872426447865795 -4.858699850226964
      vertex 6.02176547200238 33.16333561109861 -4.101302786908394
      vertex 5.988085985368809 36.163210948884476 -4.045367733384921
    endloop
  endfacet
  facet normal -0.8229838658936565 0.01982517375535108 -0.5677186970360429
    outer loop
      vertex 5.988085985368808 23.105643324821656 6.115081731517001
      vertex 7.08364820522568 35.84832093420491 4.971902483240108
      vertex 6.573097946931968 22.288202060556756 5.238483297436308
    endloop
  endfacet
  facet normal 0.4067366430758002 0.031882276686582424 -0.9129889504329771
    outer loop
      vertex 3.3991869381244215 33.345002622927844 -9.303565350800717
      vertex 3.3991869381244215 36.34317510398513 -9.198866860693215
      vertex 5.5 33.312359649590384 -8.368792898401908
    endloop
  endfacet
  facet normal 2.2203980519534944e-15 0.9993908270190958 0.03489949670250131
    outer loop
      vertex 3.3991869381244215 36.34317510398513 -9.198866860693215
      vertex 4.544517973849246 36.20784355439918 -5.323478329580636
      vertex 5.5 36.31053213064767 -8.264094408294405
    endloop
  endfacet
  facet normal 0.40673664307580093 0.03188227668658294 -0.9129889504329769
    outer loop
      vertex 3.3991869381244215 36.34317510398513 -9.198866860693215
      vertex 5.5 36.31053213064767 -8.264094408294405
      vertex 5.5 33.312359649590384 -8.368792898401908
    endloop
  endfacet
  facet normal -1.091286273911875e-16 0.9993908270190958 0.03489949670250201
    outer loop
      vertex 3.3991869381244215 36.34317510398513 -9.198866860693215
      vertex 2.8368390963402854 36.23912254291452 -6.219191367139279
      vertex 4.544517973849246 36.20784355439918 -5.323478329580636
    endloop
  endfacet
  facet normal 0.5877852522924728 0.028234285927455974 -0.8085241630808819
    outer loop
      vertex 5.5 33.312359649590384 -8.368792898401908
      vertex 5.5 36.31053213064767 -8.264094408294405
      vertex 7.360436669947441 33.26518647587868 -7.017929947834428
    endloop
  endfacet
  facet normal 0.5877852522924726 0.028234285927455745 -0.8085241630808822
    outer loop
      vertex 5.5 36.31053213064767 -8.264094408294405
      vertex 7.360436669947441 36.26335895693597 -6.913231457726925
      vertex 7.360436669947441 33.26518647587868 -7.017929947834428
    endloop
  endfacet
  facet normal -1.8877467616281917e-15 0.9993908270190958 0.034899496702499984
    outer loop
      vertex 4.544517973849246 36.20784355439918 -5.323478329580636
      vertex 5.988085985368809 36.163210948884476 -4.045367733384921
      vertex 5.5 36.31053213064767 -8.264094408294405
    endloop
  endfacet
  facet normal -0.8229838658936562 -0.019825173755351005 0.567718697036043
    outer loop
      vertex 6.02176547200238 33.16333561109861 -4.101302786908394
      vertex 7.083648205225679 33.1096461301127 -2.5638372107675433
      vertex 7.083648205225679 36.10781861116999 -2.4591387206600404
    endloop
  endfacet
  facet normal -1.2539497841090473e-15 0.9993908270190959 0.03489949670249991
    outer loop
      vertex 5.5 36.31053213064767 -8.264094408294405
      vertex 5.988085985368809 36.163210948884476 -4.045367733384921
      vertex 7.360436669947441 36.26335895693597 -6.913231457726925
    endloop
  endfacet
  facet normal -0.8229838658936564 -0.01982517375535104 0.567718697036043
    outer loop
      vertex 6.02176547200238 33.16333561109861 -4.101302786908394
      vertex 7.083648205225679 36.10781861116999 -2.4591387206600404
      vertex 5.988085985368809 36.163210948884476 -4.045367733384921
    endloop
  endfacet
  facet normal -0.9350162426854148 -0.012375532086031727 0.3543888713264527
    outer loop
      vertex 7.083648205225679 8.624570868144852 -3.418874879978817
      vertex 7.475458084184539 8.588515578848925 -2.3863864835118505
      vertex 7.083648205225679 12.622134176221234 -3.279276893168813
    endloop
  endfacet
  facet normal 0.7431448254773937 0.023352321390163473 -0.668722990072769
    outer loop
      vertex 8.899186938124423 -11.76704242001339 -6.88049304381024
      vertex 8.5 12.733505254943912 -6.468527311862969
      vertex 8.899186938124423 36.203717276903205 -5.205317202090193
    endloop
  endfacet
  facet normal -0.992708874098054 -0.004206669475101067 0.12046325256650339
    outer loop
      vertex 7.900717876205678 8.523358016804238 -0.5205180335028776
      vertex 8 7.439370820086286 0.259788553571867
      vertex 8 8.494822029662314 0.296645721971258
    endloop
  endfacet
  facet normal -0.8229838658936568 0.019825173755351 -0.5677186970360424
    outer loop
      vertex 7.08364820522568 -12.122438762711687 3.296726641520062
      vertex 6.842162531885313 2.9007444020357656 4.171413404869067
      vertex 7.08364820522568 35.84832093420491 4.971902483240108
    endloop
  endfacet
  facet normal -0.9350162426854153 0.012375532086031676 -0.35438887132645164
    outer loop
      vertex 7.08364820522568 -12.122438762711687 3.296726641520062
      vertex 7.25345115030399 20.864681839478237 4.000655793698095
      vertex 7.378637633905743 19.103462059237547 3.6088618106829466
    endloop
  endfacet
  facet normal -0.9350162426854147 -0.012375532086031696 0.35438887132645286
    outer loop
      vertex 7.475458084184539 8.588515578848925 -2.3863864835118505
      vertex 7.418467556335978 12.591323292641079 -2.396968627097041
      vertex 7.083648205225679 12.622134176221234 -3.279276893168813
    endloop
  endfacet
  facet normal -0.9927088740980541 -0.004206669475101055 0.12046325256650342
    outer loop
      vertex 7.982118041492955 -8.297491796013004 -0.4371157446982953
      vertex 7.767534539408416 29.04914995344706 -0.9012736328352051
      vertex 7.767534539408416 12.55920130763198 -1.477115328426471
    endloop
  endfacet
  facet normal -0.9927088740980538 -0.004206669475101051 0.12046325256650582
    outer loop
      vertex 7.980627878284035 -7.989558618661659 -0.4386425600539855
      vertex 7.900717876205678 8.523358016804238 -0.5205180335028776
      vertex 7.767534539408416 33.04671326152344 -0.7616756460252012
    endloop
  endfacet
  facet normal -0.992708874098054 -0.00420666947510108 0.12046325256650399
    outer loop
      vertex 7.881345754489712 12.526489322371726 -0.5403666331268517
      vertex 8 12.492385337738696 0.4362437087812619
      vertex 8 17.989034886343724 0.6281909406450175
    endloop
  endfacet
  facet normal -0.9350162426854153 0.012375532086031543 -0.3543888713264515
    outer loop
      vertex 7.514349280326985 11.668928588561867 2.991181858101082
      vertex 7.378637633905743 19.103462059237547 3.6088618106829466
      vertex 7.767534539408415 13.302961579134397 2.3802419571532734
    endloop
  endfacet
  facet normal 0.743144825477394 0.023352321390163456 -0.6687229900727686
    outer loop
      vertex 7.360436669947441 12.777674521987215 -7.733369630235698
      vertex 7.360436669947441 29.267623167802295 -7.157527934644432
      vertex 8.5 12.733505254943912 -6.468527311862969
    endloop
  endfacet
  facet normal -0.8229838658936564 -0.019825173755351023 0.567718697036043
    outer loop
      vertex 6.264522192438013 12.66354971968255 -4.465262885576618
      vertex 7.083648205225679 12.622134176221234 -3.279276893168813
      vertex 7.083648205225679 29.112082822036314 -2.703435197577547
    endloop
  endfacet
  facet normal 0.866025403784439 0.017449748351250464 -0.49969541350954716
    outer loop
      vertex 8.899186938124423 -11.76704242001339 -6.88049304381024
      vertex 8.899186938124423 36.203717276903205 -5.205317202090193
      vertex 10.049000034068609 36.13421371815936 -3.2149956898374077
    endloop
  endfacet
  facet normal -0.9350162426854147 -0.012375532086031696 0.35438887132645275
    outer loop
      vertex 7.083648205225679 12.622134176221234 -3.279276893168813
      vertex 7.418467556335978 12.591323292641079 -2.396968627097041
      vertex 7.183381628960662 29.102905112033714 -2.4406199693859554
    endloop
  endfacet
  facet normal -0.9350162426854148 -0.012375532086031687 0.35438887132645236
    outer loop
      vertex 7.418467556335978 12.591323292641079 -2.396968627097041
      vertex 7.767534539408416 12.55920130763198 -1.477115328426471
      vertex 7.767534539408416 29.04914995344706 -0.9012736328352051
    endloop
  endfacet
  facet normal -0.992708874098054 -0.004206669475101053 0.12046325256650363
    outer loop
      vertex 7.982118041492955 -8.297491796013004 -0.4371157446982953
      vertex 7.767534539408416 33.04671326152344 -0.7616756460252012
      vertex 7.767534539408416 29.04914995344706 -0.9012736328352051
    endloop
  endfacet
  facet normal -0.9927088740980572 -0.004206669475101352 0.12046325256647708
    outer loop
      vertex 7.900717876205678 8.523358016804238 -0.5205180335028776
      vertex 7.881345754489712 12.526489322371726 -0.5403666331268517
      vertex 7.767534539408416 33.04671326152344 -0.7616756460252012
    endloop
  endfacet
  facet normal -0.9350162426854148 0.0123755320860317 -0.35438887132645275
    outer loop
      vertex 7.08364820522568 -12.122438762711687 3.296726641520062
      vertex 7.08364820522568 35.84832093420491 4.971902483240108
      vertex 7.25345115030399 20.864681839478237 4.000655793698095
    endloop
  endfacet
  facet normal -0.8229838658936561 0.019825173755351012 -0.5677186970360433
    outer loop
      vertex 6.842162531885313 2.9007444020357656 4.171413404869067
      vertex 6.414538094977583 6.516546526283052 4.917578574039454
      vertex 7.08364820522568 35.84832093420491 4.971902483240108
    endloop
  endfacet
  facet normal -0.992708874098054 0.004206669475101058 -0.12046325256650414
    outer loop
      vertex 7.767534539408415 13.302961579134397 2.3802419571532734
      vertex 7.767534539408416 18.714758179351016 2.5692260587656537
      vertex 8 17.989034886343724 0.6281909406450175
    endloop
  endfacet
  facet normal -0.9350162426854157 0.012375532086031229 -0.35438887132645025
    outer loop
      vertex 7.767534539408415 13.302961579134397 2.3802419571532734
      vertex 7.378637633905743 19.103462059237547 3.6088618106829466
      vertex 7.767534539408416 18.714758179351016 2.5692260587656537
    endloop
  endfacet
  facet normal 0.9945218953682734 0.003647990759126961 -0.10446478735209515
    outer loop
      vertex 10.759623608071863 -11.912873777179986 -2.704429363396301
      vertex 11 35.97806977268745 1.256381881290035
      vertex 11 17.989034886343724 0.6281909406450175
    endloop
  endfacet
  facet normal 0.9510565162951533 0.01078453757620526 -0.3088287495713345
    outer loop
      vertex 10.049000034068609 -11.836545978757236 -4.8901715315574545
      vertex 10.049000034068609 36.13421371815936 -3.2149956898374077
      vertex 10.759623608071863 36.05788591973661 -1.0292535216762544
    endloop
  endfacet
  facet normal 0.9945218953682733 0.0036479907591269564 -0.10446478735209513
    outer loop
      vertex 10.759623608071863 -11.912873777179986 -2.704429363396301
      vertex 10.759623608071863 36.05788591973661 -1.0292535216762544
      vertex 11 35.97806977268745 1.256381881290035
    endloop
  endfacet
  facet normal -0.9350162426854147 -0.01237553208603172 0.35438887132645325
    outer loop
      vertex 7.083648205225679 12.622134176221234 -3.279276893168813
      vertex 7.183381628960662 29.102905112033714 -2.4406199693859554
      vertex 7.083648205225679 29.112082822036314 -2.703435197577547
    endloop
  endfacet
  facet normal 0.7431448254773939 0.02335232139016345 -0.6687229900727686
    outer loop
      vertex 8.5 12.733505254943912 -6.468527311862969
      vertex 7.360436669947441 29.267623167802295 -7.157527934644432
      vertex 8.5 29.223453900758994 -5.892685616271703
    endloop
  endfacet
  facet normal 0.7431448254773939 0.023352321390163452 -0.6687229900727687
    outer loop
      vertex 8.5 12.733505254943912 -6.468527311862969
      vertex 8.5 29.223453900758994 -5.892685616271703
      vertex 8.899186938124423 36.203717276903205 -5.205317202090193
    endloop
  endfacet
  facet normal -0.9350162426854148 -0.012375532086031697 0.35438887132645247
    outer loop
      vertex 7.418467556335978 12.591323292641079 -2.396968627097041
      vertex 7.767534539408416 29.04914995344706 -0.9012736328352051
      vertex 7.183381628960662 29.102905112033714 -2.4406199693859554
    endloop
  endfacet
  facet normal -0.9927088740980539 -0.0042066694751010485 0.12046325256650384
    outer loop
      vertex 7.881345754489712 12.526489322371726 -0.5403666331268517
      vertex 8 17.989034886343724 0.6281909406450175
      vertex 7.767534539408416 36.04488574258073 -0.6569771559176982
    endloop
  endfacet
  facet normal -0.9927088740980539 0.004206669475101071 -0.12046325256650389
    outer loop
      vertex 8 17.989034886343724 0.6281909406450175
      vertex 7.915756230553583 18.56960642961297 1.3426977157181368
      vertex 8 35.97806977268745 1.256381881290035
    endloop
  endfacet
  facet normal -0.9350162426854148 0.012375532086031689 -0.3543888713264526
    outer loop
      vertex 7.544299619287634 20.232043695779904 3.211191736153364
      vertex 7.25345115030399 20.864681839478237 4.000655793698095
      vertex 7.767534539408415 35.911253802794164 3.169740918497771
    endloop
  endfacet
  facet normal -0.9927088740980539 0.00420666947510107 -0.12046325256650407
    outer loop
      vertex 7.915756230553583 18.56960642961297 1.3426977157181368
      vertex 7.767534539408415 19.648774657940315 2.601842632915974
      vertex 8 35.97806977268745 1.256381881290035
    endloop
  endfacet
  facet normal -0.9927088740980553 0.004206669475102074 -0.12046325256649212
    outer loop
      vertex 7.767534539408415 19.648774657940315 2.601842632915974
      vertex 7.767534539408415 19.751516470585138 2.6054304560725092
      vertex 8 35.97806977268745 1.256381881290035
    endloop
  endfacet
  facet normal -0.9350162426854149 0.01237553208603169 -0.35438887132645225
    outer loop
      vertex 7.544299619287634 20.232043695779904 3.211191736153364
      vertex 7.767534539408415 35.911253802794164 3.169740918497771
      vertex 7.767534539408415 19.751516470585138 2.6054304560725092
    endloop
  endfacet
  facet normal -0.992708874098054 -0.004206669475101051 0.12046325256650335
    outer loop
      vertex 7.881345754489712 12.526489322371726 -0.5403666331268517
      vertex 7.767534539408416 36.04488574258073 -0.6569771559176982
      vertex 7.767534539408416 33.04671326152344 -0.7616756460252012
    endloop
  endfacet
  facet normal -2.555460612602025e-16 0.9993908270190958 0.03489949670250038
    outer loop
      vertex 5.988085985368809 36.163210948884476 -4.045367733384921
      vertex 7.083648205225679 36.10781861116999 -2.4591387206600404
      vertex 7.360436669947441 36.26335895693597 -6.913231457726925
    endloop
  endfacet
  facet normal 4.663656546401241e-15 0.9993908270190957 0.034899496702500685
    outer loop
      vertex 7.360436669947441 36.26335895693597 -6.913231457726925
      vertex 7.083648205225679 36.10781861116999 -2.4591387206600404
      vertex 7.767534539408416 36.04488574258073 -0.6569771559176982
    endloop
  endfacet
  facet normal 0.7431448254773939 0.023352321390163463 -0.6687229900727686
    outer loop
      vertex 7.360436669947441 33.26518647587868 -7.017929947834428
      vertex 7.360436669947441 36.26335895693597 -6.913231457726925
      vertex 8.5 33.22101720883538 -5.7530876294616995
    endloop
  endfacet
  facet normal 0.7431448254773939 0.023352321390163487 -0.6687229900727686
    outer loop
      vertex 7.360436669947441 36.26335895693597 -6.913231457726925
      vertex 8.899186938124423 36.203717276903205 -5.205317202090193
      vertex 8.5 33.22101720883538 -5.7530876294616995
    endloop
  endfacet
  facet normal 0.743144825477394 0.023352321390163414 -0.6687229900727684
    outer loop
      vertex 8.5 29.223453900758994 -5.892685616271703
      vertex 8.5 33.22101720883538 -5.7530876294616995
      vertex 8.899186938124423 36.203717276903205 -5.205317202090193
    endloop
  endfacet
  facet normal -0.9350162426854147 -0.012375532086031694 0.35438887132645336
    outer loop
      vertex 7.083648205225679 29.112082822036314 -2.703435197577547
      vertex 7.183381628960662 29.102905112033714 -2.4406199693859554
      vertex 7.083648205225679 33.1096461301127 -2.5638372107675433
    endloop
  endfacet
  facet normal -0.9350162426854166 -0.012375532086031897 0.35438887132644814
    outer loop
      vertex 7.183381628960662 29.102905112033714 -2.4406199693859554
      vertex 7.1263911011121 33.10571282582587 -2.4512021129711465
      vertex 7.083648205225679 33.1096461301127 -2.5638372107675433
    endloop
  endfacet
  facet normal -0.9927088740980539 -0.004206669475101062 0.12046325256650366
    outer loop
      vertex 8 17.989034886343724 0.6281909406450175
      vertex 8 35.97806977268745 1.256381881290035
      vertex 7.767534539408416 36.04488574258073 -0.6569771559176982
    endloop
  endfacet
  facet normal -0.9350162426854148 0.01237553208603169 -0.3543888713264525
    outer loop
      vertex 7.25345115030399 20.864681839478237 4.000655793698095
      vertex 7.08364820522568 35.84832093420491 4.971902483240108
      vertex 7.767534539408415 35.911253802794164 3.169740918497771
    endloop
  endfacet
  facet normal -0.992708874098054 0.004206669475101073 -0.12046325256650393
    outer loop
      vertex 7.767534539408415 19.751516470585138 2.6054304560725092
      vertex 7.767534539408415 35.911253802794164 3.169740918497771
      vertex 8 35.97806977268745 1.256381881290035
    endloop
  endfacet
  facet normal -0.9350162426854166 -0.01237553208603155 0.35438887132644825
    outer loop
      vertex 7.083648205225679 33.1096461301127 -2.5638372107675433
      vertex 7.1263911011121 33.10571282582587 -2.4512021129711465
      vertex 7.083648205225679 36.10781861116999 -2.4591387206600404
    endloop
  endfacet
  facet normal -0.9350162426854147 -0.012375532086031694 0.35438887132645286
    outer loop
      vertex 7.1263911011121 33.10571282582587 -2.4512021129711465
      vertex 7.767534539408416 33.04671326152344 -0.7616756460252012
      vertex 7.767534539408416 36.04488574258073 -0.6569771559176982
    endloop
  endfacet
  facet normal -0.9350162426854148 -0.012375532086031513 0.3543888713264525
    outer loop
      vertex 7.1263911011121 33.10571282582587 -2.4512021129711465
      vertex 7.767534539408416 36.04488574258073 -0.6569771559176982
      vertex 7.083648205225679 36.10781861116999 -2.4591387206600404
    endloop
  endfacet
  facet normal 1.1438118277503223e-15 0.9993908270190958 0.03489949670250082
    outer loop
      vertex 7.360436669947441 36.26335895693597 -6.913231457726925
      vertex 8.899186938124423 35.75242226847169 7.718080964670263
      vertex 8.899186938124423 36.203717276903205 -5.205317202090193
    endloop
  endfacet
  facet normal -1.4510055290117605e-15 0.9993908270190958 0.03489949670250108
    outer loop
      vertex 7.360436669947441 36.26335895693597 -6.913231457726925
      vertex 7.767534539408416 36.04488574258073 -0.6569771559176982
      vertex 8.899186938124423 35.75242226847169 7.718080964670263
    endloop
  endfacet
  facet normal -1.9818270415827705e-14 0.9993908270190955 0.034899496702503564
    outer loop
      vertex 7.767534539408416 36.04488574258073 -0.6569771559176982
      vertex 8 35.97806977268745 1.256381881290035
      vertex 8.899186938124423 35.75242226847169 7.718080964670263
    endloop
  endfacet
  facet normal -2.9516279926701997e-15 0.9993908270190958 0.03489949670250143
    outer loop
      vertex 7.767534539408415 35.911253802794164 3.169740918497771
      vertex 7.08364820522568 35.84832093420491 4.971902483240108
      vertex 8.899186938124423 35.75242226847169 7.718080964670263
    endloop
  endfacet
  facet normal -1.1017691435271485e-15 0.9993908270190958 0.03489949670250097
    outer loop
      vertex 8 35.97806977268745 1.256381881290035
      vertex 7.767534539408415 35.911253802794164 3.169740918497771
      vertex 8.899186938124423 35.75242226847169 7.718080964670263
    endloop
  endfacet
  facet normal 1.0898541243404407e-15 0.9993908270190958 0.03489949670250062
    outer loop
      vertex 8.899186938124423 36.203717276903205 -5.205317202090193
      vertex 10.049000034068609 35.82192582721554 5.7277594524174775
      vertex 10.049000034068609 36.13421371815936 -3.2149956898374077
    endloop
  endfacet
  facet normal -7.765598848171019e-16 0.9993908270190958 0.03489949670250081
    outer loop
      vertex 8.899186938124423 36.203717276903205 -5.205317202090193
      vertex 8.899186938124423 35.75242226847169 7.718080964670263
      vertex 10.049000034068609 35.82192582721554 5.7277594524174775
    endloop
  endfacet
  facet normal 0.9945218953682733 -0.0036479907591269586 0.10446478735209513
    outer loop
      vertex 11 17.989034886343724 0.6281909406450175
      vertex 10.759623608071863 35.89825362563828 3.5420172842563242
      vertex 10.759623608071863 18.855959921843294 2.9468872742154355
    endloop
  endfacet
  facet normal 0.9510565162951534 -0.010784537576205252 0.3088287495713345
    outer loop
      vertex 10.759623608071863 18.855959921843294 2.9468872742154355
      vertex 10.049000034068609 35.82192582721554 5.7277594524174775
      vertex 10.049000034068609 19.68499617332367 5.164245451669371
    endloop
  endfacet
  facet normal 0.9945218953682734 -0.0036479907591269573 0.10446478735209512
    outer loop
      vertex 11 17.989034886343724 0.6281909406450175
      vertex 11 35.97806977268745 1.256381881290035
      vertex 10.759623608071863 35.89825362563828 3.5420172842563242
    endloop
  endfacet
  facet normal 0.9510565162951534 -0.010784537576205264 0.30882874957133455
    outer loop
      vertex 10.759623608071863 18.855959921843294 2.9468872742154355
      vertex 10.759623608071863 35.89825362563828 3.5420172842563242
      vertex 10.049000034068609 35.82192582721554 5.7277594524174775
    endloop
  endfacet
  facet normal -5.601610096611644e-15 0.9993908270190958 0.03489949670250152
    outer loop
      vertex 10.049000034068609 36.13421371815936 -3.2149956898374077
      vertex 10.759623608071863 35.89825362563828 3.5420172842563242
      vertex 10.759623608071863 36.05788591973661 -1.0292535216762544
    endloop
  endfacet
  facet normal 0 0.9993908270190957 0.03489949670250151
    outer loop
      vertex 10.759623608071863 36.05788591973661 -1.0292535216762544
      vertex 10.759623608071863 35.89825362563828 3.5420172842563242
      vertex 11 35.97806977268745 1.256381881290035
    endloop
  endfacet
  facet normal 2.9332151552636567e-15 0.9993908270190959 0.03489949670250062
    outer loop
      vertex 10.049000034068609 36.13421371815936 -3.2149956898374077
      vertex 10.049000034068609 35.82192582721554 5.7277594524174775
      vertex 10.759623608071863 35.89825362563828 3.5420172842563242
    endloop
  endfacet
  facet normal 0 -0.034899496702500955 0.9993908270190958
    outer loop
      vertex -0.9642934420425825 17.89854385299777 11.571440029844606
      vertex 1.1498130959441881 -4.485582662833082 10.789769107511159
      vertex 0.9642934420425839 17.89854385299777 11.571440029844606
    endloop
  endfacet
  facet normal -2.5724234303520634e-15 -0.034899496702500976 0.9993908270190958
    outer loop
      vertex 1.1498130959441881 -4.485582662833082 10.789769107511159
      vertex 1.1498130959441881 17.833916227129848 11.569183183418874
      vertex 0.9642934420425839 17.89854385299777 11.571440029844606
    endloop
  endfacet
  facet normal -0.2393156642875526 0.03388538075558059 -0.9703503459048473
    outer loop
      vertex 0.964293442042582 -12.269850244854176 7.518039180962385
      vertex 2.3046361345167994 22.078496190411325 8.386943694697475
      vertex 2.450821266102895 20.86053171428649 8.308358076403453
    endloop
  endfacet
  facet normal 0.20791169081775926 -0.03413685896636868 0.9775517396441022
    outer loop
      vertex 3.3749020842482067 -3.0095884473078667 10.368066408114615
      vertex 2.8368390963402854 17.61710841658206 11.202805066207661
      vertex 1.1498130959441881 17.833916227129848 11.569183183418874
    endloop
  endfacet
  facet normal 0.20791169081776065 -0.03413685896636864 0.977551739644102
    outer loop
      vertex 3.3749020842482067 -3.0095884473078667 10.368066408114615
      vertex 3.3991869381244215 17.323597039603754 11.07295184008563
      vertex 2.8368390963402854 17.61710841658206 11.202805066207661
    endloop
  endfacet
  facet normal -0.4647231720437694 0.030901969647493806 -0.8849166297666026
    outer loop
      vertex 2.8368390963402854 -0.31964820675489625 7.473527050697058
      vertex 2.8368390963402854 20.824465942129564 8.211895786997454
      vertex 4.005330671376378 20.59199811033943 7.590132327444989
    endloop
  endfacet
  facet normal -0.23931566428755713 0.03388538075558083 -0.9703503459048463
    outer loop
      vertex 2.8368390963402854 -0.31964820675489625 7.473527050697058
      vertex 2.450821266102895 20.86053171428649 8.308358076403453
      vertex 2.8368390963402854 20.824465942129564 8.211895786997454
    endloop
  endfacet
  facet normal -0.23931566428755827 0.0338853807555808 -0.970350345904846
    outer loop
      vertex 0.964293442042582 -12.269850244854176 7.518039180962385
      vertex 0.964293442042582 35.70090945206242 9.193215022682432
      vertex 2.3046361345167994 22.078496190411325 8.386943694697475
    endloop
  endfacet
  facet normal -0.4647231720437681 0.030901969647493838 -0.8849166297666033
    outer loop
      vertex 4.544517973849249 -12.222463705940886 6.161066250440657
      vertex 4.005330671376378 20.59199811033943 7.590132327444989
      vertex 4.050116533401849 21.850907329058032 7.610574644827331
    endloop
  endfacet
  facet normal 0.40673664307579943 -0.03188227668658278 0.9129889504329777
    outer loop
      vertex 5.5 0.027147480573045057 9.533034141862826
      vertex 4.544517973849248 17.001428402941286 10.551456404604991
      vertex 3.3991869381244215 17.323597039603754 11.07295184008563
    endloop
  endfacet
  facet normal -0.663122658240795 0.02612264838758387 -0.7480547756473991
    outer loop
      vertex 4.928643601066331 0.5541720584044589 6.266723161141101
      vertex 5.584413811179335 22.366143262780973 6.447098146876601
      vertex 5.24543312540158 3.393953134335579 6.085068403549104
    endloop
  endfacet
  facet normal -0.6631226582407964 0.02612264838758393 -0.7480547756473978
    outer loop
      vertex 5.24543312540158 3.393953134335579 6.085068403549104
      vertex 5.988085985368809 21.242227512839495 6.050009817479493
      vertex 5.988085985368808 5.004337886092087 5.482970216791404
    endloop
  endfacet
  facet normal 0.5877852522924699 -0.0282342859274563 0.8085241630808843
    outer loop
      vertex 7.08364820522568 4.071598409860845 8.522980375773553
      vertex 5.988085985368809 16.000677544758197 9.736010723820801
      vertex 5.5 16.24504499702507 10.099375602675634
    endloop
  endfacet
  facet normal 0.5877852522924741 -0.028234285927455593 0.808524163080881
    outer loop
      vertex 7.08364820522568 4.071598409860845 8.522980375773553
      vertex 7.08364820522568 14.580677662969727 8.889965509941876
      vertex 5.988085985368809 16.000677544758197 9.736010723820801
    endloop
  endfacet
  facet normal 0.40673664307580115 -0.031882276686582604 0.9129889504329767
    outer loop
      vertex 5.5 0.027147480573045057 9.533034141862826
      vertex 5.5 16.24504499702507 10.099375602675634
      vertex 4.544517973849248 17.001428402941286 10.551456404604991
    endloop
  endfacet
  facet normal -0.46472317204376906 0.03090196964749381 -0.8849166297666029
    outer loop
      vertex 4.544517973849249 -12.222463705940886 6.161066250440657
      vertex 4.050116533401849 21.850907329058032 7.610574644827331
      vertex 4.544517973849249 35.74829599097571 7.836242092160703
    endloop
  endfacet
  facet normal -0.6631226582407946 0.026122648387583894 -0.7480547756473993
    outer loop
      vertex 4.544517973849249 -12.222463705940886 6.161066250440657
      vertex 4.544517973849249 35.74829599097571 7.836242092160703
      vertex 5.080359042621845 23.881264006695815 6.946833081606863
    endloop
  endfacet
  facet normal -0.6631226582407956 0.02612264838758388 -0.7480547756473983
    outer loop
      vertex 4.928643601066331 0.5541720584044589 6.266723161141101
      vertex 5.080359042621845 23.881264006695815 6.946833081606863
      vertex 5.584413811179335 22.366143262780973 6.447098146876601
    endloop
  endfacet
  facet normal -0.6631226582407952 0.026122648387583873 -0.748054775647399
    outer loop
      vertex 5.24543312540158 3.393953134335579 6.085068403549104
      vertex 5.584413811179335 22.366143262780973 6.447098146876601
      vertex 5.988085985368809 21.242227512839495 6.050009817479493
    endloop
  endfacet
  facet normal -0.23931566428752876 0.03388538075558415 -0.970350345904853
    outer loop
      vertex 2.3046361345167994 22.078496190411325 8.386943694697475
      vertex 0.964293442042582 35.70090945206242 9.193215022682432
      vertex 2.3100419960088083 22.217029719449204 8.390448154771311
    endloop
  endfacet
  facet normal -0.2393156642875571 0.033885380755580806 -0.9703503459048461
    outer loop
      vertex 2.3100419960088083 22.217029719449204 8.390448154771311
      vertex 2.8368390963402854 35.71701700246037 8.73195512971935
      vertex 2.8173473028402642 25.208189066008682 8.369785995761625
    endloop
  endfacet
  facet normal -0.2393156642875591 0.03388538075558079 -0.9703503459048457
    outer loop
      vertex 2.8173473028402642 25.208189066008682 8.369785995761625
      vertex 2.8368390963402854 35.71701700246037 8.73195512971935
      vertex 2.8368390963402854 25.203555364545963 8.364816959301407
    endloop
  endfacet
  facet normal 0.20791169081775965 -0.034136858966368706 0.9775517396441021
    outer loop
      vertex 1.1498130959441881 22.1358720654178 11.719410791611406
      vertex 3.3991869381244215 21.954635381959744 11.234671262546488
      vertex 1.1498130959441881 35.59627832299978 12.189458535797705
    endloop
  endfacet
  facet normal 0 -0.03489949670250099 0.9993908270190958
    outer loop
      vertex -1.1498130959441881 35.59627832299978 12.189458535797705
      vertex 1.1498130959441881 22.1358720654178 11.719410791611406
      vertex 1.1498130959441881 35.59627832299978 12.189458535797705
    endloop
  endfacet
  facet normal 0 0.9993908270190958 0.034899496702499734
    outer loop
      vertex -0.964293442042582 35.70090945206242 9.193215022682432
      vertex 1.1498130959441881 35.59627832299978 12.189458535797705
      vertex 0.964293442042582 35.70090945206242 9.193215022682432
    endloop
  endfacet
  facet normal -0.23931566428755777 0.033885380755580834 -0.970350345904846
    outer loop
      vertex 2.3100419960088083 22.217029719449204 8.390448154771311
      vertex 0.964293442042582 35.70090945206242 9.193215022682432
      vertex 2.8368390963402854 35.71701700246037 8.73195512971935
    endloop
  endfacet
  facet normal 0.20791169081775995 -0.034136858966368665 0.9775517396441021
    outer loop
      vertex 1.1498130959441881 35.59627832299978 12.189458535797705
      vertex 3.3991869381244215 21.954635381959744 11.234671262546488
      vertex 3.3991869381244215 35.612964441389764 11.711630623273283
    endloop
  endfacet
  facet normal 1.6330440367756114e-15 0.9993908270190958 0.03489949670249964
    outer loop
      vertex 0.964293442042582 35.70090945206242 9.193215022682432
      vertex 1.1498130959441881 35.59627832299978 12.189458535797705
      vertex 3.3991869381244215 35.612964441389764 11.711630623273283
    endloop
  endfacet
  facet normal -1.0641371431175833e-15 0.9993908270190958 0.034899496702502246
    outer loop
      vertex 0.964293442042582 35.70090945206242 9.193215022682432
      vertex 3.3991869381244215 35.612964441389764 11.711630623273283
      vertex 2.8368390963402854 35.71701700246037 8.73195512971935
    endloop
  endfacet
  facet normal -0.46472317204376956 0.030901969647493827 -0.8849166297666026
    outer loop
      vertex 4.050116533401849 21.850907329058032 7.610574644827331
      vertex 3.4913270624707757 24.872250872780164 8.009536388841134
      vertex 4.544517973849249 35.74829599097571 7.836242092160703
    endloop
  endfacet
  facet normal -0.4647231720437686 0.03090196964749373 -0.884916629766603
    outer loop
      vertex 3.4913270624707757 24.872250872780164 8.009536388841134
      vertex 2.8368390963402854 25.203555364545963 8.364816959301407
      vertex 4.544517973849249 35.74829599097571 7.836242092160703
    endloop
  endfacet
  facet normal 0.4067366430758002 -0.03188227668658267 0.9129889504329771
    outer loop
      vertex 3.3991869381244215 21.954635381959744 11.234671262546488
      vertex 5.5 21.600082927780857 10.286377647875122
      vertex 3.3991869381244215 35.612964441389764 11.711630623273283
    endloop
  endfacet
  facet normal -0.6631226582407955 0.026122648387583897 -0.7480547756473985
    outer loop
      vertex 5.080359042621845 23.881264006695815 6.946833081606863
      vertex 5.988085985368808 35.79292859649042 6.558131495964992
      vertex 5.988085985368808 23.105643324821656 6.115081731517001
    endloop
  endfacet
  facet normal 0.5877852522924726 -0.028234285927455825 0.8085241630808822
    outer loop
      vertex 7.360436669947441 21.087710346460177 8.915974928976071
      vertex 5.5 35.64560741472722 10.776858170874476
      vertex 5.5 21.600082927780857 10.286377647875122
    endloop
  endfacet
  facet normal -0.4647231720437691 0.03090196964749381 -0.8849166297666029
    outer loop
      vertex 4.544517973849249 35.74829599097571 7.836242092160703
      vertex 2.8368390963402854 25.203555364545963 8.364816959301407
      vertex 2.8368390963402854 35.71701700246037 8.73195512971935
    endloop
  endfacet
  facet normal 0.4067366430757995 -0.031882276686582785 0.9129889504329775
    outer loop
      vertex 3.3991869381244215 35.612964441389764 11.711630623273283
      vertex 5.5 21.600082927780857 10.286377647875122
      vertex 5.5 35.64560741472722 10.776858170874476
    endloop
  endfacet
  facet normal -5.120651671651391e-16 0.9993908270190959 0.03489949670250071
    outer loop
      vertex 4.544517973849249 35.74829599097571 7.836242092160703
      vertex 2.8368390963402854 35.71701700246037 8.73195512971935
      vertex 5.5 35.64560741472722 10.776858170874476
    endloop
  endfacet
  facet normal -1.802802660938943e-15 0.9993908270190957 0.034899496702502385
    outer loop
      vertex 2.8368390963402854 35.71701700246037 8.73195512971935
      vertex 3.3991869381244215 35.612964441389764 11.711630623273283
      vertex 5.5 35.64560741472722 10.776858170874476
    endloop
  endfacet
  facet normal -0.6631226582407951 0.026122648387583852 -0.7480547756473988
    outer loop
      vertex 5.080359042621845 23.881264006695815 6.946833081606863
      vertex 4.544517973849249 35.74829599097571 7.836242092160703
      vertex 5.988085985368808 35.79292859649042 6.558131495964992
    endloop
  endfacet
  facet normal 0.5877852522924734 -0.028234285927455638 0.8085241630808816
    outer loop
      vertex 7.360436669947441 21.087710346460177 8.915974928976071
      vertex 7.360436669947441 35.69278058843893 9.425995220306994
      vertex 5.5 35.64560741472722 10.776858170874476
    endloop
  endfacet
  facet normal -0.8229838658936564 0.019825173755351047 -0.567718697036043
    outer loop
      vertex 5.988085985368808 23.105643324821656 6.115081731517001
      vertex 5.988085985368808 35.79292859649042 6.558131495964992
      vertex 7.08364820522568 35.84832093420491 4.971902483240108
    endloop
  endfacet
  facet normal 1.4276384627442106e-15 0.9993908270190959 0.034899496702500074
    outer loop
      vertex 4.544517973849249 35.74829599097571 7.836242092160703
      vertex 5.5 35.64560741472722 10.776858170874476
      vertex 7.360436669947441 35.69278058843893 9.425995220306994
    endloop
  endfacet
  facet normal 1.6048405416396278e-15 0.9993908270190958 0.034899496702499755
    outer loop
      vertex 4.544517973849249 35.74829599097571 7.836242092160703
      vertex 7.360436669947441 35.69278058843893 9.425995220306994
      vertex 5.988085985368808 35.79292859649042 6.558131495964992
    endloop
  endfacet
  facet normal 0.5877852522924765 -0.028234285927455537 0.8085241630808795
    outer loop
      vertex 7.08364820522568 4.071598409860845 8.522980375773553
      vertex 7.360436669947441 5.311101167989206 8.365043596493294
      vertex 7.08364820522568 14.580677662969727 8.889965509941876
    endloop
  endfacet
  facet normal 0.743144825477394 -0.02335232139016359 0.6687229900727684
    outer loop
      vertex 7.360436669947441 5.311101167989206 8.365043596493294
      vertex 7.767534539408415 7.2958656666457244 7.981949519424845
      vertex 7.360436669947441 13.757163558167282 8.659986594333624
    endloop
  endfacet
  facet normal 0.7431448254773937 -0.023352321390163487 0.668722990072769
    outer loop
      vertex 7.767534539408415 7.2958656666457244 7.981949519424845
      vertex 8 10.268796059748306 7.827430115030965
      vertex 7.767534539408416 12.707662266862336 8.170933621037232
    endloop
  endfacet
  facet normal 0.5877852522924704 -0.02823428592745596 0.8085241630808837
    outer loop
      vertex 7.360436669947441 5.311101167989206 8.365043596493294
      vertex 7.360436669947441 13.757163558167282 8.659986594333624
      vertex 7.08364820522568 14.580677662969727 8.889965509941876
    endloop
  endfacet
  facet normal 0.743144825477395 -0.023352321390163428 0.6687229900727675
    outer loop
      vertex 7.767534539408415 7.2958656666457244 7.981949519424845
      vertex 7.767534539408416 12.707662266862336 8.170933621037232
      vertex 7.360436669947441 13.757163558167282 8.659986594333624
    endloop
  endfacet
  facet normal 0.743144825477394 -0.02335232139016339 0.6687229900727685
    outer loop
      vertex 8.899186938124423 20.439910778437856 7.183356280587053
      vertex 7.360436669947441 35.69278058843893 9.425995220306994
      vertex 7.360436669947441 21.087710346460177 8.915974928976071
    endloop
  endfacet
  facet normal 0.866025403784439 -0.01744974835125047 0.4996954135095473
    outer loop
      vertex 8.899186938124423 20.439910778437856 7.183356280587053
      vertex 10.049000034068609 19.68499617332367 5.164245451669371
      vertex 8.899186938124423 35.75242226847169 7.718080964670263
    endloop
  endfacet
  facet normal 0.7431448254773938 -0.02335232139016347 0.6687229900727688
    outer loop
      vertex 8.899186938124423 20.439910778437856 7.183356280587053
      vertex 8.899186938124423 35.75242226847169 7.718080964670263
      vertex 7.360436669947441 35.69278058843893 9.425995220306994
    endloop
  endfacet
  facet normal 3.2855922162025985e-16 0.9993908270190958 0.03489949670250037
    outer loop
      vertex 5.988085985368808 35.79292859649042 6.558131495964992
      vertex 7.360436669947441 35.69278058843893 9.425995220306994
      vertex 7.08364820522568 35.84832093420491 4.971902483240108
    endloop
  endfacet
  facet normal -1.5295805181572592e-15 0.9993908270190958 0.03489949670250048
    outer loop
      vertex 7.08364820522568 35.84832093420491 4.971902483240108
      vertex 7.360436669947441 35.69278058843893 9.425995220306994
      vertex 8.899186938124423 35.75242226847169 7.718080964670263
    endloop
  endfacet
  facet normal 0.866025403784439 -0.017449748351250453 0.4996954135095472
    outer loop
      vertex 10.049000034068609 19.68499617332367 5.164245451669371
      vertex 10.049000034068609 35.82192582721554 5.7277594524174775
      vertex 8.899186938124423 35.75242226847169 7.718080964670263
    endloop
  endfacet
  facet normal 0.8229838658936567 0.019825173755351047 -0.5677186970360426
    outer loop
      vertex -5.988085985368808 -0.4606464331719595 5.292128759102371
      vertex -6.771757984558329 1.5183515348682106 4.225199950750539
      vertex -6.404234218466658 3.090893358049326 4.81288897077036
    endloop
  endfacet
  facet normal 0.8229838658936558 0.019825173755350787 -0.5677186970360437
    outer loop
      vertex -5.988085985368808 -0.4606464331719595 5.292128759102371
      vertex -6.404234218466658 3.090893358049326 4.81288897077036
      vertex -5.988085985368808 5.004337886092087 5.482970216791404
    endloop
  endfacet
  facet normal 0.663122658240795 0.02612264838758354 -0.748054775647399
    outer loop
      vertex -5.988085985368808 -0.4606464331719595 5.292128759102371
      vertex -5.988085985368808 5.004337886092087 5.482970216791404
      vertex -5.5 -1.4090764015778392 5.691678876571054
    endloop
  endfacet
  facet normal 0.6631226582407975 0.026122648387583818 -0.7480547756473968
    outer loop
      vertex -5.5437063220083616 2.5754718635461207 5.7920783437305
      vertex -5.5 -1.4090764015778392 5.691678876571054
      vertex -5.988085985368808 5.004337886092087 5.482970216791404
    endloop
  endfacet
  facet normal 0.8229838658936556 0.019825173755350988 -0.5677186970360442
    outer loop
      vertex -6.404234218466658 3.090893358049326 4.81288897077036
      vertex -6.378788501344872 6.389777674267534 4.964975505643933
      vertex -5.988085985368808 5.004337886092087 5.482970216791404
    endloop
  endfacet
  facet normal -0.866025403784439 -0.34099918003124874 -0.3656768508095847
    outer loop
      vertex -10.049000034068609 -17.973212645624187 28.04596529898339
      vertex -8.899186938124423 -2.5103009087343042 10.903486741786145
      vertex -8.899186938124423 -19.331436045975227 26.58944902322361
    endloop
  endfacet
  facet normal -0.7431448254773932 -0.45634597620436734 -0.4893711458272318
    outer loop
      vertex -8.899186938124423 -19.331436045975227 26.58944902322361
      vertex -7.360436669947441 -3.675805624187689 9.653635953547715
      vertex -7.360436669947441 -20.496940761428608 25.339598234985182
    endloop
  endfacet
  facet normal -0.7431448254773932 -0.45634597620436723 -0.48937114582723173
    outer loop
      vertex -8.899186938124423 -19.331436045975227 26.58944902322361
      vertex -8.899186938124423 -2.5103009087343042 10.903486741786145
      vertex -7.360436669947441 -3.675805624187689 9.653635953547715
    endloop
  endfacet
  facet normal -1.6394956380326786e-15 -0.7313537016191703 0.6819983600624986
    outer loop
      vertex -10.759623608071863 -16.48163144044981 29.645490311873296
      vertex -10.049000034068609 -17.973212645624187 28.04596529898339
      vertex -10.759623608071863 -13.362131932588087 32.9907439750416
    endloop
  endfacet
  facet normal -0.9510565162951536 -0.2107490833951565 -0.2260007226993482
    outer loop
      vertex -10.759623608071863 -16.48163144044981 29.645490311873296
      vertex -10.049000034068609 -1.1520775083832666 12.360003017545925
      vertex -10.049000034068609 -17.973212645624187 28.04596529898339
    endloop
  endfacet
  facet normal -0.9945218953682733 -0.07128824052839268 -0.07644727853536173
    outer loop
      vertex -10.759623608071863 -16.48163144044981 29.645490311873296
      vertex -11 -14.92188168651895 31.318117143457453
      vertex -10.759623608071863 0.33950369679110654 13.959528030435829
    endloop
  endfacet
  facet normal -0.9945218953682733 0.07128824052839278 0.07644727853536186
    outer loop
      vertex -11 -14.92188168651895 31.318117143457453
      vertex -10.759623608071863 -13.362131932588087 32.9907439750416
      vertex -11 1.8992534507219716 15.632154862019986
    endloop
  endfacet
  facet normal 1.2924888233448294e-14 -0.7313537016191703 0.6819983600624986
    outer loop
      vertex -10.759623608071863 -16.48163144044981 29.645490311873296
      vertex -10.759623608071863 -13.362131932588087 32.9907439750416
      vertex -11 -14.92188168651895 31.318117143457453
    endloop
  endfacet
  facet normal -6.145784134838134e-15 -0.7313537016191707 0.6819983600624983
    outer loop
      vertex -10.049000034068609 -17.973212645624187 28.04596529898339
      vertex -10.049000034068609 -11.870550727413711 34.590268987931516
      vertex -10.759623608071863 -13.362131932588087 32.9907439750416
    endloop
  endfacet
  facet normal -3.1077028496044224e-15 -0.7313537016191706 0.6819983600624983
    outer loop
      vertex -10.049000034068609 -17.973212645624187 28.04596529898339
      vertex -8.899186938124423 -19.331436045975227 26.58944902322361
      vertex -10.049000034068609 -11.870550727413711 34.590268987931516
    endloop
  endfacet
  facet normal 1.6688722368013204e-16 -0.731353701619171 0.6819983600624979
    outer loop
      vertex -7.360436669947441 -20.496940761428608 25.339598234985182
      vertex -5.988085985368808 -18.539870210043006 27.438299457601858
      vertex -7.08364820522568 -17.45740521625409 28.599101046638154
    endloop
  endfacet
  facet normal -3.679660058062901e-14 -0.7313537016191722 0.6819983600624966
    outer loop
      vertex -7.360436669947441 -20.496940761428608 25.339598234985182
      vertex -7.767534539408416 -16.227584811170008 29.917921968000204
      vertex -8 -14.92188168651895 31.318117143457453
    endloop
  endfacet
  facet normal 1.4283698922150362e-15 -0.7313537016191706 0.6819983600624985
    outer loop
      vertex -8.899186938124423 -19.331436045975227 26.58944902322361
      vertex -7.360436669947441 -20.496940761428608 25.339598234985182
      vertex -8.899186938124423 -10.512327327062675 36.0467852636913
    endloop
  endfacet
  facet normal 6.629635034514768e-15 -0.7313537016191701 0.6819983600624988
    outer loop
      vertex -8.899186938124423 -10.512327327062675 36.0467852636913
      vertex -7.360436669947441 -20.496940761428608 25.339598234985182
      vertex -8 -14.92188168651895 31.318117143457453
    endloop
  endfacet
  facet normal -3.00477200305047e-15 -0.7313537016191708 0.681998360062498
    outer loop
      vertex -7.360436669947441 -20.496940761428608 25.339598234985182
      vertex -7.08364820522568 -17.45740521625409 28.599101046638154
      vertex -7.767534539408416 -16.227584811170008 29.917921968000204
    endloop
  endfacet
  facet normal 0.9927088740980541 0.082205818261508 0.0881549472856168
    outer loop
      vertex -7.767534539408416 -16.227584811170008 29.917921968000204
      vertex -8 1.8992534507219716 15.632154862019986
      vertex -8 -14.92188168651895 31.318117143457453
    endloop
  endfacet
  facet normal 0.9350162426854148 0.2418399514331568 0.2593415967508063
    outer loop
      vertex -7.767534539408416 -16.227584811170008 29.917921968000204
      vertex -7.08364820522568 -17.45740521625409 28.599101046638154
      vertex -7.767534539408416 0.5935503260709183 14.231959686562737
    endloop
  endfacet
  facet normal 0.9927088740980541 -0.0822058182615081 -0.08815494728561692
    outer loop
      vertex -8 -14.92188168651895 31.318117143457453
      vertex -7.767534539408416 3.204956575373026 17.032350037477233
      vertex -7.767534539408416 -13.616178561867898 32.718312318914705
    endloop
  endfacet
  facet normal -9.557660120825866e-16 -0.7313537016191706 0.6819983600624984
    outer loop
      vertex -8.899186938124423 -19.331436045975227 26.58944902322361
      vertex -8.899186938124423 -10.512327327062675 36.0467852636913
      vertex -10.049000034068609 -11.870550727413711 34.590268987931516
    endloop
  endfacet
  facet normal -7.712384004690057e-15 -0.7313537016191718 0.6819983600624973
    outer loop
      vertex -8.899186938124423 -10.512327327062675 36.0467852636913
      vertex -8 -14.92188168651895 31.318117143457453
      vertex -7.767534539408416 -13.616178561867898 32.718312318914705
    endloop
  endfacet
  facet normal 3.447156779760813e-15 -0.7313537016191697 0.6819983600624994
    outer loop
      vertex -8.899186938124423 -10.512327327062675 36.0467852636913
      vertex -7.767534539408416 -13.616178561867898 32.718312318914705
      vertex -7.08364820522568 -12.386358156783812 34.03713324027675
    endloop
  endfacet
  facet normal 1.6961684953823064e-15 -0.7313537016191703 0.6819983600624986
    outer loop
      vertex -8.899186938124423 -10.512327327062675 36.0467852636913
      vertex -7.08364820522568 -12.386358156783812 34.03713324027675
      vertex -7.360436669947441 -9.34682261160929 37.296636051929724
    endloop
  endfacet
  facet normal -3.337744473602639e-16 -0.7313537016191706 0.6819983600624985
    outer loop
      vertex -7.08364820522568 -12.386358156783812 34.03713324027675
      vertex -5.988085985368808 -11.303893162994896 35.19793482931305
      vertex -7.360436669947441 -9.34682261160929 37.296636051929724
    endloop
  endfacet
  facet normal -0.9510565162951534 -0.21074908339515683 -0.2260007226993485
    outer loop
      vertex -10.049000034068609 -1.1520775083832666 12.360003017545925
      vertex -10.759623608071863 0.33950369679110654 13.959528030435829
      vertex -10.049000034068609 0.3106298948550752 10.996006297420927
    endloop
  endfacet
  facet normal -0.9510565162951534 -0.21074908339515688 -0.22600072269934854
    outer loop
      vertex -10.759623608071863 -16.48163144044981 29.645490311873296
      vertex -10.759623608071863 0.33950369679110654 13.959528030435829
      vertex -10.049000034068609 -1.1520775083832666 12.360003017545925
    endloop
  endfacet
  facet normal -0.9945218953682733 -0.07128824052839261 -0.07644727853536168
    outer loop
      vertex -11 -14.92188168651895 31.318117143457453
      vertex -11 1.8992534507219716 15.632154862019986
      vertex -10.759623608071863 0.33950369679110654 13.959528030435829
    endloop
  endfacet
  facet normal -0.9945218953682733 0.07128824052839267 0.07644727853536176
    outer loop
      vertex -10.759623608071863 -13.362131932588087 32.9907439750416
      vertex -10.759623608071863 3.4590032046528365 17.30478169360414
      vertex -11 1.8992534507219716 15.632154862019986
    endloop
  endfacet
  facet normal -0.9510565162951534 -0.2107490833951568 -0.22600072269934862
    outer loop
      vertex -10.049000034068609 7.0380305661650695 4.722603680931725
      vertex -10.049000034068609 0.3106298948550752 10.996006297420927
      vertex -10.759623608071863 1.8022111000294483 12.59553131031083
    endloop
  endfacet
  facet normal -0.9945218953682734 -0.07128824052839258 -0.07644727853536164
    outer loop
      vertex -10.759623608071863 0.33950369679110654 13.959528030435829
      vertex -11 1.8992534507219716 15.632154862019986
      vertex -10.759623608071863 1.8022111000294483 12.59553131031083
    endloop
  endfacet
  facet normal -0.9510565162951534 -0.21074908339515694 -0.22600072269934857
    outer loop
      vertex -10.049000034068609 0.3106298948550752 10.996006297420927
      vertex -10.759623608071863 0.33950369679110654 13.959528030435829
      vertex -10.759623608071863 1.8022111000294483 12.59553131031083
    endloop
  endfacet
  facet normal -0.9510565162951534 -0.21074908339515688 -0.22600072269934862
    outer loop
      vertex -10.049000034068609 7.0380305661650695 4.722603680931725
      vertex -10.759623608071863 1.8022111000294483 12.59553131031083
      vertex -10.759623608071863 12.391206750813248 2.7211331189088503
    endloop
  endfacet
  facet normal -0.9945218953682734 -0.07128824052839258 -0.07644727853536165
    outer loop
      vertex -10.759623608071863 1.8022111000294483 12.59553131031083
      vertex -11 3.361960853960313 14.268158141894988
      vertex -10.759623608071863 12.391206750813248 2.7211331189088503
    endloop
  endfacet
  facet normal -0.9945218953682734 -0.07128824052839261 -0.07644727853536165
    outer loop
      vertex -10.759623608071863 1.8022111000294483 12.59553131031083
      vertex -11 1.8992534507219716 15.632154862019986
      vertex -11 3.361960853960313 14.268158141894988
    endloop
  endfacet
  facet normal -0.9945218953682732 0.07128824052839262 0.07644727853536167
    outer loop
      vertex -11 3.361960853960313 14.268158141894988
      vertex -11 1.8992534507219716 15.632154862019986
      vertex -10.759623608071863 3.4590032046528365 17.30478169360414
    endloop
  endfacet
  facet normal -0.9945218953682734 0.07128824052839249 0.07644727853536168
    outer loop
      vertex -11 3.361960853960313 14.268158141894988
      vertex -10.759623608071863 3.4590032046528365 17.30478169360414
      vertex -10.759623608071863 4.921710607891177 15.940784973479147
    endloop
  endfacet
  facet normal -0.9510565162951533 0.2107490833951566 0.22600072269934873
    outer loop
      vertex -10.759623608071863 3.4590032046528365 17.30478169360414
      vertex -10.049000034068609 4.950584409827209 18.904306706494047
      vertex -10.759623608071863 4.921710607891177 15.940784973479147
    endloop
  endfacet
  facet normal -0.9510565162951532 0.21074908339515688 0.22600072269934865
    outer loop
      vertex -10.759623608071863 4.921710607891177 15.940784973479147
      vertex -10.049000034068609 4.950584409827209 18.904306706494047
      vertex -10.049000034068609 6.413291813065551 17.54030998636905
    endloop
  endfacet
  facet normal -0.7431448254773941 -0.4563459762043683 -0.48937114582722957
    outer loop
      vertex -8.899186938124423 -1.8256293582823122 10.265020191940403
      vertex -8.899186938124423 -1.0475935054959629 9.539490021661146
      vertex -8.0443256780261 -1.695096125192288 8.845128472639797
    endloop
  endfacet
  facet normal -0.743144825477394 -0.4563459762043666 -0.4893711458272311
    outer loop
      vertex -8.899186938124423 2.1634658190576195 6.545128759031921
      vertex -8.0443256780261 -1.695096125192288 8.845128472639797
      vertex -8.899186938124423 -1.0475935054959629 9.539490021661146
    endloop
  endfacet
  facet normal -0.8660254037844383 -0.3409991800312509 -0.36567685080958445
    outer loop
      vertex -10.049000034068609 -1.1520775083832666 12.360003017545925
      vertex -8.899186938124423 -1.0475935054959629 9.539490021661146
      vertex -8.899186938124423 -1.8256293582823122 10.265020191940403
    endloop
  endfacet
  facet normal -0.8660254037844389 -0.3409991800312475 -0.36567685080958584
    outer loop
      vertex -10.049000034068609 -1.1520775083832666 12.360003017545925
      vertex -8.899186938124423 -1.8256293582823122 10.265020191940403
      vertex -8.899186938124423 -2.5103009087343042 10.903486741786145
    endloop
  endfacet
  facet normal -0.866025403784439 -0.34099918003124885 -0.36567685080958473
    outer loop
      vertex -10.049000034068609 -1.1520775083832666 12.360003017545925
      vertex -10.049000034068609 0.3106298948550752 10.996006297420927
      vertex -8.899186938124423 -1.0475935054959629 9.539490021661146
    endloop
  endfacet
  facet normal -0.743144825477395 -0.45634597620436435 -0.48937114582723185
    outer loop
      vertex -8.899186938124423 -2.5103009087343042 10.903486741786145
      vertex -8.899186938124423 -1.8256293582823122 10.265020191940403
      vertex -7.360436669947441 -2.2130982209493473 8.289639233422717
    endloop
  endfacet
  facet normal -0.7431448254773938 -0.4563459762043669 -0.4893711458272313
    outer loop
      vertex -8.899186938124423 -2.5103009087343042 10.903486741786145
      vertex -7.360436669947441 -2.2130982209493473 8.289639233422717
      vertex -7.360436669947441 -3.675805624187689 9.653635953547715
    endloop
  endfacet
  facet normal -0.7431448254773934 -0.4563459762043698 -0.48937114582722935
    outer loop
      vertex -8.899186938124423 -1.8256293582823122 10.265020191940403
      vertex -8.0443256780261 -1.695096125192288 8.845128472639797
      vertex -7.360436669947441 -2.2130982209493473 8.289639233422717
    endloop
  endfacet
  facet normal -0.7431448254773937 -0.45634597620436673 -0.4893711458272316
    outer loop
      vertex -8.899186938124423 2.1634658190576195 6.545128759031921
      vertex -7.360436669947441 -2.0194456203036872 8.109055261850846
      vertex -8.0443256780261 -1.695096125192288 8.845128472639797
    endloop
  endfacet
  facet normal -0.7431448254773932 -0.4563459762043679 -0.489371145827231
    outer loop
      vertex -8.0443256780261 -1.695096125192288 8.845128472639797
      vertex -7.360436669947441 -2.0194456203036872 8.109055261850846
      vertex -7.360436669947441 -2.2130982209493473 8.289639233422717
    endloop
  endfacet
  facet normal -0.8660254037844387 -0.3409991800312491 -0.36567685080958506
    outer loop
      vertex -10.049000034068609 -17.973212645624187 28.04596529898339
      vertex -10.049000034068609 -1.1520775083832666 12.360003017545925
      vertex -8.899186938124423 -2.5103009087343042 10.903486741786145
    endloop
  endfacet
  facet normal 0.9927088740980541 0.08220581826150815 0.088154947285617
    outer loop
      vertex -7.767534539408416 -16.227584811170008 29.917921968000204
      vertex -7.767534539408416 0.5935503260709183 14.231959686562737
      vertex -8 1.8992534507219716 15.632154862019986
    endloop
  endfacet
  facet normal 0.9350162426854149 0.24183995143315654 0.259341596750806
    outer loop
      vertex -7.08364820522568 -17.45740521625409 28.599101046638154
      vertex -7.08364820522568 -0.6362700790131667 12.913138765200685
      vertex -7.767534539408416 0.5935503260709183 14.231959686562737
    endloop
  endfacet
  facet normal 0.992708874098054 -0.08220581826150825 -0.08815494728561708
    outer loop
      vertex -8 -14.92188168651895 31.318117143457453
      vertex -8 1.8992534507219716 15.632154862019986
      vertex -7.767534539408416 3.204956575373026 17.032350037477233
    endloop
  endfacet
  facet normal -0.8660254037844392 -0.3409991800312488 -0.3656768508095848
    outer loop
      vertex -8.899186938124423 2.1634658190576195 6.545128759031921
      vertex -8.899186938124423 -1.0475935054959629 9.539490021661146
      vertex -10.049000034068609 0.3106298948550752 10.996006297420927
    endloop
  endfacet
  facet normal -0.866025403784439 -0.3409991800312488 -0.36567685080958484
    outer loop
      vertex -10.049000034068609 7.0380305661650695 4.722603680931725
      vertex -8.899186938124423 2.1634658190576195 6.545128759031921
      vertex -10.049000034068609 0.3106298948550752 10.996006297420927
    endloop
  endfacet
  facet normal 0.7499769325939203 -0.24277657522775323 0.6153000366469169
    outer loop
      vertex -7.08364820522568 -0.6362700790131667 12.913138765200685
      vertex -5.755464166745865 1.301847986050514 12.058957563229306
      vertex -7.767534539408416 0.5935503260709183 14.231959686562737
    endloop
  endfacet
  facet normal 0.9350162426854149 0.24183995143315654 0.25934159675080604
    outer loop
      vertex -7.767534539408416 2.0562577293092583 12.86796296643774
      vertex -7.08364820522568 0.8264373242251751 11.549142045075687
      vertex -7.08364820522568 4.071598409860845 8.522980375773553
    endloop
  endfacet
  facet normal -3.9005246149028814e-15 0.7313537016191702 -0.6819983600624988
    outer loop
      vertex -7.767534539408416 2.0562577293092583 12.86796296643774
      vertex -7.767534539408416 4.667663978611368 15.668353317352237
      vertex -7.08364820522568 0.8264373242251751 11.549142045075687
    endloop
  endfacet
  facet normal 0.9350162426854148 0.24183995143315684 0.25934159675080626
    outer loop
      vertex -7.767534539408416 2.0562577293092583 12.86796296643774
      vertex -7.360436669947441 5.311101167989207 8.365043596493296
      vertex -7.767534539408416 7.295865666645731 7.981949519424844
    endloop
  endfacet
  facet normal 0.992708874098054 0.08220581826150816 0.08815494728561699
    outer loop
      vertex -7.767534539408416 2.0562577293092583 12.86796296643774
      vertex -7.767534539408416 7.295865666645731 7.981949519424844
      vertex -8 3.361960853960313 14.268158141894988
    endloop
  endfacet
  facet normal 0.992708874098054 0.08220581826150805 0.08815494728561692
    outer loop
      vertex -8 3.361960853960313 14.268158141894988
      vertex -7.767534539408416 7.295865666645731 7.981949519424844
      vertex -8 10.268796059748306 7.827430115030966
    endloop
  endfacet
  facet normal 0.9927088740980541 -0.08220581826150808 -0.08815494728561694
    outer loop
      vertex -8 3.361960853960313 14.268158141894988
      vertex -8 10.268796059748306 7.827430115030966
      vertex -7.767534539408416 4.667663978611368 15.668353317352237
    endloop
  endfacet
  facet normal 0.9350162426854149 0.24183995143315637 0.25934159675080587
    outer loop
      vertex -7.767534539408416 2.0562577293092583 12.86796296643774
      vertex -7.08364820522568 4.071598409860845 8.522980375773553
      vertex -7.360436669947441 5.311101167989207 8.365043596493296
    endloop
  endfacet
  facet normal -0.8660254037844393 0.3409991800312485 0.3656768508095845
    outer loop
      vertex -10.049000034068609 6.413291813065551 17.54030998636905
      vertex -10.049000034068609 4.950584409827209 18.904306706494047
      vertex -8.899186938124423 6.308807810178247 20.36082298225383
    endloop
  endfacet
  facet normal -0.8660254037844392 0.34099918003124846 0.3656768508095845
    outer loop
      vertex -10.049000034068609 6.413291813065551 17.54030998636905
      vertex -8.899186938124423 6.308807810178247 20.36082298225383
      vertex -8.899186938124423 7.771515213416589 18.99682626212883
    endloop
  endfacet
  facet normal 1.4967247215548564e-15 0.7313537016191702 -0.6819983600624988
    outer loop
      vertex -7.767534539408416 2.0562577293092583 12.86796296643774
      vertex -8 3.361960853960313 14.268158141894988
      vertex -7.767534539408416 4.667663978611368 15.668353317352237
    endloop
  endfacet
  facet normal 0.7962522171984467 -0.3708191824764952 0.47799115108338724
    outer loop
      vertex -7.767534539408416 0.5935503260709183 14.231959686562737
      vertex -6.311121813269338 2.3010770651813313 13.130499561835975
      vertex -8 1.8992534507219716 15.632154862019986
    endloop
  endfacet
  facet normal 0.7962522171984471 -0.5026938272293388 0.3365729084048165
    outer loop
      vertex -6.311121813269338 4.422844642739295 15.405816721954002
      vertex -7.767534539408416 3.204956575373026 17.032350037477233
      vertex -8 1.8992534507219716 15.632154862019986
    endloop
  endfacet
  facet normal 0.796252217198447 -0.37081918247649415 0.4779911510833875
    outer loop
      vertex -6.311121813269338 2.3010770651813313 13.130499561835975
      vertex -6.5 3.361960853960313 14.268158141894988
      vertex -8 1.8992534507219716 15.632154862019986
    endloop
  endfacet
  facet normal 0.796252217198447 -0.5026938272293388 0.33657290840481635
    outer loop
      vertex -6.5 3.361960853960313 14.268158141894988
      vertex -6.311121813269338 4.422844642739295 15.405816721954002
      vertex -8 1.8992534507219716 15.632154862019986
    endloop
  endfacet
  facet normal 0 0.7313537016191705 -0.6819983600624985
    outer loop
      vertex -7.08364820522568 0.8264373242251751 11.549142045075687
      vertex -7.767534539408416 4.667663978611368 15.668353317352237
      vertex -7.08364820522568 5.897484383695453 16.98717423871429
    endloop
  endfacet
  facet normal 0.7499769325939204 -0.63073643447808 0.19926402284128672
    outer loop
      vertex -7.767534539408416 3.204956575373026 17.032350037477233
      vertex -5.755464166745865 5.422073721870114 16.47735872056067
      vertex -7.08364820522568 4.434776980457111 18.351170958839287
    endloop
  endfacet
  facet normal -0.7431448254773938 0.4563459762043669 0.48937114582723146
    outer loop
      vertex -8.899186938124423 6.308807810178247 20.36082298225383
      vertex -7.360436669947441 7.474312525631632 21.61067377049226
      vertex -8.899186938124423 7.771515213416589 18.99682626212883
    endloop
  endfacet
  facet normal -0.9510565162951538 0.2107490833951561 0.22600072269934787
    outer loop
      vertex -10.759623608071863 -13.362131932588087 32.9907439750416
      vertex -10.049000034068609 -11.870550727413711 34.590268987931516
      vertex -10.759623608071863 3.4590032046528365 17.30478169360414
    endloop
  endfacet
  facet normal -0.9510565162951534 0.2107490833951568 0.22600072269934848
    outer loop
      vertex -10.049000034068609 -11.870550727413711 34.590268987931516
      vertex -10.049000034068609 4.950584409827209 18.904306706494047
      vertex -10.759623608071863 3.4590032046528365 17.30478169360414
    endloop
  endfacet
  facet normal -0.866025403784439 0.3409991800312488 0.3656768508095846
    outer loop
      vertex -10.049000034068609 -11.870550727413711 34.590268987931516
      vertex -8.899186938124423 -10.512327327062675 36.0467852636913
      vertex -10.049000034068609 4.950584409827209 18.904306706494047
    endloop
  endfacet
  facet normal 0.9350162426854147 -0.241839951433157 -0.2593415967508065
    outer loop
      vertex -7.767534539408416 -13.616178561867898 32.718312318914705
      vertex -7.08364820522568 4.434776980457111 18.351170958839287
      vertex -7.08364820522568 -12.386358156783812 34.03713324027675
    endloop
  endfacet
  facet normal 0.935016242685415 -0.24183995143315626 -0.2593415967508056
    outer loop
      vertex -7.767534539408416 -13.616178561867898 32.718312318914705
      vertex -7.767534539408416 3.204956575373026 17.032350037477233
      vertex -7.08364820522568 4.434776980457111 18.351170958839287
    endloop
  endfacet
  facet normal -0.7431448254773931 0.4563459762043673 0.4893711458272318
    outer loop
      vertex -8.899186938124423 -10.512327327062675 36.0467852636913
      vertex -7.360436669947441 -9.34682261160929 37.296636051929724
      vertex -8.899186938124423 6.308807810178247 20.36082298225383
    endloop
  endfacet
  facet normal -0.8660254037844392 0.3409991800312485 0.36567685080958445
    outer loop
      vertex -8.899186938124423 -10.512327327062675 36.0467852636913
      vertex -8.899186938124423 6.308807810178247 20.36082298225383
      vertex -10.049000034068609 4.950584409827209 18.904306706494047
    endloop
  endfacet
  facet normal -0.7431448254773936 0.45634597620436695 0.48937114582723157
    outer loop
      vertex -7.360436669947441 -9.34682261160929 37.296636051929724
      vertex -7.360436669947441 7.474312525631632 21.61067377049226
      vertex -8.899186938124423 6.308807810178247 20.36082298225383
    endloop
  endfacet
  facet normal -0.5877852522924745 -0.551748263426405 -0.5916775735089327
    outer loop
      vertex -7.360436669947441 -20.496940761428608 25.339598234985182
      vertex -5.5 -5.327890450182744 9.346032096663336
      vertex -5.5 -21.418788643206906 24.351037411163606
    endloop
  endfacet
  facet normal -0.4067366430757991 -0.6230365039547989 -0.6681248520442956
    outer loop
      vertex -5.5 -21.418788643206906 24.351037411163606
      vertex -5.5 -5.327890450182744 9.346032096663336
      vertex -3.3991869381244215 -22.056690515359474 23.666971403401025
    endloop
  endfacet
  facet normal 0.6631226582407961 0.5104831027418443 0.5474261063766688
    outer loop
      vertex -5.988085985368808 -18.539870210043006 27.438299457601858
      vertex -4.544517973849246 -19.412070861697902 26.502978769904008
      vertex -5.988085985368808 -1.7187350728020874 11.752337176164389
    endloop
  endfacet
  facet normal -0.5877852522924739 -0.5517482634264055 -0.591677573508933
    outer loop
      vertex -7.360436669947441 -20.496940761428608 25.339598234985182
      vertex -7.360436669947441 -3.675805624187689 9.653635953547715
      vertex -5.5 -5.327890450182744 9.346032096663336
    endloop
  endfacet
  facet normal -0.4067366430758004 -0.6230365039547986 -0.6681248520442952
    outer loop
      vertex -3.3991869381244215 -7.617273755834162 10.20199744011468
      vertex -3.3991869381244215 -22.056690515359474 23.666971403401025
      vertex -5.5 -5.327890450182744 9.346032096663336
    endloop
  endfacet
  facet normal 0.46472317204376873 0.6038795574029466 0.6475815419824741
    outer loop
      vertex -4.544517973849246 -19.412070861697902 26.502978769904008
      vertex -2.8368390963402854 -20.023318039664968 25.84749642216124
      vertex -4.544517973849246 -2.590935724456981 10.81701648846654
    endloop
  endfacet
  facet normal 0.6631226582407952 0.5104831027418448 0.5474261063766696
    outer loop
      vertex -5.988085985368808 -1.7187350728020874 11.752337176164389
      vertex -4.544517973849246 -19.412070861697902 26.502978769904008
      vertex -4.544517973849246 -2.590935724456981 10.81701648846654
    endloop
  endfacet
  facet normal 0.46472317204376823 0.6038795574029467 0.6475815419824743
    outer loop
      vertex -2.8368390963402854 -20.023318039664968 25.84749642216124
      vertex -2.8368390963402854 -3.5270057323023982 10.464436329907265
      vertex -4.544517973849246 -2.590935724456981 10.81701648846654
    endloop
  endfacet
  facet normal -0.20791169081776084 -0.6670950595995229 -0.7153718685265787
    outer loop
      vertex -3.3991869381244215 -7.617273755834162 10.20199744011468
      vertex -1.1498130959441881 -22.382767005080467 23.317297178749552
      vertex -3.3991869381244215 -22.056690515359474 23.666971403401025
    endloop
  endfacet
  facet normal 0 -0.6819983600624984 -0.7313537016191706
    outer loop
      vertex -1.1498130959441881 -8.787538501121029 10.639541499318627
      vertex 1.1498130959441881 -22.382767005080467 23.317297178749552
      vertex -1.1498130959441881 -22.382767005080467 23.317297178749552
    endloop
  endfacet
  facet normal -0.20791169081775868 -0.667095059599523 -0.7153718685265793
    outer loop
      vertex -3.3991869381244215 -7.617273755834162 10.20199744011468
      vertex -1.1498130959441881 -8.787538501121029 10.639541499318627
      vertex -1.1498130959441881 -22.382767005080467 23.317297178749552
    endloop
  endfacet
  facet normal 0.23931566428755816 0.6621807272006692 0.7101018922313879
    outer loop
      vertex -2.8368390963402854 -20.023318039664968 25.84749642216124
      vertex -1.1498130959441881 -4.485582662833083 10.789769107511159
      vertex -2.8368390963402854 -3.5270057323023982 10.464436329907265
    endloop
  endfacet
  facet normal 0.23931566428755888 0.6621807272006691 0.7101018922313879
    outer loop
      vertex -2.8368390963402854 -20.023318039664968 25.84749642216124
      vertex -0.964293442042582 -20.338088279753855 25.509946665842968
      vertex -1.1498130959441881 -4.485582662833083 10.789769107511159
    endloop
  endfacet
  facet normal 0.2393156642875576 0.6621807272006693 0.7101018922313881
    outer loop
      vertex -0.964293442042582 -20.338088279753855 25.509946665842968
      vertex -0.964293442042582 -4.550210288701003 10.787512261085427
      vertex -1.1498130959441881 -4.485582662833083 10.789769107511159
    endloop
  endfacet
  facet normal 0 0.6819983600624985 0.7313537016191706
    outer loop
      vertex -0.964293442042582 -20.338088279753855 25.509946665842968
      vertex 0.964293442042582 -4.5502102887010025 10.787512261085427
      vertex -0.964293442042582 -4.550210288701003 10.787512261085427
    endloop
  endfacet
  facet normal -1.3889905300900195e-15 -0.7313537016191706 0.6819983600624984
    outer loop
      vertex -7.360436669947441 -20.496940761428608 25.339598234985182
      vertex -5.5 -21.418788643206906 24.351037411163606
      vertex -5.988085985368808 -18.539870210043006 27.438299457601858
    endloop
  endfacet
  facet normal 4.0596704551143865e-16 -0.7313537016191703 0.6819983600624986
    outer loop
      vertex -5.988085985368808 -18.539870210043006 27.438299457601858
      vertex -5.5 -21.418788643206906 24.351037411163606
      vertex -4.544517973849246 -19.412070861697902 26.502978769904008
    endloop
  endfacet
  facet normal 5.9629064292744e-16 -0.7313537016191705 0.6819983600624985
    outer loop
      vertex -5.5 -21.418788643206906 24.351037411163606
      vertex -3.3991869381244215 -22.056690515359474 23.666971403401025
      vertex -4.544517973849246 -19.412070861697902 26.502978769904008
    endloop
  endfacet
  facet normal -4.3651450956475003e-16 -0.7313537016191706 0.6819983600624983
    outer loop
      vertex -4.544517973849246 -19.412070861697902 26.502978769904008
      vertex -3.3991869381244215 -22.056690515359474 23.666971403401025
      vertex -2.8368390963402854 -20.023318039664968 25.84749642216124
    endloop
  endfacet
  facet normal 0.8229838658936558 0.38741922567996745 0.41545625528118807
    outer loop
      vertex -7.08364820522568 -17.45740521625409 28.599101046638154
      vertex -5.988085985368808 -18.539870210043006 27.438299457601858
      vertex -7.08364820522568 -0.6362700790131667 12.913138765200685
    endloop
  endfacet
  facet normal -8.283047956849649e-16 -0.7313537016191707 0.6819983600624983
    outer loop
      vertex -7.360436669947441 -9.34682261160929 37.296636051929724
      vertex -5.988085985368808 -11.303893162994896 35.19793482931305
      vertex -4.544517973849246 -10.431692511339998 36.1332555170109
    endloop
  endfacet
  facet normal -1.9691565003368458e-16 -0.7313537016191698 0.6819983600624991
    outer loop
      vertex -7.360436669947441 -9.34682261160929 37.296636051929724
      vertex -4.544517973849246 -10.431692511339998 36.1332555170109
      vertex -5.5 -8.424974729830998 38.285196875751296
    endloop
  endfacet
  facet normal 1.5857501950920515e-15 -0.7313537016191693 0.6819983600624996
    outer loop
      vertex -4.544517973849246 -10.431692511339998 36.1332555170109
      vertex -2.8368390963402854 -9.820445333372934 36.788737864753664
      vertex -5.5 -8.424974729830998 38.285196875751296
    endloop
  endfacet
  facet normal 7.848936755108317e-16 -0.7313537016191702 0.6819983600624988
    outer loop
      vertex -2.8368390963402854 -9.820445333372934 36.788737864753664
      vertex -3.3991869381244215 -7.787072857678425 38.96926288351388
      vertex -5.5 -8.424974729830998 38.285196875751296
    endloop
  endfacet
  facet normal -1.6075520781062626e-15 -0.7313537016191706 0.6819983600624985
    outer loop
      vertex -3.3991869381244215 -22.056690515359474 23.666971403401025
      vertex -1.1498130959441881 -22.382767005080467 23.317297178749552
      vertex -2.8368390963402854 -20.023318039664968 25.84749642216124
    endloop
  endfacet
  facet normal -3.0776505792363737e-15 -0.731353701619171 0.681998360062498
    outer loop
      vertex -2.8368390963402854 -20.023318039664968 25.84749642216124
      vertex -1.1498130959441881 -22.382767005080467 23.317297178749552
      vertex -0.964293442042582 -20.338088279753855 25.509946665842968
    endloop
  endfacet
  facet normal 0 -0.7313537016191711 0.6819983600624978
    outer loop
      vertex -1.1498130959441881 -22.382767005080467 23.317297178749552
      vertex 1.1498130959441881 -22.382767005080467 23.317297178749552
      vertex -0.964293442042582 -20.338088279753855 25.509946665842968
    endloop
  endfacet
  facet normal -3.021389388494565e-15 -0.7313537016191706 0.6819983600624984
    outer loop
      vertex -2.8368390963402854 -9.820445333372934 36.788737864753664
      vertex -0.9642934420425839 -9.505675093284053 37.126287621071945
      vertex -3.3991869381244215 -7.787072857678425 38.96926288351388
    endloop
  endfacet
  facet normal -2.144893660242594e-15 -0.7313537016191701 0.6819983600624989
    outer loop
      vertex -0.9642934420425839 -9.505675093284053 37.126287621071945
      vertex -1.1498130959441881 -7.460996367957437 39.31893710816536
      vertex -3.3991869381244215 -7.787072857678425 38.96926288351388
    endloop
  endfacet
  facet normal 0 -0.73135370161917 0.681998360062499
    outer loop
      vertex -0.9642934420425839 -9.505675093284053 37.126287621071945
      vertex 0.9642934420425839 -9.505675093284053 37.126287621071945
      vertex -1.1498130959441881 -7.460996367957437 39.31893710816536
    endloop
  endfacet
  facet normal -0.5877852522924747 -0.5517482634264059 -0.5916775735089317
    outer loop
      vertex -7.360436669947441 -2.2130982209493473 8.289639233422717
      vertex -7.360436669947441 -2.0194456203036872 8.109055261850846
      vertex -5.5 -5.327890450182744 9.346032096663336
    endloop
  endfacet
  facet normal -0.5877852522924735 -0.5517482634264056 -0.5916775735089332
    outer loop
      vertex -7.360436669947441 -2.2130982209493473 8.289639233422717
      vertex -5.5 -5.327890450182744 9.346032096663336
      vertex -7.360436669947441 -3.675805624187689 9.653635953547715
    endloop
  endfacet
  facet normal 0.6631226582407944 0.026122648387583856 -0.7480547756473995
    outer loop
      vertex -5.5437063220083616 2.5754718635461207 5.7920783437305
      vertex -5.022258986924623 -2.147456739806744 6.089393656657653
      vertex -5.5 -1.4090764015778392 5.691678876571054
    endloop
  endfacet
  facet normal 0.6601157147222665 -0.12600737640046958 0.7405196717639456
    outer loop
      vertex -7.08364820522568 -0.6362700790131667 12.913138765200685
      vertex -5.988085985368808 -1.7187350728020874 11.752337176164389
      vertex -4.865319863112156 0.42234517859701837 11.115806272137313
    endloop
  endfacet
  facet normal 0.6631226582407956 0.5104831027418439 0.5474261063766697
    outer loop
      vertex -5.988085985368808 -0.25602766956374207 10.388340456039389
      vertex -4.978468098486569 -0.8660366000984265 9.734185966098375
      vertex -5.5 0.027147480573044558 9.533034141862826
    endloop
  endfacet
  facet normal 0.5318909709339495 -0.027297787391720625 0.8463727463963244
    outer loop
      vertex -5.988085985368808 -1.7187350728020874 11.752337176164389
      vertex -4.544517973849246 -2.590935724456981 10.81701648846654
      vertex -4.865319863112156 0.42234517859701837 11.115806272137313
    endloop
  endfacet
  facet normal 3.8693330364460765e-16 0.7313537016191699 -0.6819983600624993
    outer loop
      vertex -5.988085985368808 -0.25602766956374207 10.388340456039389
      vertex -4.865319863112156 0.42234517859701837 11.115806272137313
      vertex -4.978468098486569 -0.8660366000984265 9.734185966098375
    endloop
  endfacet
  facet normal -9.516220219488815e-17 0.7313537016191701 -0.681998360062499
    outer loop
      vertex -4.978468098486569 -0.8660366000984265 9.734185966098375
      vertex -4.865319863112156 0.42234517859701837 11.115806272137313
      vertex -3.692420853752512 -0.28631785087258355 10.355858213382813
    endloop
  endfacet
  facet normal 0.5318909709339485 -0.02729778739172078 0.846372746396325
    outer loop
      vertex -4.544517973849246 -2.590935724456981 10.81701648846654
      vertex -3.692420853752512 -0.28631785087258355 10.355858213382813
      vertex -4.865319863112156 0.42234517859701837 11.115806272137313
    endloop
  endfacet
  facet normal 0.46472317204376773 0.6038795574029469 0.6475815419824746
    outer loop
      vertex -4.544517973849246 -2.590935724456981 10.81701648846654
      vertex -2.8368390963402854 -3.5270057323023982 10.464436329907265
      vertex -3.3749020842482067 -3.0095884473078676 10.368066408114615
    endloop
  endfacet
  facet normal 0.37275465725996526 0.04761554928006682 0.9267074646066921
    outer loop
      vertex -4.544517973849246 -2.590935724456981 10.81701648846654
      vertex -3.3749020842482067 -3.0095884473078676 10.368066408114615
      vertex -3.3991869381244215 -2.8365536540078535 10.36894386479512
    endloop
  endfacet
  facet normal 0.37275465725996487 0.047615549280064666 0.9267074646066924
    outer loop
      vertex -4.544517973849246 -2.590935724456981 10.81701648846654
      vertex -3.3991869381244215 -2.8365536540078535 10.36894386479512
      vertex -3.692420853752512 -0.28631785087258355 10.355858213382813
    endloop
  endfacet
  facet normal 1.6696228901894545e-14 0.7313537016191528 -0.6819983600625174
    outer loop
      vertex -4.978468098486569 -0.8660366000984265 9.734185966098375
      vertex -3.692420853752512 -0.28631785087258355 10.355858213382813
      vertex -3.6575379836071873 -0.29880383767990665 10.34246863181686
    endloop
  endfacet
  facet normal 0.3727546572599287 0.047615549280060565 0.9267074646067069
    outer loop
      vertex -3.3991869381244215 -2.8365536540078535 10.36894386479512
      vertex -3.6575379836071873 -0.29880383767990665 10.34246863181686
      vertex -3.692420853752512 -0.28631785087258355 10.355858213382813
    endloop
  endfacet
  facet normal 0.8229838658936566 0.3874192256799667 0.415456255281187
    outer loop
      vertex -5.988085985368808 -18.539870210043006 27.438299457601858
      vertex -5.988085985368808 -1.7187350728020874 11.752337176164389
      vertex -7.08364820522568 -0.6362700790131667 12.913138765200685
    endloop
  endfacet
  facet normal 0.8229838658936561 0.387419225679967 0.4154562552811877
    outer loop
      vertex -7.08364820522568 0.8264373242251751 11.549142045075687
      vertex -5.988085985368808 1.0050651259988908 9.212352399157718
      vertex -7.08364820522568 4.071598409860845 8.522980375773553
    endloop
  endfacet
  facet normal 0.6631226582407956 0.5104831027418439 0.5474261063766696
    outer loop
      vertex -5.988085985368808 1.0050651259988908 9.212352399157718
      vertex -5.988085985368808 -0.25602766956374207 10.388340456039389
      vertex -5.5 0.027147480573044558 9.533034141862826
    endloop
  endfacet
  facet normal 0.8229838658936562 0.3874192256799665 0.41545625528118774
    outer loop
      vertex -7.08364820522568 0.8264373242251751 11.549142045075687
      vertex -5.988085985368808 -0.25602766956374207 10.388340456039389
      vertex -5.988085985368808 1.0050651259988908 9.212352399157718
    endloop
  endfacet
  facet normal -2.2065124921787766e-15 0.7313537016191709 -0.681998360062498
    outer loop
      vertex -5.988085985368808 -0.25602766956374207 10.388340456039389
      vertex -6.311121813269338 2.3010770651813313 13.130499561835975
      vertex -5.755464166745865 1.301847986050514 12.058957563229306
    endloop
  endfacet
  facet normal -2.6648394600337814e-16 0.7313537016191707 -0.6819983600624984
    outer loop
      vertex -7.08364820522568 0.8264373242251751 11.549142045075687
      vertex -6.5 3.361960853960313 14.268158141894988
      vertex -5.988085985368808 -0.25602766956374207 10.388340456039389
    endloop
  endfacet
  facet normal 0.7499769325939203 -0.24277657522775442 0.6153000366469166
    outer loop
      vertex -7.767534539408416 0.5935503260709183 14.231959686562737
      vertex -5.755464166745865 1.301847986050514 12.058957563229306
      vertex -6.311121813269338 2.3010770651813313 13.130499561835975
    endloop
  endfacet
  facet normal 4.318117942117212e-14 0.7313537016191741 -0.6819983600624947
    outer loop
      vertex -5.988085985368808 -0.25602766956374207 10.388340456039389
      vertex -6.5 3.361960853960313 14.268158141894988
      vertex -6.311121813269338 2.3010770651813313 13.130499561835975
    endloop
  endfacet
  facet normal -7.612976175591036e-16 0.7313537016191708 -0.6819983600624983
    outer loop
      vertex -5.988085985368808 -0.25602766956374207 10.388340456039389
      vertex -5.755464166745865 1.301847986050514 12.058957563229306
      vertex -4.865319863112156 0.42234517859701837 11.115806272137313
    endloop
  endfacet
  facet normal 0.6601157147222668 -0.1260073764004713 0.740519671763945
    outer loop
      vertex -7.08364820522568 -0.6362700790131667 12.913138765200685
      vertex -4.865319863112156 0.42234517859701837 11.115806272137313
      vertex -5.755464166745865 1.301847986050514 12.058957563229306
    endloop
  endfacet
  facet normal 0.6631226582407961 0.026122648387583363 -0.748054775647398
    outer loop
      vertex -5.5437063220083616 2.5754718635461207 5.7920783437305
      vertex -5.988085985368808 5.004337886092087 5.482970216791404
      vertex -5.502277475907096 3.9509000578916793 5.876834481545283
    endloop
  endfacet
  facet normal 5.955651059984798e-15 0.7313537016191698 -0.6819983600624994
    outer loop
      vertex -7.08364820522568 0.8264373242251751 11.549142045075687
      vertex -5.988085985368808 6.97994937748437 18.147975827750585
      vertex -6.5 3.361960853960313 14.268158141894988
    endloop
  endfacet
  facet normal -8.722457177748453e-16 0.7313537016191705 -0.6819983600624984
    outer loop
      vertex -7.08364820522568 0.8264373242251751 11.549142045075687
      vertex -7.08364820522568 5.897484383695453 16.98717423871429
      vertex -5.988085985368808 6.97994937748437 18.147975827750585
    endloop
  endfacet
  facet normal 0 0.7313537016191702 -0.6819983600624988
    outer loop
      vertex -6.5 3.361960853960313 14.268158141894988
      vertex -5.988085985368808 6.97994937748437 18.147975827750585
      vertex -6.311121813269338 4.422844642739295 15.405816721954002
    endloop
  endfacet
  facet normal 0.7499769325939204 -0.6307364344780801 0.19926402284128664
    outer loop
      vertex -6.311121813269338 4.422844642739295 15.405816721954002
      vertex -5.755464166745865 5.422073721870114 16.47735872056067
      vertex -7.767534539408416 3.204956575373026 17.032350037477233
    endloop
  endfacet
  facet normal 5.516281230446944e-16 0.7313537016191705 -0.6819983600624987
    outer loop
      vertex -6.311121813269338 4.422844642739295 15.405816721954002
      vertex -5.988085985368808 6.97994937748437 18.147975827750585
      vertex -5.755464166745865 5.422073721870114 16.47735872056067
    endloop
  endfacet
  facet normal 0.6601157147222663 -0.7475056333053627 0.07404438772425796
    outer loop
      vertex -7.08364820522568 4.434776980457111 18.351170958839287
      vertex -5.755464166745865 5.422073721870114 16.47735872056067
      vertex -4.865319863112156 6.30157652932361 17.420510011652663
    endloop
  endfacet
  facet normal 1.4274330329233198e-15 0.7313537016191702 -0.6819983600624986
    outer loop
      vertex -5.755464166745865 5.422073721870114 16.47735872056067
      vertex -5.988085985368808 6.97994937748437 18.147975827750585
      vertex -4.865319863112156 6.30157652932361 17.420510011652663
    endloop
  endfacet
  facet normal 1.1597893392501993e-15 0.7313537016191702 -0.6819983600624988
    outer loop
      vertex -4.865319863112156 6.30157652932361 17.420510011652663
      vertex -5.988085985368808 6.97994937748437 18.147975827750585
      vertex -4.544517973849246 7.852150029139266 19.083296515448435
    endloop
  endfacet
  facet normal 0.6601157147222662 -0.7475056333053628 0.07404438772425752
    outer loop
      vertex -7.08364820522568 4.434776980457111 18.351170958839287
      vertex -4.865319863112156 6.30157652932361 17.420510011652663
      vertex -5.988085985368808 5.517241974246028 19.511972547875587
    endloop
  endfacet
  facet normal 0.5318909709339492 -0.8462152223141121 -0.03180868690812128
    outer loop
      vertex -5.988085985368808 5.517241974246028 19.511972547875587
      vertex -4.865319863112156 6.30157652932361 17.420510011652663
      vertex -4.544517973849246 6.389442625900924 20.447293235573433
    endloop
  endfacet
  facet normal -7.612976175591049e-16 0.7313537016191703 -0.6819983600624986
    outer loop
      vertex -4.865319863112156 6.30157652932361 17.420510011652663
      vertex -4.544517973849246 7.852150029139266 19.083296515448435
      vertex -3.692420853752512 7.010239558793212 18.180458070407163
    endloop
  endfacet
  facet normal 0.5318909709339489 -0.8462152223141122 -0.031808686908121254
    outer loop
      vertex -4.865319863112156 6.30157652932361 17.420510011652663
      vertex -3.692420853752512 7.010239558793212 18.180458070407163
      vertex -4.544517973849246 6.389442625900924 20.447293235573433
    endloop
  endfacet
  facet normal 0.3727546572599641 -0.9211285589858981 -0.11214340511848912
    outer loop
      vertex -4.544517973849246 6.389442625900924 20.447293235573433
      vertex -3.692420853752512 7.010239558793212 18.180458070407163
      vertex -2.8368390963402854 7.000689803867987 21.1027755833162
    endloop
  endfacet
  facet normal 0.46472317204376934 0.030901969647493796 -0.8849166297666028
    outer loop
      vertex -3.3991869381244215 -4.2282822397476885 7.041711724571499
      vertex -2.8368390963402854 -0.31964820675489625 7.473527050697058
      vertex -2.8368390963402854 -4.702484696002549 7.32047502793602
    endloop
  endfacet
  facet normal 0.4647231720437681 0.030901969647494018 -0.8849166297666032
    outer loop
      vertex -3.6613957869664637 -3.920946640251498 6.914742416022933
      vertex -2.8368390963402854 -0.31964820675489625 7.473527050697058
      vertex -3.3991869381244215 -4.2282822397476885 7.041711724571499
    endloop
  endfacet
  facet normal 0.37275465725996443 -0.9211285589858978 -0.1121434051184892
    outer loop
      vertex -3.692420853752512 7.010239558793212 18.180458070407163
      vertex -2.304931765776482 7.506877890891451 18.713037477948163
      vertex -2.8368390963402854 7.000689803867987 21.1027755833162
    endloop
  endfacet
  facet normal 0.19195519781408377 -0.9678919524922542 -0.16229100508927716
    outer loop
      vertex -2.8368390963402854 7.000689803867987 21.1027755833162
      vertex -2.304931765776482 7.506877890891451 18.713037477948163
      vertex -0.9642934420425839 7.31546004395687 21.440325339634473
    endloop
  endfacet
  facet normal 0.822983865893656 -0.3874192256799671 -0.41545625528118785
    outer loop
      vertex -7.08364820522568 -12.386358156783812 34.03713324027675
      vertex -5.988085985368808 5.517241974246028 19.511972547875587
      vertex -5.988085985368808 -11.303893162994896 35.19793482931305
    endloop
  endfacet
  facet normal 0.8229838658936566 -0.3874192256799666 -0.4154562552811871
    outer loop
      vertex -7.08364820522568 -12.386358156783812 34.03713324027675
      vertex -7.08364820522568 4.434776980457111 18.351170958839287
      vertex -5.988085985368808 5.517241974246028 19.511972547875587
    endloop
  endfacet
  facet normal 0.6631226582407973 -0.5104831027418436 -0.5474261063766682
    outer loop
      vertex -5.988085985368808 -11.303893162994896 35.19793482931305
      vertex -4.544517973849246 6.389442625900924 20.447293235573433
      vertex -4.544517973849246 -10.431692511339998 36.1332555170109
    endloop
  endfacet
  facet normal -0.5877852522924728 0.551748263426406 0.5916775735089337
    outer loop
      vertex -7.360436669947441 -9.34682261160929 37.296636051929724
      vertex -5.5 -8.424974729830998 38.285196875751296
      vertex -5.5 8.396160407409925 22.59923459431383
    endloop
  endfacet
  facet normal 0.4647231720437662 -0.6038795574029476 -0.6475815419824752
    outer loop
      vertex -4.544517973849246 -10.431692511339998 36.1332555170109
      vertex -2.8368390963402854 7.000689803867987 21.1027755833162
      vertex -2.8368390963402854 -9.820445333372934 36.788737864753664
    endloop
  endfacet
  facet normal -0.4067366430758002 0.6230365039547984 0.6681248520442953
    outer loop
      vertex -5.5 -8.424974729830998 38.285196875751296
      vertex -3.3991869381244215 -7.787072857678425 38.96926288351388
      vertex -5.5 8.396160407409925 22.59923459431383
    endloop
  endfacet
  facet normal 0.6631226582407952 -0.5104831027418447 -0.5474261063766696
    outer loop
      vertex -5.988085985368808 -11.303893162994896 35.19793482931305
      vertex -5.988085985368808 5.517241974246028 19.511972547875587
      vertex -4.544517973849246 6.389442625900924 20.447293235573433
    endloop
  endfacet
  facet normal -0.5877852522924651 0.5517482634264086 0.5916775735089386
    outer loop
      vertex -7.360436669947441 -9.34682261160929 37.296636051929724
      vertex -5.5 8.396160407409925 22.59923459431383
      vertex -5.5 9.858867810648265 21.235237874188837
    endloop
  endfacet
  facet normal -0.5877852522924728 0.5517482634264058 0.5916775735089336
    outer loop
      vertex -7.360436669947441 -9.34682261160929 37.296636051929724
      vertex -5.5 21.600082927780857 10.286377647875122
      vertex -7.360436669947441 7.474312525631632 21.61067377049226
    endloop
  endfacet
  facet normal 0.46472317204376684 -0.6038795574029474 -0.6475815419824749
    outer loop
      vertex -4.544517973849246 -10.431692511339998 36.1332555170109
      vertex -4.544517973849246 6.389442625900924 20.447293235573433
      vertex -2.8368390963402854 7.000689803867987 21.1027755833162
    endloop
  endfacet
  facet normal -0.40673664307580065 0.6230365039547981 0.6681248520442953
    outer loop
      vertex -3.3991869381244215 -7.787072857678425 38.96926288351388
      vertex -3.3991869381244215 9.034062279562496 23.283300602076416
      vertex -5.5 8.396160407409925 22.59923459431383
    endloop
  endfacet
  facet normal -0.20791169081776195 0.6670950595995225 0.7153718685265789
    outer loop
      vertex -3.3991869381244215 -7.787072857678425 38.96926288351388
      vertex -1.1498130959441881 -7.460996367957437 39.31893710816536
      vertex -3.3991869381244215 9.034062279562496 23.283300602076416
    endloop
  endfacet
  facet normal 0.2393156642875611 -0.6621807272006688 -0.7101018922313872
    outer loop
      vertex -2.8368390963402854 -9.820445333372934 36.788737864753664
      vertex -0.9642934420425839 7.31546004395687 21.440325339634473
      vertex -0.9642934420425839 -9.505675093284053 37.126287621071945
    endloop
  endfacet
  facet normal 0 0.6819983600624986 0.7313537016191703
    outer loop
      vertex -1.1498130959441881 -7.460996367957437 39.31893710816536
      vertex 1.1498130959441881 -7.460996367957437 39.31893710816536
      vertex -1.1498130959441881 9.360138769283484 23.632974826727885
    endloop
  endfacet
  facet normal 0.23931566428755846 -0.6621807272006691 -0.7101018922313879
    outer loop
      vertex -2.8368390963402854 -9.820445333372934 36.788737864753664
      vertex -2.8368390963402854 7.000689803867987 21.1027755833162
      vertex -0.9642934420425839 7.31546004395687 21.440325339634473
    endloop
  endfacet
  facet normal -0.20791169081775893 0.6670950595995232 0.7153718685265791
    outer loop
      vertex -1.1498130959441881 -7.460996367957437 39.31893710816536
      vertex -1.1498130959441881 9.360138769283484 23.632974826727885
      vertex -3.3991869381244215 9.034062279562496 23.283300602076416
    endloop
  endfacet
  facet normal 0 -0.6819983600624987 -0.7313537016191705
    outer loop
      vertex -0.9642934420425839 -9.505675093284053 37.126287621071945
      vertex -0.9642934420425839 7.31546004395687 21.440325339634473
      vertex 0.9642934420425839 7.31546004395687 21.440325339634473
    endloop
  endfacet
  facet normal 0.992708874098054 0.004206669475101072 -0.12046325256650392
    outer loop
      vertex -7.957695088281644 7.01260590743875 0.593510261172897
      vertex -8 7.439370820086284 0.25978855357186736
      vertex -8 17.989034886343724 0.6281909406450175
    endloop
  endfacet
  facet normal 0.8229838658936554 -0.019825173755351377 0.5677186970360443
    outer loop
      vertex -6.156388611496549 10.433769042149892 -4.6998825705366905
      vertex -5.988085985368808 10.513135148572008 -4.941088117853489
      vertex -6.323164891307978 11.43792558667026 -4.423052220767035
    endloop
  endfacet
  facet normal 0.6631226582407936 -0.026122648387579266 0.7480547756474002
    outer loop
      vertex -5.988085985368808 10.513135148572008 -4.941088117853489
      vertex -5.5 10.459172796301683 -5.375642546492802
      vertex -5.233220252914072 11.101841659821659 -5.5896903508965305
    endloop
  endfacet
  facet normal 0.6631226582407937 -0.026122648387579363 0.7480547756474002
    outer loop
      vertex -5.5 10.459172796301683 -5.375642546492802
      vertex -4.771052937141679 11.359235779482056 -5.990396038047135
      vertex -5.233220252914072 11.101841659821659 -5.5896903508965305
    endloop
  endfacet
  facet normal 0.8229838658936551 -0.01982517375535141 0.5677186970360448
    outer loop
      vertex -5.988085985368808 10.513135148572008 -4.941088117853489
      vertex -6.298013012536438 11.530973199322219 -4.4562639247957785
      vertex -6.323164891307978 11.43792558667026 -4.423052220767035
    endloop
  endfacet
  facet normal 0.8229838658936554 -0.019825173755351505 0.5677186970360445
    outer loop
      vertex -5.988085985368808 10.513135148572008 -4.941088117853489
      vertex -5.988085985368808 12.872426447865797 -4.858699850226963
      vertex -6.298013012536438 11.530973199322219 -4.4562639247957785
    endloop
  endfacet
  facet normal 0.822983865893656 -0.019825173755351977 0.5677186970360434
    outer loop
      vertex -6.298013012536438 11.530973199322219 -4.4562639247957785
      vertex -5.988085985368808 12.872426447865797 -4.858699850226963
      vertex -6.387344127472858 11.824347445283191 -4.3165217212525855
    endloop
  endfacet
  facet normal 0.8229838658936554 -0.019825173755351193 0.5677186970360445
    outer loop
      vertex -5.988085985368808 12.872426447865797 -4.858699850226963
      vertex -6.469073891898612 12.653207452843452 -4.169099112852717
      vertex -6.387344127472858 11.824347445283191 -4.3165217212525855
    endloop
  endfacet
  facet normal 0.8229838658936554 -0.019825173755351026 0.5677186970360446
    outer loop
      vertex -5.988085985368808 12.872426447865797 -4.858699850226963
      vertex -6.571005506441928 13.686943930546793 -3.9852367880317914
      vertex -6.469073891898612 12.653207452843452 -4.169099112852717
    endloop
  endfacet
  facet normal 0.663122658240796 -0.026122648387584418 0.7480547756473981
    outer loop
      vertex -5.988085985368808 10.513135148572008 -4.941088117853489
      vertex -5.233220252914072 11.101841659821659 -5.5896903508965305
      vertex -5.988085985368808 12.872426447865797 -4.858699850226963
    endloop
  endfacet
  facet normal 0.6631226582407953 -0.02612264838758486 0.7480547756473986
    outer loop
      vertex -5.988085985368808 12.872426447865797 -4.858699850226963
      vertex -5.233220252914072 11.101841659821659 -5.5896903508965305
      vertex -4.9062685255599705 11.948051554573453 -5.849970562126076
    endloop
  endfacet
  facet normal 0.663122658240795 -0.026122648387581167 0.7480547756473991
    outer loop
      vertex -5.5 10.459172796301683 -5.375642546492802
      vertex -4.544517973849246 10.733430907129167 -6.2130644215736135
      vertex -4.771052937141679 11.359235779482056 -5.990396038047135
    endloop
  endfacet
  facet normal 0.4647231720437669 -0.030901969647483582 0.8849166297666043
    outer loop
      vertex -4.544517973849246 10.733430907129167 -6.2130644215736135
      vertex -3.527453311375643 11.124106155215575 -6.7335438271662555
      vertex -3.6532648327776123 11.187792463159166 -6.665248623270553
    endloop
  endfacet
  facet normal 0.46472317204376956 -0.030901969647480154 0.8849166297666031
    outer loop
      vertex -4.544517973849246 10.733430907129167 -6.2130644215736135
      vertex -3.3991869381244215 10.634442874641229 -6.818003665713271
      vertex -2.8368390963402854 10.774514408141487 -7.1084350780113725
    endloop
  endfacet
  facet normal 0.4647231720437696 -0.03090196964749314 0.8849166297666026
    outer loop
      vertex -4.544517973849246 10.733430907129167 -6.2130644215736135
      vertex -2.8368390963402854 10.774514408141487 -7.1084350780113725
      vertex -3.527453311375643 11.124106155215575 -6.7335438271662555
    endloop
  endfacet
  facet normal 0.6631226582407952 -0.0261226483875811 0.7480547756473989
    outer loop
      vertex -4.544517973849246 10.733430907129167 -6.2130644215736135
      vertex -4.544517973849246 11.337109273832914 -6.191983508482799
      vertex -4.771052937141679 11.359235779482056 -5.990396038047135
    endloop
  endfacet
  facet normal 0.4647231720437696 -0.030901969647490517 0.8849166297666028
    outer loop
      vertex -4.544517973849246 10.733430907129167 -6.2130644215736135
      vertex -3.6532648327776123 11.187792463159166 -6.665248623270553
      vertex -4.544517973849246 11.337109273832914 -6.191983508482799
    endloop
  endfacet
  facet normal 0.8229838658936566 0.019825173755351262 -0.5677186970360427
    outer loop
      vertex -6.71871246845309 19.59871527480452 4.93347670597474
      vertex -6.669229331444253 20.979084945451046 5.053412674817667
      vertex -5.988085985368808 19.9999503048514 6.00662854145449
    endloop
  endfacet
  facet normal 0.8229838658936552 0.019825173755351564 -0.5677186970360445
    outer loop
      vertex -6.669229331444253 20.979084945451046 5.053412674817667
      vertex -6.5151484975698 22.36917522736773 5.325316387876
      vertex -5.988085985368808 23.105643324821656 6.115081731516999
    endloop
  endfacet
  facet normal 0.4647231720437462 -0.030901969647349536 0.8849166297666199
    outer loop
      vertex -3.3991869381244215 10.634442874641229 -6.818003665713271
      vertex -2.8368390963402854 10.770767341310231 -7.108565928468456
      vertex -2.8368390963402854 10.774514408141487 -7.1084350780113725
    endloop
  endfacet
  facet normal 0.23931566428759907 -0.03388538075541835 0.9703503459048415
    outer loop
      vertex -2.8368390963402854 10.770767341310231 -7.108565928468456
      vertex -2.8173473028402647 10.769880706678766 -7.11340411447159
      vertex -2.8368390963402854 10.774514408141487 -7.1084350780113725
    endloop
  endfacet
  facet normal -0.9945218953682733 0.07128824052839254 0.07644727853536162
    outer loop
      vertex -11 3.361960853960313 14.268158141894988
      vertex -10.759623608071863 4.921710607891177 15.940784973479147
      vertex -11 17.989034886343724 0.6281909406450175
    endloop
  endfacet
  facet normal -0.9510565162951533 0.21074908339515694 0.22600072269934868
    outer loop
      vertex -10.759623608071863 4.921710607891177 15.940784973479147
      vertex -10.049000034068609 6.413291813065551 17.54030998636905
      vertex -10.049000034068609 19.68499617332367 5.164245451669371
    endloop
  endfacet
  facet normal -0.9945218953682734 -0.07128824052839254 -0.07644727853536162
    outer loop
      vertex -11 3.361960853960313 14.268158141894988
      vertex -11 17.989034886343724 0.6281909406450175
      vertex -10.759623608071863 12.391206750813248 2.7211331189088503
    endloop
  endfacet
  facet normal -0.9945218953682734 0.07128824052839261 0.07644727853536167
    outer loop
      vertex -10.759623608071863 4.921710607891177 15.940784973479147
      vertex -10.759623608071863 18.855959921843294 2.9468872742154355
      vertex -11 17.989034886343724 0.6281909406450175
    endloop
  endfacet
  facet normal -0.9510565162951535 0.21074908339515686 0.22600072269934857
    outer loop
      vertex -10.759623608071863 4.921710607891177 15.940784973479147
      vertex -10.049000034068609 19.68499617332367 5.164245451669371
      vertex -10.759623608071863 18.855959921843294 2.9468872742154355
    endloop
  endfacet
  facet normal 0.9927088740980539 -0.08220581826150823 -0.08815494728561706
    outer loop
      vertex -7.767534539408416 4.667663978611368 15.668353317352237
      vertex -8 10.268796059748306 7.827430115030966
      vertex -7.767534539408416 12.707662266862336 8.170933621037232
    endloop
  endfacet
  facet normal 0.935016242685415 -0.24183995143315656 -0.2593415967508059
    outer loop
      vertex -7.767534539408416 4.667663978611368 15.668353317352237
      vertex -7.767534539408416 12.707662266862336 8.170933621037232
      vertex -7.360436669947441 13.757163558167282 8.659986594333624
    endloop
  endfacet
  facet normal 0.9350162426854149 -0.24183995143315662 -0.259341596750806
    outer loop
      vertex -7.767534539408416 4.667663978611368 15.668353317352237
      vertex -7.360436669947441 13.757163558167282 8.659986594333624
      vertex -7.08364820522568 5.897484383695453 16.98717423871429
    endloop
  endfacet
  facet normal 0.9350162426854149 -0.24183995143315654 -0.2593415967508059
    outer loop
      vertex -7.08364820522568 5.897484383695453 16.98717423871429
      vertex -7.360436669947441 13.757163558167282 8.659986594333624
      vertex -7.08364820522568 14.580677662969725 8.889965509941876
    endloop
  endfacet
  facet normal -0.8660254037844393 0.3409991800312486 0.36567685080958445
    outer loop
      vertex -10.049000034068609 6.413291813065551 17.54030998636905
      vertex -8.899186938124423 7.771515213416589 18.99682626212883
      vertex -8.899186938124423 20.439910778437856 7.183356280587053
    endloop
  endfacet
  facet normal -0.7431448254773935 0.45634597620436723 0.4893711458272313
    outer loop
      vertex -8.899186938124423 7.771515213416589 18.99682626212883
      vertex -7.360436669947441 7.474312525631632 21.61067377049226
      vertex -7.360436669947441 8.937019928869972 20.24667705036726
    endloop
  endfacet
  facet normal -0.7431448254773936 0.4563459762043669 0.4893711458272315
    outer loop
      vertex -8.899186938124423 7.771515213416589 18.99682626212883
      vertex -7.360436669947441 8.937019928869972 20.24667705036726
      vertex -7.360436669947441 21.087710346460177 8.915974928976071
    endloop
  endfacet
  facet normal -0.8660254037844389 0.3409991800312489 0.36567685080958484
    outer loop
      vertex -10.049000034068609 6.413291813065551 17.54030998636905
      vertex -8.899186938124423 20.439910778437856 7.183356280587053
      vertex -10.049000034068609 19.68499617332367 5.164245451669371
    endloop
  endfacet
  facet normal -0.7431448254773938 0.45634597620436684 0.48937114582723135
    outer loop
      vertex -8.899186938124423 20.439910778437856 7.183356280587053
      vertex -8.899186938124423 7.771515213416589 18.99682626212883
      vertex -7.360436669947441 21.087710346460177 8.915974928976071
    endloop
  endfacet
  facet normal 0.8229838658936566 -0.3874192256799665 -0.41545625528118724
    outer loop
      vertex -5.988085985368808 6.97994937748437 18.147975827750585
      vertex -7.08364820522568 14.580677662969725 8.889965509941876
      vertex -5.988085985368808 16.0006775447582 9.736010723820801
    endloop
  endfacet
  facet normal 0.6631226582407957 -0.5104831027418443 -0.5474261063766692
    outer loop
      vertex -5.988085985368808 6.97994937748437 18.147975827750585
      vertex -5.988085985368808 16.0006775447582 9.736010723820801
      vertex -5.5 16.24504499702507 10.099375602675634
    endloop
  endfacet
  facet normal 0.6631226582407947 -0.510483102741845 -0.5474261063766697
    outer loop
      vertex -4.544517973849246 7.852150029139266 19.083296515448435
      vertex -5.5 16.24504499702507 10.099375602675634
      vertex -4.544517973849246 17.00142840294129 10.551456404604993
    endloop
  endfacet
  facet normal 0.4647231720437687 -0.6038795574029469 -0.6475815419824741
    outer loop
      vertex -4.544517973849246 7.852150029139266 19.083296515448435
      vertex -4.544517973849246 17.00142840294129 10.551456404604993
      vertex -3.3991869381244215 17.323597039603758 11.07295184008563
    endloop
  endfacet
  facet normal 0.4647231720437687 -0.6038795574029469 -0.6475815419824741
    outer loop
      vertex -4.544517973849246 7.852150029139266 19.083296515448435
      vertex -3.3991869381244215 17.323597039603758 11.07295184008563
      vertex -2.8368390963402854 17.61710841658206 11.202805066207661
    endloop
  endfacet
  facet normal 0.8229838658936561 -0.38741922567996695 -0.4154562552811875
    outer loop
      vertex -7.08364820522568 5.897484383695453 16.98717423871429
      vertex -7.08364820522568 14.580677662969725 8.889965509941876
      vertex -5.988085985368808 6.97994937748437 18.147975827750585
    endloop
  endfacet
  facet normal 0.663122658240796 -0.5104831027418443 -0.5474261063766691
    outer loop
      vertex -5.988085985368808 6.97994937748437 18.147975827750585
      vertex -5.5 16.24504499702507 10.099375602675634
      vertex -4.544517973849246 7.852150029139266 19.083296515448435
    endloop
  endfacet
  facet normal -0.5877852522924761 0.5517482634264045 0.5916775735089315
    outer loop
      vertex -7.360436669947441 7.474312525631632 21.61067377049226
      vertex -5.5 21.600082927780857 10.286377647875122
      vertex -7.360436669947441 8.937019928869972 20.24667705036726
    endloop
  endfacet
  facet normal -0.4067366430758003 0.6230365039547979 0.6681248520442956
    outer loop
      vertex -5.5 9.858867810648265 21.235237874188837
      vertex -5.5 8.396160407409925 22.59923459431383
      vertex -3.3991869381244215 10.496769682800839 21.919303881951418
    endloop
  endfacet
  facet normal 6.661354153642172e-16 0.7313537016191711 -0.6819983600624979
    outer loop
      vertex -4.544517973849246 7.852150029139266 19.083296515448435
      vertex -2.304931765776482 7.506877890891451 18.713037477948163
      vertex -3.692420853752512 7.010239558793212 18.180458070407163
    endloop
  endfacet
  facet normal 0.46472317204376756 -0.6038795574029472 -0.6475815419824745
    outer loop
      vertex -4.544517973849246 7.852150029139266 19.083296515448435
      vertex -2.8368390963402854 17.61710841658206 11.202805066207661
      vertex -2.8368390963402854 8.463397207106327 19.738778863191204
    endloop
  endfacet
  facet normal -0.4067366430758004 0.6230365039547986 0.6681248520442951
    outer loop
      vertex -5.5 9.858867810648265 21.235237874188837
      vertex -3.3991869381244215 10.496769682800839 21.919303881951418
      vertex -3.3991869381244215 21.954635381959744 11.234671262546488
    endloop
  endfacet
  facet normal -0.5877852522924731 0.5517482634264057 0.5916775735089336
    outer loop
      vertex -7.360436669947441 8.937019928869972 20.24667705036726
      vertex -5.5 21.600082927780857 10.286377647875122
      vertex -7.360436669947441 21.087710346460177 8.915974928976071
    endloop
  endfacet
  facet normal 0.8229838658936564 0.019825173755350572 -0.5677186970360432
    outer loop
      vertex -6.669229331444253 20.979084945451046 5.053412674817667
      vertex -5.988085985368808 23.105643324821656 6.115081731516999
      vertex -5.988085985368808 19.9999503048514 6.00662854145449
    endloop
  endfacet
  facet normal 0.6631226582407951 0.02612264838758361 -0.748054775647399
    outer loop
      vertex -5.988085985368808 19.9999503048514 6.00662854145449
      vertex -5.484257343506563 22.190901535683626 6.529763543952453
      vertex -5.204789271548926 20.26299653413659 6.710177640197077
    endloop
  endfacet
  facet normal 0.6631226582407959 0.026122648387583266 -0.7480547756473983
    outer loop
      vertex -5.988085985368808 19.9999503048514 6.00662854145449
      vertex -5.988085985368808 23.105643324821656 6.115081731516999
      vertex -5.484257343506563 22.190901535683626 6.529763543952453
    endloop
  endfacet
  facet normal 0.4647231720437686 0.030901969647493782 -0.884916629766603
    outer loop
      vertex -3.371121282830472 20.718172132134715 7.92760007811386
      vertex -4.544517973849246 23.568242740900867 7.41090526021763
      vertex -2.8368390963402854 20.824465942129564 8.211895786997454
    endloop
  endfacet
  facet normal -0.40673664307579893 0.6230365039547988 0.6681248520442956
    outer loop
      vertex -5.5 9.858867810648265 21.235237874188837
      vertex -3.3991869381244215 21.954635381959744 11.234671262546488
      vertex -5.5 21.600082927780857 10.286377647875122
    endloop
  endfacet
  facet normal 8.118525374751406e-16 0.7313537016191716 -0.6819983600624975
    outer loop
      vertex -4.544517973849246 7.852150029139266 19.083296515448435
      vertex -2.8368390963402854 8.463397207106327 19.738778863191204
      vertex -2.304931765776482 7.506877890891451 18.713037477948163
    endloop
  endfacet
  facet normal -1.903244043897762e-15 0.7313537016191707 -0.6819983600624981
    outer loop
      vertex -2.8368390963402854 8.463397207106327 19.738778863191204
      vertex -0.7834884216595994 7.762628710963669 18.987296654956758
      vertex -2.304931765776482 7.506877890891451 18.713037477948163
    endloop
  endfacet
  facet normal 0.2393156642875585 -0.6621807272006691 -0.7101018922313879
    outer loop
      vertex -2.8368390963402854 8.463397207106327 19.738778863191204
      vertex -2.8368390963402854 17.61710841658206 11.202805066207661
      vertex -1.1498130959441881 17.833916227129848 11.569183183418874
    endloop
  endfacet
  facet normal -0.20791169081775907 0.6670950595995232 0.7153718685265791
    outer loop
      vertex -3.3991869381244215 10.496769682800839 21.919303881951418
      vertex -1.1498130959441881 10.822846172521825 22.26897810660289
      vertex -3.3991869381244215 21.954635381959744 11.234671262546488
    endloop
  endfacet
  facet normal 0.19195519781408366 -0.9678919524922542 -0.16229100508927707
    outer loop
      vertex -2.304931765776482 7.506877890891451 18.713037477948163
      vertex -0.7834884216595994 7.762628710963669 18.987296654956758
      vertex -0.9642934420425839 7.31546004395687 21.440325339634473
    endloop
  endfacet
  facet normal -1.7010243642336252e-15 0.7313537016191711 -0.6819983600624978
    outer loop
      vertex -2.8368390963402854 8.463397207106327 19.738778863191204
      vertex -0.9642934420425839 8.77816744719521 20.076328619509475
      vertex -0.7834884216595994 7.762628710963669 18.987296654956758
    endloop
  endfacet
  facet normal 0 -0.9837876843806124 -0.17933709058929378
    outer loop
      vertex -0.7834884216595994 7.762628710963669 18.987296654956758
      vertex 0.7834884216595994 7.762628710963669 18.987296654956758
      vertex -0.9642934420425839 7.31546004395687 21.440325339634473
    endloop
  endfacet
  facet normal 0 0.7313537016191712 -0.6819983600624978
    outer loop
      vertex -0.7834884216595994 7.762628710963669 18.987296654956758
      vertex -0.9642934420425839 8.77816744719521 20.076328619509475
      vertex 0.7834884216595994 7.762628710963669 18.987296654956758
    endloop
  endfacet
  facet normal 0.23931566428755785 -0.6621807272006692 -0.7101018922313879
    outer loop
      vertex -2.8368390963402854 8.463397207106327 19.738778863191204
      vertex -1.1498130959441881 17.833916227129848 11.569183183418874
      vertex -0.9642934420425839 8.77816744719521 20.076328619509475
    endloop
  endfacet
  facet normal 0 -0.6819983600624984 -0.7313537016191703
    outer loop
      vertex -0.9642934420425839 8.77816744719521 20.076328619509475
      vertex -0.9642934420425825 17.89854385299777 11.571440029844606
      vertex 0.9642934420425839 8.77816744719521 20.076328619509475
    endloop
  endfacet
  facet normal -0.20791169081776106 0.6670950595995226 0.7153718685265791
    outer loop
      vertex -1.1498130959441881 10.822846172521825 22.26897810660289
      vertex -1.1498130959441881 22.1358720654178 11.719410791611406
      vertex -3.3991869381244215 21.954635381959744 11.234671262546488
    endloop
  endfacet
  facet normal 0.23931566428755838 -0.6621807272006692 -0.7101018922313879
    outer loop
      vertex -0.9642934420425839 8.77816744719521 20.076328619509475
      vertex -1.1498130959441881 17.833916227129848 11.569183183418874
      vertex -0.9642934420425825 17.89854385299777 11.571440029844606
    endloop
  endfacet
  facet normal 0 0.6819983600624985 0.7313537016191706
    outer loop
      vertex -1.1498130959441881 10.822846172521825 22.26897810660289
      vertex 1.1498130959441881 22.1358720654178 11.719410791611406
      vertex -1.1498130959441881 22.1358720654178 11.719410791611406
    endloop
  endfacet
  facet normal -0.5877852522924737 0.5517482634264055 0.5916775735089331
    outer loop
      vertex -7.360436669947441 -9.34682261160929 37.296636051929724
      vertex -5.5 9.858867810648265 21.235237874188837
      vertex -5.5 21.600082927780857 10.286377647875122
    endloop
  endfacet
  facet normal -0.40673664307580093 0.6230365039547983 0.668124852044295
    outer loop
      vertex -5.5 8.396160407409925 22.59923459431383
      vertex -3.3991869381244215 9.034062279562496 23.283300602076416
      vertex -3.3991869381244215 10.496769682800839 21.919303881951418
    endloop
  endfacet
  facet normal -0.20791169081775907 0.6670950595995231 0.7153718685265793
    outer loop
      vertex -3.3991869381244215 9.034062279562496 23.283300602076416
      vertex -1.1498130959441881 10.822846172521825 22.26897810660289
      vertex -3.3991869381244215 10.496769682800839 21.919303881951418
    endloop
  endfacet
  facet normal -0.20791169081775845 0.6670950595995226 0.7153718685265797
    outer loop
      vertex -3.3991869381244215 9.034062279562496 23.283300602076416
      vertex -1.1498130959441881 9.360138769283484 23.632974826727885
      vertex -1.1498130959441881 10.822846172521825 22.26897810660289
    endloop
  endfacet
  facet normal 0 0.6819983600624979 0.7313537016191709
    outer loop
      vertex -1.1498130959441881 9.360138769283484 23.632974826727885
      vertex 1.1498130959441881 10.822846172521825 22.26897810660289
      vertex -1.1498130959441881 10.822846172521825 22.26897810660289
    endloop
  endfacet
  facet normal 0.6631226582407956 0.026122648387583113 -0.7480547756473984
    outer loop
      vertex -5.988085985368808 23.105643324821656 6.115081731516999
      vertex -4.924975189829997 23.117203627865855 7.057893495352723
      vertex -5.484257343506563 22.190901535683626 6.529763543952453
    endloop
  endfacet
  facet normal 0.6631226582407956 0.026122648387585105 -0.7480547756473984
    outer loop
      vertex -5.988085985368808 23.105643324821656 6.115081731516999
      vertex -4.544517973849246 23.568242740900867 7.41090526021763
      vertex -4.924975189829997 23.117203627865855 7.057893495352723
    endloop
  endfacet
  facet normal 0.6631226582407961 0.026122648387582787 -0.7480547756473982
    outer loop
      vertex -5.988085985368808 23.105643324821656 6.115081731516999
      vertex -4.544517973849246 24.339121315502656 7.437824933227425
      vertex -4.544517973849246 23.568242740900867 7.41090526021763
    endloop
  endfacet
  facet normal 0.464723172043767 0.030901969647492495 -0.884916629766604
    outer loop
      vertex -4.544517973849246 23.568242740900867 7.41090526021763
      vertex -4.544517973849246 24.339121315502656 7.437824933227425
      vertex -2.8368390963402854 20.824465942129564 8.211895786997454
    endloop
  endfacet
  facet normal 0.464723172043769 0.03090196964749373 -0.8849166297666029
    outer loop
      vertex -4.544517973849246 24.339121315502656 7.437824933227425
      vertex -2.8368390963402854 25.203555364545963 8.364816959301407
      vertex -2.8368390963402854 20.824465942129564 8.211895786997454
    endloop
  endfacet
  facet normal 0.23931566428755868 0.033885380755580716 -0.9703503459048458
    outer loop
      vertex -2.8368390963402854 20.824465942129564 8.211895786997454
      vertex -2.8173473028402642 25.208189066008682 8.369785995761625
      vertex -2.1886510964009394 20.885026359005366 8.373871979654652
    endloop
  endfacet
  facet normal 0.2393156642875595 0.03388538075558071 -0.9703503459048456
    outer loop
      vertex -2.8368390963402854 20.824465942129564 8.211895786997454
      vertex -2.8368390963402854 25.203555364545963 8.364816959301407
      vertex -2.8173473028402642 25.208189066008682 8.369785995761625
    endloop
  endfacet
  facet normal -0.6631226582407963 0.02612264838758387 -0.7480547756473978
    outer loop
      vertex 5.24543312540158 3.393953134335579 6.085068403549104
      vertex 5.988085985368808 5.004337886092087 5.482970216791404
      vertex 5.988085985368808 -0.4606464331719568 5.2921287591023685
    endloop
  endfacet
  facet normal -0.8229838658936567 0.019825173755351845 -0.5677186970360425
    outer loop
      vertex 5.988085985368808 -0.4606464331719568 5.2921287591023685
      vertex 6.842162531885313 2.9007444020357656 4.171413404869067
      vertex 6.813003698592435 1.622508866440958 4.169046048901882
    endloop
  endfacet
  facet normal -0.8229838658936557 0.019825173755351082 -0.5677186970360439
    outer loop
      vertex 5.988085985368808 -0.4606464331719568 5.2921287591023685
      vertex 5.988085985368808 5.004337886092087 5.482970216791404
      vertex 6.842162531885313 2.9007444020357656 4.171413404869067
    endloop
  endfacet
  facet normal -0.8229838658936555 0.019825173755351276 -0.567718697036044
    outer loop
      vertex 6.842162531885313 2.9007444020357656 4.171413404869067
      vertex 5.988085985368808 5.004337886092087 5.482970216791404
      vertex 6.414538094977583 6.516546526283052 4.917578574039454
    endloop
  endfacet
  facet normal -0.9350162426854153 0.012375532086031758 -0.3543888713264514
    outer loop
      vertex 7.6512208624195654 4.5945113178592845 2.3830170770359542
      vertex 7.631989771542447 5.846444286790896 2.4774746677496413
      vertex 7.767534539408415 5.094297920669474 2.0935891057007345
    endloop
  endfacet
  facet normal 0 0.6819983600624985 0.7313537016191706
    outer loop
      vertex -0.964293442042582 -20.338088279753855 25.509946665842968
      vertex 0.964293442042582 -20.338088279753855 25.509946665842968
      vertex 0.964293442042582 -4.5502102887010025 10.787512261085427
    endloop
  endfacet
  facet normal 0.20791169081776115 -0.6670950595995226 -0.715371868526579
    outer loop
      vertex 1.1498130959441881 -8.787538501121029 10.639541499318627
      vertex 3.3991869381244215 -22.056690515359474 23.666971403401025
      vertex 1.1498130959441881 -22.382767005080467 23.317297178749552
    endloop
  endfacet
  facet normal 0 -0.6819983600624984 -0.7313537016191706
    outer loop
      vertex -1.1498130959441881 -8.787538501121029 10.639541499318627
      vertex 1.1498130959441881 -8.787538501121029 10.639541499318627
      vertex 1.1498130959441881 -22.382767005080467 23.317297178749552
    endloop
  endfacet
  facet normal -0.23931566428755888 0.6621807272006691 0.7101018922313879
    outer loop
      vertex 0.964293442042582 -20.338088279753855 25.509946665842968
      vertex 2.8368390963402854 -20.023318039664968 25.84749642216124
      vertex 1.1498130959441881 -4.485582662833082 10.789769107511159
    endloop
  endfacet
  facet normal -0.2393156642875576 0.6621807272006693 0.7101018922313881
    outer loop
      vertex 0.964293442042582 -20.338088279753855 25.509946665842968
      vertex 1.1498130959441881 -4.485582662833082 10.789769107511159
      vertex 0.964293442042582 -4.5502102887010025 10.787512261085427
    endloop
  endfacet
  facet normal 0.2079116908177588 -0.6670950595995232 -0.7153718685265791
    outer loop
      vertex 1.1498130959441881 -8.787538501121029 10.639541499318627
      vertex 3.3991869381244215 -7.617273755834162 10.20199744011468
      vertex 3.3991869381244215 -22.056690515359474 23.666971403401025
    endloop
  endfacet
  facet normal -0.23931566428755816 0.6621807272006692 0.7101018922313879
    outer loop
      vertex 2.8368390963402854 -20.023318039664968 25.84749642216124
      vertex 2.8368390963402854 -3.5270057323023982 10.464436329907265
      vertex 1.1498130959441881 -4.485582662833082 10.789769107511159
    endloop
  endfacet
  facet normal -0.464723172043769 0.6038795574029465 0.647581541982474
    outer loop
      vertex 2.8368390963402854 -20.023318039664968 25.84749642216124
      vertex 3.3749020842482067 -3.0095884473078667 10.368066408114615
      vertex 2.8368390963402854 -3.5270057323023982 10.464436329907265
    endloop
  endfacet
  facet normal 0.40673664307579904 -0.6230365039547988 -0.6681248520442957
    outer loop
      vertex 3.3991869381244215 -22.056690515359474 23.666971403401025
      vertex 5.5 -5.327890450182744 9.346032096663336
      vertex 5.5 -21.418788643206906 24.351037411163606
    endloop
  endfacet
  facet normal 0.5877852522924745 -0.5517482634264051 -0.5916775735089326
    outer loop
      vertex 5.5 -21.418788643206906 24.351037411163606
      vertex 7.360436669947441 -3.675805624187689 9.653635953547715
      vertex 7.360436669947441 -20.496940761428608 25.339598234985182
    endloop
  endfacet
  facet normal 0.4067366430758004 -0.6230365039547986 -0.6681248520442952
    outer loop
      vertex 3.3991869381244215 -7.617273755834162 10.20199744011468
      vertex 5.5 -5.327890450182744 9.346032096663336
      vertex 3.3991869381244215 -22.056690515359474 23.666971403401025
    endloop
  endfacet
  facet normal -0.46472317204376906 0.6038795574029465 0.6475815419824741
    outer loop
      vertex 2.8368390963402854 -20.023318039664968 25.84749642216124
      vertex 4.544517973849249 -19.412070861697902 26.50297876990401
      vertex 3.3749020842482067 -3.0095884473078667 10.368066408114615
    endloop
  endfacet
  facet normal -0.6631226582407962 0.510483102741844 0.5474261063766689
    outer loop
      vertex 4.544517973849249 -19.412070861697902 26.50297876990401
      vertex 5.988085985368808 -18.539870210043006 27.438299457601858
      vertex 4.544517973849249 -2.5909357244569775 10.817016488466544
    endloop
  endfacet
  facet normal -0.4647231720437696 0.6038795574029463 0.6475815419824739
    outer loop
      vertex 4.544517973849249 -19.412070861697902 26.50297876990401
      vertex 4.544517973849249 -2.5909357244569775 10.817016488466544
      vertex 3.3749020842482067 -3.0095884473078667 10.368066408114615
    endloop
  endfacet
  facet normal -0.6631226582407946 0.5104831027418453 0.5474261063766698
    outer loop
      vertex 4.544517973849249 -2.5909357244569775 10.817016488466544
      vertex 5.988085985368808 -18.539870210043006 27.438299457601858
      vertex 5.988085985368808 -1.7187350728020874 11.752337176164389
    endloop
  endfacet
  facet normal 0.5877852522924741 -0.5517482634264051 -0.5916775735089328
    outer loop
      vertex 5.5 -21.418788643206906 24.351037411163606
      vertex 5.5 -5.327890450182744 9.346032096663336
      vertex 7.360436669947441 -3.675805624187689 9.653635953547715
    endloop
  endfacet
  facet normal 0 -0.7313537016191711 0.6819983600624977
    outer loop
      vertex -0.964293442042582 -20.338088279753855 25.509946665842968
      vertex 1.1498130959441881 -22.382767005080467 23.317297178749552
      vertex 0.964293442042582 -20.338088279753855 25.509946665842968
    endloop
  endfacet
  facet normal 1.7874113835354945e-15 -0.7313537016191711 0.6819983600624979
    outer loop
      vertex 1.1498130959441881 -22.382767005080467 23.317297178749552
      vertex 3.3991869381244215 -22.056690515359474 23.666971403401025
      vertex 0.964293442042582 -20.338088279753855 25.509946665842968
    endloop
  endfacet
  facet normal 2.83136489865214e-15 -0.7313537016191702 0.6819983600624986
    outer loop
      vertex 0.964293442042582 -20.338088279753855 25.509946665842968
      vertex 3.3991869381244215 -22.056690515359474 23.666971403401025
      vertex 2.8368390963402854 -20.023318039664968 25.84749642216124
    endloop
  endfacet
  facet normal 0 -0.73135370161917 0.6819983600624989
    outer loop
      vertex -1.1498130959441881 -7.460996367957437 39.31893710816536
      vertex 0.9642934420425839 -9.505675093284053 37.126287621071945
      vertex 1.1498130959441881 -7.460996367957437 39.31893710816536
    endloop
  endfacet
  facet normal 3.214002187177229e-15 -0.7313537016191702 0.6819983600624989
    outer loop
      vertex 0.9642934420425839 -9.505675093284053 37.126287621071945
      vertex 2.8368390963402854 -9.820445333372934 36.788737864753664
      vertex 1.1498130959441881 -7.460996367957437 39.31893710816536
    endloop
  endfacet
  facet normal 1.9099628650767458e-15 -0.7313537016191705 0.6819983600624984
    outer loop
      vertex 2.8368390963402854 -9.820445333372934 36.788737864753664
      vertex 3.3991869381244215 -7.787072857678425 38.96926288351388
      vertex 1.1498130959441881 -7.460996367957437 39.31893710816536
    endloop
  endfacet
  facet normal -3.9244683775541613e-16 -0.7313537016191708 0.6819983600624983
    outer loop
      vertex 3.3991869381244215 -22.056690515359474 23.666971403401025
      vertex 5.5 -21.418788643206906 24.351037411163606
      vertex 2.8368390963402854 -20.023318039664968 25.84749642216124
    endloop
  endfacet
  facet normal -6.796072264680183e-16 -0.731353701619171 0.6819983600624979
    outer loop
      vertex 2.8368390963402854 -20.023318039664968 25.84749642216124
      vertex 5.5 -21.418788643206906 24.351037411163606
      vertex 4.544517973849249 -19.412070861697902 26.50297876990401
    endloop
  endfacet
  facet normal 1.4440481002470162e-15 -0.7313537016191706 0.6819983600624984
    outer loop
      vertex 4.544517973849249 -19.412070861697902 26.50297876990401
      vertex 5.5 -21.418788643206906 24.351037411163606
      vertex 7.360436669947441 -20.496940761428608 25.339598234985182
    endloop
  endfacet
  facet normal 1.3930580654701737e-15 -0.7313537016191706 0.6819983600624984
    outer loop
      vertex 4.544517973849249 -19.412070861697902 26.50297876990401
      vertex 7.360436669947441 -20.496940761428608 25.339598234985182
      vertex 5.988085985368808 -18.539870210043006 27.438299457601858
    endloop
  endfacet
  facet normal -0.8229838658936558 0.3874192256799675 0.4154562552811879
    outer loop
      vertex 5.988085985368808 -18.539870210043006 27.438299457601858
      vertex 7.08364820522568 -17.45740521625409 28.599101046638154
      vertex 5.988085985368808 -1.7187350728020874 11.752337176164389
    endloop
  endfacet
  facet normal -2.0238399988911146e-15 -0.73135370161917 0.6819983600624991
    outer loop
      vertex 2.8368390963402854 -9.820445333372934 36.788737864753664
      vertex 4.544517973849246 -10.431692511339998 36.1332555170109
      vertex 3.3991869381244215 -7.787072857678425 38.96926288351388
    endloop
  endfacet
  facet normal -5.021394887810031e-16 -0.7313537016191698 0.6819983600624994
    outer loop
      vertex 4.544517973849246 -10.431692511339998 36.1332555170109
      vertex 5.5 -8.424974729830998 38.285196875751296
      vertex 3.3991869381244215 -7.787072857678425 38.96926288351388
    endloop
  endfacet
  facet normal 1.583271477494612e-15 -0.7313537016191701 0.6819983600624988
    outer loop
      vertex 4.544517973849246 -10.431692511339998 36.1332555170109
      vertex 5.988085985368809 -11.303893162994896 35.19793482931305
      vertex 5.5 -8.424974729830998 38.285196875751296
    endloop
  endfacet
  facet normal -2.469316497937814e-16 -0.7313537016191703 0.6819983600624986
    outer loop
      vertex 5.988085985368809 -11.303893162994896 35.19793482931305
      vertex 7.360436669947441 -9.34682261160929 37.296636051929724
      vertex 5.5 -8.424974729830998 38.285196875751296
    endloop
  endfacet
  facet normal -0.4647231720437672 0.03090196964749453 -0.8849166297666037
    outer loop
      vertex 3.2398510677602412 -0.9252684142024628 7.240732398558267
      vertex 3.220072954680706 -1.4812217387253965 7.231704762458156
      vertex 2.8368390963402854 -0.31964820675489625 7.473527050697058
    endloop
  endfacet
  facet normal -0.19195519781408377 -0.9678919524922542 -0.16229100508927716
    outer loop
      vertex 0.9642934420425839 7.31546004395687 21.440325339634473
      vertex 2.304931765776482 7.506877890891451 18.713037477948163
      vertex 2.8368390963402854 7.000689803867987 21.1027755833162
    endloop
  endfacet
  facet normal -0.3727546572599644 -0.9211285589858978 -0.11214340511848919
    outer loop
      vertex 2.304931765776482 7.506877890891451 18.713037477948163
      vertex 3.692420853752512 7.010239558793212 18.180458070407163
      vertex 2.8368390963402854 7.000689803867987 21.1027755833162
    endloop
  endfacet
  facet normal -0.3727546572599669 0.04761554928006728 0.9267074646066914
    outer loop
      vertex 3.3749020842482067 -3.0095884473078667 10.368066408114615
      vertex 4.544517973849249 -2.5909357244569775 10.817016488466544
      vertex 3.3991869381244215 -2.8365536540078535 10.36894386479512
    endloop
  endfacet
  facet normal -0.37275465725996637 0.04761554928006408 0.9267074646066917
    outer loop
      vertex 3.3991869381244215 -2.8365536540078535 10.36894386479512
      vertex 4.544517973849249 -2.5909357244569775 10.817016488466544
      vertex 3.657537983607186 -0.29880383767990826 10.34246863181686
    endloop
  endfacet
  facet normal -0.37275465725993634 0.04761554928007829 0.9267074646067031
    outer loop
      vertex 4.544517973849249 -2.5909357244569775 10.817016488466544
      vertex 3.692420853752515 -0.28631785087258355 10.355858213382815
      vertex 3.657537983607186 -0.29880383767990826 10.34246863181686
    endloop
  endfacet
  facet normal -1.5652714595524125e-14 0.7313537016191549 -0.6819983600625154
    outer loop
      vertex 4.978468098486569 -0.8660366000984256 9.734185966098375
      vertex 3.657537983607186 -0.29880383767990826 10.34246863181686
      vertex 3.692420853752515 -0.28631785087258355 10.355858213382815
    endloop
  endfacet
  facet normal -0.5318909709339488 -0.027297787391720407 0.8463727463963249
    outer loop
      vertex 4.544517973849249 -2.5909357244569775 10.817016488466544
      vertex 4.865319863112156 0.42234517859701837 11.115806272137313
      vertex 3.692420853752515 -0.28631785087258355 10.355858213382815
    endloop
  endfacet
  facet normal -1.141946426338661e-15 0.7313537016191701 -0.6819983600624988
    outer loop
      vertex 4.978468098486569 -0.8660366000984256 9.734185966098375
      vertex 3.692420853752515 -0.28631785087258355 10.355858213382815
      vertex 4.865319863112156 0.42234517859701837 11.115806272137313
    endloop
  endfacet
  facet normal -0.6631226582407952 0.026122648387583693 -0.7480547756473989
    outer loop
      vertex 4.971119853051097 -2.2264956540569405 6.131966491783114
      vertex 4.928643601066331 0.5541720584044589 6.266723161141101
      vertex 5.500000000000002 -1.409076401577836 5.691678876571053
    endloop
  endfacet
  facet normal -0.6631226582407965 0.02612264838758296 -0.7480547756473978
    outer loop
      vertex 4.928643601066331 0.5541720584044589 6.266723161141101
      vertex 5.988085985368808 -0.4606464331719568 5.2921287591023685
      vertex 5.500000000000002 -1.409076401577836 5.691678876571053
    endloop
  endfacet
  facet normal 0.5877852522924747 -0.5517482634264058 -0.5916775735089318
    outer loop
      vertex 5.5 -5.327890450182744 9.346032096663336
      vertex 7.360436669947441 -2.0194456203036872 8.109055261850846
      vertex 7.360436669947441 -2.2130982209493473 8.289639233422717
    endloop
  endfacet
  facet normal 0.5877852522924736 -0.5517482634264056 -0.5916775735089332
    outer loop
      vertex 5.5 -5.327890450182744 9.346032096663336
      vertex 7.360436669947441 -2.2130982209493473 8.289639233422717
      vertex 7.360436669947441 -3.675805624187689 9.653635953547715
    endloop
  endfacet
  facet normal -0.5318909709339493 -0.027297787391720327 0.8463727463963246
    outer loop
      vertex 4.544517973849249 -2.5909357244569775 10.817016488466544
      vertex 5.988085985368808 -1.7187350728020874 11.752337176164389
      vertex 4.865319863112156 0.42234517859701837 11.115806272137313
    endloop
  endfacet
  facet normal -1.6582855870483193e-16 0.7313537016191701 -0.6819983600624989
    outer loop
      vertex 4.978468098486569 -0.8660366000984256 9.734185966098375
      vertex 4.865319863112156 0.42234517859701837 11.115806272137313
      vertex 5.988085985368808 -0.25602766956374207 10.388340456039389
    endloop
  endfacet
  facet normal -0.6631226582407954 0.5104831027418442 0.5474261063766699
    outer loop
      vertex 4.978468098486569 -0.8660366000984256 9.734185966098375
      vertex 5.988085985368808 -0.25602766956374207 10.388340456039389
      vertex 5.5 0.027147480573045057 9.533034141862826
    endloop
  endfacet
  facet normal -0.6601157147222665 -0.1260073764004696 0.7405196717639456
    outer loop
      vertex 4.865319863112156 0.42234517859701837 11.115806272137313
      vertex 5.988085985368808 -1.7187350728020874 11.752337176164389
      vertex 7.08364820522568 -0.6362700790131667 12.913138765200685
    endloop
  endfacet
  facet normal -0.8229838658936565 0.3874192256799666 0.4154562552811872
    outer loop
      vertex 7.08364820522568 -17.45740521625409 28.599101046638154
      vertex 7.08364820522568 -0.6362700790131667 12.913138765200685
      vertex 5.988085985368808 -1.7187350728020874 11.752337176164389
    endloop
  endfacet
  facet normal -0.6631226582407951 0.026122648387585504 -0.7480547756473988
    outer loop
      vertex 4.928643601066331 0.5541720584044589 6.266723161141101
      vertex 5.208527126608452 0.8001542158419044 6.027206740847045
      vertex 5.988085985368808 -0.4606464331719568 5.2921287591023685
    endloop
  endfacet
  facet normal -0.6631226582407967 0.02612264838758373 -0.7480547756473974
    outer loop
      vertex 5.208527126608452 0.8001542158419044 6.027206740847045
      vertex 5.24543312540158 3.393953134335579 6.085068403549104
      vertex 5.988085985368808 -0.4606464331719568 5.2921287591023685
    endloop
  endfacet
  facet normal -0.6631226582407954 0.5104831027418443 0.5474261063766699
    outer loop
      vertex 5.988085985368808 1.0050651259988908 9.212352399157718
      vertex 5.5 0.027147480573045057 9.533034141862826
      vertex 5.988085985368808 -0.25602766956374207 10.388340456039389
    endloop
  endfacet
  facet normal -0.8229838658936561 0.387419225679967 0.4154562552811877
    outer loop
      vertex 5.988085985368808 1.0050651259988908 9.212352399157718
      vertex 7.08364820522568 0.8264373242251751 11.549142045075687
      vertex 7.08364820522568 4.071598409860845 8.522980375773553
    endloop
  endfacet
  facet normal 6.6613541536421565e-16 0.7313537016191707 -0.6819983600624983
    outer loop
      vertex 4.865319863112156 0.42234517859701837 11.115806272137313
      vertex 5.755464166745865 1.301847986050514 12.058957563229306
      vertex 5.988085985368808 -0.25602766956374207 10.388340456039389
    endloop
  endfacet
  facet normal -0.6601157147222667 -0.1260073764004713 0.7405196717639451
    outer loop
      vertex 4.865319863112156 0.42234517859701837 11.115806272137313
      vertex 7.08364820522568 -0.6362700790131667 12.913138765200685
      vertex 5.755464166745865 1.301847986050514 12.058957563229306
    endloop
  endfacet
  facet normal 2.758140615223475e-15 0.7313537016191709 -0.681998360062498
    outer loop
      vertex 5.988085985368808 -0.25602766956374207 10.388340456039389
      vertex 5.755464166745865 1.301847986050514 12.058957563229306
      vertex 6.311121813269337 2.3010770651813295 13.130499561835974
    endloop
  endfacet
  facet normal -0.8229838658936564 0.3874192256799665 0.41545625528118774
    outer loop
      vertex 5.988085985368808 1.0050651259988908 9.212352399157718
      vertex 5.988085985368808 -0.25602766956374207 10.388340456039389
      vertex 7.08364820522568 0.8264373242251751 11.549142045075687
    endloop
  endfacet
  facet normal -0.7499769325939204 -0.24277657522775423 0.6153000366469165
    outer loop
      vertex 5.755464166745865 1.301847986050514 12.058957563229306
      vertex 7.767534539408415 0.5935503260709148 14.231959686562735
      vertex 6.311121813269337 2.3010770651813295 13.130499561835974
    endloop
  endfacet
  facet normal -4.318117942117139e-14 0.7313537016191737 -0.681998360062495
    outer loop
      vertex 5.988085985368808 -0.25602766956374207 10.388340456039389
      vertex 6.311121813269337 2.3010770651813295 13.130499561835974
      vertex 6.5 3.361960853960313 14.268158141894988
    endloop
  endfacet
  facet normal 0 0.7313537016191707 -0.6819983600624981
    outer loop
      vertex 5.988085985368808 -0.25602766956374207 10.388340456039389
      vertex 7.083648205225679 5.897484383695453 16.987174238714292
      vertex 7.08364820522568 0.8264373242251751 11.549142045075687
    endloop
  endfacet
  facet normal 5.95565105998483e-15 0.7313537016191702 -0.6819983600624988
    outer loop
      vertex 5.988085985368808 -0.25602766956374207 10.388340456039389
      vertex 6.5 3.361960853960313 14.268158141894988
      vertex 7.083648205225679 5.897484383695453 16.987174238714292
    endloop
  endfacet
  facet normal 1.4274330329233204e-15 0.73135370161917 -0.681998360062499
    outer loop
      vertex 4.865319863112157 6.301576529323608 17.420510011652663
      vertex 3.692420853752512 7.010239558793212 18.180458070407163
      vertex 4.544517973849246 7.852150029139266 19.083296515448435
    endloop
  endfacet
  facet normal -0.3727546572599641 -0.9211285589858981 -0.11214340511848912
    outer loop
      vertex 4.544517973849246 6.389442625900924 20.447293235573433
      vertex 2.8368390963402854 7.000689803867987 21.1027755833162
      vertex 3.692420853752512 7.010239558793212 18.180458070407163
    endloop
  endfacet
  facet normal -0.5318909709339495 -0.8462152223141117 -0.031808686908120984
    outer loop
      vertex 4.865319863112157 6.301576529323608 17.420510011652663
      vertex 4.544517973849246 6.389442625900924 20.447293235573433
      vertex 3.692420853752512 7.010239558793212 18.180458070407163
    endloop
  endfacet
  facet normal -0.6601157147222663 -0.7475056333053628 0.07404438772425688
    outer loop
      vertex 4.865319863112157 6.301576529323608 17.420510011652663
      vertex 5.755464166745864 5.422073721870116 16.477358720560673
      vertex 7.083648205225679 4.43477698045711 18.35117095883929
    endloop
  endfacet
  facet normal -7.731928928334656e-16 0.7313537016191698 -0.6819983600624993
    outer loop
      vertex 4.865319863112157 6.301576529323608 17.420510011652663
      vertex 4.544517973849246 7.852150029139266 19.083296515448435
      vertex 5.988085985368809 6.979949377484369 18.147975827750585
    endloop
  endfacet
  facet normal -1.5225952351182128e-15 0.7313537016191703 -0.6819983600624985
    outer loop
      vertex 4.865319863112157 6.301576529323608 17.420510011652663
      vertex 5.988085985368809 6.979949377484369 18.147975827750585
      vertex 5.755464166745864 5.422073721870116 16.477358720560673
    endloop
  endfacet
  facet normal 8.636235884234409e-15 0.7313537016191712 -0.6819983600624978
    outer loop
      vertex 6.5 3.361960853960313 14.268158141894988
      vertex 6.311121813269338 4.422844642739295 15.405816721954002
      vertex 5.988085985368809 6.979949377484369 18.147975827750585
    endloop
  endfacet
  facet normal -0.7499769325939205 -0.63073643447808 0.19926402284128625
    outer loop
      vertex 6.311121813269338 4.422844642739295 15.405816721954002
      vertex 7.767534539408416 3.204956575373026 17.032350037477237
      vertex 5.755464166745864 5.422073721870116 16.477358720560673
    endloop
  endfacet
  facet normal 2.1318715680270283e-15 0.7313537016191707 -0.6819983600624984
    outer loop
      vertex 6.5 3.361960853960313 14.268158141894988
      vertex 5.988085985368809 6.979949377484369 18.147975827750585
      vertex 7.083648205225679 5.897484383695453 16.987174238714292
    endloop
  endfacet
  facet normal -1.930698430656427e-15 0.7313537016191703 -0.6819983600624985
    outer loop
      vertex 6.311121813269338 4.422844642739295 15.405816721954002
      vertex 5.755464166745864 5.422073721870116 16.477358720560673
      vertex 5.988085985368809 6.979949377484369 18.147975827750585
    endloop
  endfacet
  facet normal -0.5318909709339498 -0.8462152223141116 -0.03180868690812101
    outer loop
      vertex 4.865319863112157 6.301576529323608 17.420510011652663
      vertex 5.988085985368809 5.517241974246026 19.511972547875583
      vertex 4.544517973849246 6.389442625900924 20.447293235573433
    endloop
  endfacet
  facet normal -0.6601157147222664 -0.7475056333053625 0.07404438772425792
    outer loop
      vertex 4.865319863112157 6.301576529323608 17.420510011652663
      vertex 7.083648205225679 4.43477698045711 18.35117095883929
      vertex 5.988085985368809 5.517241974246026 19.511972547875583
    endloop
  endfacet
  facet normal 0 -0.6819983600624987 -0.7313537016191705
    outer loop
      vertex -0.9642934420425839 -9.505675093284053 37.126287621071945
      vertex 0.9642934420425839 7.31546004395687 21.440325339634473
      vertex 0.9642934420425839 -9.505675093284053 37.126287621071945
    endloop
  endfacet
  facet normal -0.23931566428756113 -0.6621807272006688 -0.7101018922313873
    outer loop
      vertex 0.9642934420425839 -9.505675093284053 37.126287621071945
      vertex 2.8368390963402854 7.000689803867987 21.1027755833162
      vertex 2.8368390963402854 -9.820445333372934 36.788737864753664
    endloop
  endfacet
  facet normal 0.20791169081776192 0.6670950595995228 0.7153718685265786
    outer loop
      vertex 1.1498130959441881 -7.460996367957437 39.31893710816536
      vertex 3.3991869381244215 -7.787072857678425 38.96926288351388
      vertex 1.1498130959441881 9.360138769283484 23.632974826727885
    endloop
  endfacet
  facet normal -0.23931566428755963 -0.6621807272006691 -0.7101018922313875
    outer loop
      vertex 0.9642934420425839 -9.505675093284053 37.126287621071945
      vertex 0.9642934420425839 7.31546004395687 21.440325339634473
      vertex 2.8368390963402854 7.000689803867987 21.1027755833162
    endloop
  endfacet
  facet normal 0 0.6819983600624986 0.7313537016191703
    outer loop
      vertex -1.1498130959441881 9.360138769283484 23.632974826727885
      vertex 1.1498130959441881 -7.460996367957437 39.31893710816536
      vertex 1.1498130959441881 9.360138769283484 23.632974826727885
    endloop
  endfacet
  facet normal 0.20791169081775798 0.6670950595995231 0.7153718685265795
    outer loop
      vertex 3.3991869381244215 -7.787072857678425 38.96926288351388
      vertex 3.3991869381244215 9.034062279562496 23.283300602076416
      vertex 1.1498130959441881 9.360138769283484 23.632974826727885
    endloop
  endfacet
  facet normal -0.663122658240797 -0.5104831027418436 -0.5474261063766684
    outer loop
      vertex 4.544517973849246 -10.431692511339998 36.1332555170109
      vertex 5.988085985368809 5.517241974246026 19.511972547875583
      vertex 5.988085985368809 -11.303893162994896 35.19793482931305
    endloop
  endfacet
  facet normal -0.822983865893656 -0.3874192256799672 -0.41545625528118785
    outer loop
      vertex 5.988085985368809 -11.303893162994896 35.19793482931305
      vertex 7.083648205225679 4.43477698045711 18.35117095883929
      vertex 7.083648205225679 -12.386358156783809 34.03713324027675
    endloop
  endfacet
  facet normal -0.822983865893656 -0.3874192256799672 -0.4154562552811878
    outer loop
      vertex 5.988085985368809 -11.303893162994896 35.19793482931305
      vertex 5.988085985368809 5.517241974246026 19.511972547875583
      vertex 7.083648205225679 4.43477698045711 18.35117095883929
    endloop
  endfacet
  facet normal -0.4647231720437661 -0.6038795574029476 -0.6475815419824751
    outer loop
      vertex 2.8368390963402854 -9.820445333372934 36.788737864753664
      vertex 4.544517973849246 6.389442625900924 20.447293235573433
      vertex 4.544517973849246 -10.431692511339998 36.1332555170109
    endloop
  endfacet
  facet normal 0.40673664307580015 0.6230365039547984 0.6681248520442954
    outer loop
      vertex 3.3991869381244215 -7.787072857678425 38.96926288351388
      vertex 5.5 -8.424974729830998 38.285196875751296
      vertex 3.3991869381244215 9.034062279562496 23.283300602076416
    endloop
  endfacet
  facet normal 0.5877852522924728 0.551748263426406 0.5916775735089337
    outer loop
      vertex 7.360436669947441 -9.34682261160929 37.296636051929724
      vertex 5.5 8.396160407409925 22.59923459431383
      vertex 5.5 -8.424974729830998 38.285196875751296
    endloop
  endfacet
  facet normal -0.4647231720437674 -0.6038795574029472 -0.6475815419824748
    outer loop
      vertex 2.8368390963402854 -9.820445333372934 36.788737864753664
      vertex 2.8368390963402854 7.000689803867987 21.1027755833162
      vertex 4.544517973849246 6.389442625900924 20.447293235573433
    endloop
  endfacet
  facet normal -0.6631226582407963 -0.510483102741844 -0.5474261063766688
    outer loop
      vertex 4.544517973849246 -10.431692511339998 36.1332555170109
      vertex 4.544517973849246 6.389442625900924 20.447293235573433
      vertex 5.988085985368809 5.517241974246026 19.511972547875583
    endloop
  endfacet
  facet normal 0.40673664307580065 0.6230365039547983 0.6681248520442953
    outer loop
      vertex 5.5 -8.424974729830998 38.285196875751296
      vertex 5.5 8.396160407409925 22.59923459431383
      vertex 3.3991869381244215 9.034062279562496 23.283300602076416
    endloop
  endfacet
  facet normal 0.5877852522924725 0.551748263426406 0.5916775735089338
    outer loop
      vertex 7.360436669947441 -9.34682261160929 37.296636051929724
      vertex 7.360436669947441 7.474312525631632 21.61067377049226
      vertex 5.5 8.396160407409925 22.59923459431383
    endloop
  endfacet
  facet normal 0.7431448254773931 -0.4563459762043673 -0.4893711458272318
    outer loop
      vertex 7.360436669947441 -20.496940761428608 25.339598234985182
      vertex 8.899186938124423 -2.5103009087343042 10.903486741786145
      vertex 8.899186938124423 -19.331436045975227 26.58944902322361
    endloop
  endfacet
  facet normal 0.7431448254773937 -0.4563459762043671 -0.48937114582723146
    outer loop
      vertex 7.360436669947441 -20.496940761428608 25.339598234985182
      vertex 7.360436669947441 -3.675805624187689 9.653635953547715
      vertex 8.899186938124423 -2.5103009087343042 10.903486741786145
    endloop
  endfacet
  facet normal 0.866025403784439 -0.3409991800312488 -0.36567685080958473
    outer loop
      vertex 8.899186938124423 -19.331436045975227 26.58944902322361
      vertex 10.049000034068609 -1.1520775083832666 12.360003017545925
      vertex 10.049000034068609 -17.973212645624187 28.04596529898339
    endloop
  endfacet
  facet normal 0.8660254037844388 -0.340999180031249 -0.365676850809585
    outer loop
      vertex 8.899186938124423 -19.331436045975227 26.58944902322361
      vertex 8.899186938124423 -2.5103009087343042 10.903486741786145
      vertex 10.049000034068609 -1.1520775083832666 12.360003017545925
    endloop
  endfacet
  facet normal -2.5033083552019807e-16 -0.731353701619171 0.6819983600624978
    outer loop
      vertex 5.988085985368808 -18.539870210043006 27.438299457601858
      vertex 7.360436669947441 -20.496940761428608 25.339598234985182
      vertex 7.08364820522568 -17.45740521625409 28.599101046638154
    endloop
  endfacet
  facet normal -4.24042123845577e-16 -0.7313537016191711 0.6819983600624979
    outer loop
      vertex 7.360436669947441 -20.496940761428608 25.339598234985182
      vertex 8.899186938124423 -19.331436045975227 26.58944902322361
      vertex 7.08364820522568 -17.45740521625409 28.599101046638154
    endloop
  endfacet
  facet normal 2.3268308263385516e-15 -0.7313537016191698 0.6819983600624991
    outer loop
      vertex 7.08364820522568 -17.45740521625409 28.599101046638154
      vertex 8.899186938124423 -19.331436045975227 26.58944902322361
      vertex 7.767534539408415 -16.227584811170008 29.9179219680002
    endloop
  endfacet
  facet normal -2.7544228588178687e-16 -0.7313537016191702 0.6819983600624987
    outer loop
      vertex 7.767534539408415 -16.227584811170008 29.9179219680002
      vertex 8.899186938124423 -19.331436045975227 26.58944902322361
      vertex 8 -14.92188168651895 31.318117143457453
    endloop
  endfacet
  facet normal 2.8672980362477597e-15 -0.7313537016191706 0.6819983600624984
    outer loop
      vertex 8.899186938124423 -19.331436045975227 26.58944902322361
      vertex 10.049000034068609 -17.973212645624187 28.04596529898339
      vertex 8.899186938124423 -10.512327327062675 36.0467852636913
    endloop
  endfacet
  facet normal -0.9350162426854148 0.24183995143315684 0.2593415967508063
    outer loop
      vertex 7.08364820522568 -17.45740521625409 28.599101046638154
      vertex 7.767534539408415 -16.227584811170008 29.9179219680002
      vertex 7.08364820522568 -0.6362700790131667 12.913138765200685
    endloop
  endfacet
  facet normal -0.9927088740980541 0.0822058182615082 0.08815494728561706
    outer loop
      vertex 7.767534539408415 -16.227584811170008 29.9179219680002
      vertex 8 -14.92188168651895 31.318117143457453
      vertex 7.767534539408415 0.5935503260709148 14.231959686562735
    endloop
  endfacet
  facet normal -0.9927088740980541 -0.082205818261508 -0.08815494728561682
    outer loop
      vertex 8 -14.92188168651895 31.318117143457453
      vertex 7.767534539408416 -13.616178561867894 32.718312318914705
      vertex 8 1.8992534507219716 15.632154862019986
    endloop
  endfacet
  facet normal -0.9350162426854145 -0.2418399514331573 -0.25934159675080676
    outer loop
      vertex 7.083648205225679 -12.386358156783809 34.03713324027675
      vertex 7.767534539408416 3.204956575373026 17.032350037477237
      vertex 7.767534539408416 -13.616178561867894 32.718312318914705
    endloop
  endfacet
  facet normal -7.011134673784419e-15 -0.7313537016191706 0.6819983600624984
    outer loop
      vertex 7.083648205225679 -12.386358156783809 34.03713324027675
      vertex 7.767534539408416 -13.616178561867894 32.718312318914705
      vertex 7.360436669947441 -9.34682261160929 37.296636051929724
    endloop
  endfacet
  facet normal -5.524695862095639e-15 -0.7313537016191709 0.681998360062498
    outer loop
      vertex 8 -14.92188168651895 31.318117143457453
      vertex 8.899186938124423 -19.331436045975227 26.58944902322361
      vertex 7.360436669947441 -9.34682261160929 37.296636051929724
    endloop
  endfacet
  facet normal 2.496912182256969e-14 -0.7313537016191693 0.6819983600624998
    outer loop
      vertex 8 -14.92188168651895 31.318117143457453
      vertex 7.360436669947441 -9.34682261160929 37.296636051929724
      vertex 7.767534539408416 -13.616178561867894 32.718312318914705
    endloop
  endfacet
  facet normal -1.874735483532235e-15 -0.7313537016191706 0.6819983600624984
    outer loop
      vertex 7.360436669947441 -9.34682261160929 37.296636051929724
      vertex 8.899186938124423 -19.331436045975227 26.58944902322361
      vertex 8.899186938124423 -10.512327327062675 36.0467852636913
    endloop
  endfacet
  facet normal 1.6688722368013223e-15 -0.731353701619171 0.681998360062498
    outer loop
      vertex 5.988085985368809 -11.303893162994896 35.19793482931305
      vertex 7.083648205225679 -12.386358156783809 34.03713324027675
      vertex 7.360436669947441 -9.34682261160929 37.296636051929724
    endloop
  endfacet
  facet normal 1.3812012664908544e-15 -0.7313537016191706 0.6819983600624983
    outer loop
      vertex 10.049000034068609 -17.973212645624187 28.04596529898339
      vertex 10.049000034068609 -11.870550727413711 34.590268987931516
      vertex 8.899186938124423 -10.512327327062675 36.0467852636913
    endloop
  endfacet
  facet normal 2.793538243108243e-15 -0.7313537016191707 0.6819983600624983
    outer loop
      vertex 10.049000034068609 -17.973212645624187 28.04596529898339
      vertex 10.759623608071863 -16.48163144044981 29.645490311873296
      vertex 10.049000034068609 -11.870550727413711 34.590268987931516
    endloop
  endfacet
  facet normal 0.9510565162951536 -0.21074908339515655 -0.2260007226993482
    outer loop
      vertex 10.049000034068609 -17.973212645624187 28.04596529898339
      vertex 10.759623608071863 0.33950369679110654 13.959528030435829
      vertex 10.759623608071863 -16.48163144044981 29.645490311873296
    endloop
  endfacet
  facet normal 0.9945218953682733 -0.07128824052839268 -0.07644727853536175
    outer loop
      vertex 10.759623608071863 -16.48163144044981 29.645490311873296
      vertex 11 1.8992534507219716 15.632154862019986
      vertex 11 -14.92188168651895 31.318117143457453
    endloop
  endfacet
  facet normal 0.9945218953682733 0.07128824052839278 0.07644727853536189
    outer loop
      vertex 11 -14.92188168651895 31.318117143457453
      vertex 10.759623608071863 3.4590032046528365 17.30478169360414
      vertex 10.759623608071863 -13.362131932588087 32.9907439750416
    endloop
  endfacet
  facet normal 7.104481098141608e-15 -0.7313537016191703 0.6819983600624986
    outer loop
      vertex 10.759623608071863 -16.48163144044981 29.645490311873296
      vertex 10.759623608071863 -13.362131932588087 32.9907439750416
      vertex 10.049000034068609 -11.870550727413711 34.590268987931516
    endloop
  endfacet
  facet normal -1.2924888233448294e-14 -0.7313537016191703 0.6819983600624986
    outer loop
      vertex 10.759623608071863 -16.48163144044981 29.645490311873296
      vertex 11 -14.92188168651895 31.318117143457453
      vertex 10.759623608071863 -13.362131932588087 32.9907439750416
    endloop
  endfacet
  facet normal 0.7431448254773937 -0.4563459762043669 -0.4893711458272313
    outer loop
      vertex 7.360436669947441 -2.2130982209493473 8.289639233422717
      vertex 8.899186938124423 -1.0475935054959629 9.539490021661146
      vertex 7.360436669947441 -3.675805624187689 9.653635953547715
    endloop
  endfacet
  facet normal 0.7431448254773937 -0.4563459762043677 -0.4893711458272307
    outer loop
      vertex 7.360436669947441 -2.2130982209493473 8.289639233422717
      vertex 7.360436669947441 -2.0194456203036872 8.109055261850846
      vertex 8.899186938124423 -1.0475935054959629 9.539490021661146
    endloop
  endfacet
  facet normal 0.7431448254773939 -0.45634597620436684 -0.48937114582723135
    outer loop
      vertex 8.899186938124423 2.1634658190576195 6.545128759031921
      vertex 8.899186938124423 -1.0475935054959629 9.539490021661146
      vertex 7.360436669947441 -2.0194456203036872 8.109055261850846
    endloop
  endfacet
  facet normal 0.7431448254773938 -0.456345976204367 -0.4893711458272312
    outer loop
      vertex 7.360436669947441 -3.675805624187689 9.653635953547715
      vertex 8.899186938124423 -1.0475935054959629 9.539490021661146
      vertex 8.899186938124423 -2.5103009087343042 10.903486741786145
    endloop
  endfacet
  facet normal 0.866025403784439 -0.34099918003124885 -0.3656768508095846
    outer loop
      vertex 8.899186938124423 -2.5103009087343042 10.903486741786145
      vertex 8.899186938124423 -1.0475935054959629 9.539490021661146
      vertex 10.049000034068609 0.3106298948550752 10.996006297420927
    endloop
  endfacet
  facet normal 0.866025403784439 -0.3409991800312488 -0.36567685080958473
    outer loop
      vertex 8.899186938124423 -2.5103009087343042 10.903486741786145
      vertex 10.049000034068609 0.3106298948550752 10.996006297420927
      vertex 10.049000034068609 -1.1520775083832666 12.360003017545925
    endloop
  endfacet
  facet normal -0.9350162426854149 0.24183995143315667 0.2593415967508061
    outer loop
      vertex 7.767534539408415 -16.227584811170008 29.9179219680002
      vertex 7.767534539408415 0.5935503260709148 14.231959686562735
      vertex 7.08364820522568 -0.6362700790131667 12.913138765200685
    endloop
  endfacet
  facet normal -0.9927088740980539 0.08220581826150823 0.08815494728561707
    outer loop
      vertex 8 -14.92188168651895 31.318117143457453
      vertex 8 1.8992534507219716 15.632154862019986
      vertex 7.767534539408415 0.5935503260709148 14.231959686562735
    endloop
  endfacet
  facet normal -0.9927088740980541 -0.08220581826150815 -0.08815494728561696
    outer loop
      vertex 7.767534539408416 -13.616178561867894 32.718312318914705
      vertex 7.767534539408416 3.204956575373026 17.032350037477237
      vertex 8 1.8992534507219716 15.632154862019986
    endloop
  endfacet
  facet normal -0.7499769325939204 -0.2427765752277534 0.6153000366469168
    outer loop
      vertex 7.08364820522568 -0.6362700790131667 12.913138765200685
      vertex 7.767534539408415 0.5935503260709148 14.231959686562735
      vertex 5.755464166745865 1.301847986050514 12.058957563229306
    endloop
  endfacet
  facet normal -0.9350162426854149 0.24183995143315656 0.259341596750806
    outer loop
      vertex 7.08364820522568 0.8264373242251751 11.549142045075687
      vertex 7.767534539408415 2.0562577293092565 12.867962966437739
      vertex 7.08364820522568 4.071598409860845 8.522980375773553
    endloop
  endfacet
  facet normal 1.92129771383141e-15 0.7313537016191708 -0.6819983600624983
    outer loop
      vertex 7.08364820522568 0.8264373242251751 11.549142045075687
      vertex 7.083648205225679 5.897484383695453 16.987174238714292
      vertex 7.767534539408415 2.0562577293092565 12.867962966437739
    endloop
  endfacet
  facet normal -0.9350162426854149 0.2418399514331567 0.259341596750806
    outer loop
      vertex 7.767534539408415 2.0562577293092565 12.867962966437739
      vertex 7.767534539408415 7.2958656666457244 7.981949519424845
      vertex 7.360436669947441 5.311101167989206 8.365043596493294
    endloop
  endfacet
  facet normal -0.9350162426854148 0.24183995143315698 0.25934159675080615
    outer loop
      vertex 7.767534539408415 2.0562577293092565 12.867962966437739
      vertex 7.360436669947441 5.311101167989206 8.365043596493294
      vertex 7.08364820522568 4.071598409860845 8.522980375773553
    endloop
  endfacet
  facet normal -0.992708874098054 0.0822058182615084 0.08815494728561721
    outer loop
      vertex 7.767534539408415 2.0562577293092565 12.867962966437739
      vertex 8 3.361960853960313 14.268158141894988
      vertex 7.767534539408415 7.2958656666457244 7.981949519424845
    endloop
  endfacet
  facet normal -0.992708874098054 0.08220581826150825 0.08815494728561712
    outer loop
      vertex 8 3.361960853960313 14.268158141894988
      vertex 8 10.268796059748306 7.827430115030965
      vertex 7.767534539408415 7.2958656666457244 7.981949519424845
    endloop
  endfacet
  facet normal -0.9927088740980541 -0.08220581826150809 -0.08815494728561694
    outer loop
      vertex 8 3.361960853960313 14.268158141894988
      vertex 7.767534539408416 4.667663978611368 15.668353317352237
      vertex 8 10.268796059748306 7.827430115030965
    endloop
  endfacet
  facet normal 0.8660254037844392 -0.3409991800312488 -0.3656768508095848
    outer loop
      vertex 8.899186938124423 2.1634658190576195 6.545128759031921
      vertex 10.049000034068609 0.3106298948550752 10.996006297420927
      vertex 8.899186938124423 -1.0475935054959629 9.539490021661146
    endloop
  endfacet
  facet normal 0.866025403784439 -0.34099918003124874 -0.36567685080958473
    outer loop
      vertex 8.899186938124423 2.1634658190576195 6.545128759031921
      vertex 10.049000034068609 7.0380305661650695 4.722603680931725
      vertex 10.049000034068609 0.3106298948550752 10.996006297420927
    endloop
  endfacet
  facet normal -0.7962522171984469 -0.37081918247649465 0.4779911510833877
    outer loop
      vertex 6.311121813269337 2.3010770651813295 13.130499561835974
      vertex 7.767534539408415 0.5935503260709148 14.231959686562735
      vertex 8 1.8992534507219716 15.632154862019986
    endloop
  endfacet
  facet normal -0.796252217198447 -0.3708191824764939 0.47799115108338774
    outer loop
      vertex 6.311121813269337 2.3010770651813295 13.130499561835974
      vertex 8 1.8992534507219716 15.632154862019986
      vertex 6.5 3.361960853960313 14.268158141894988
    endloop
  endfacet
  facet normal -0.796252217198447 -0.5026938272293388 0.33657290840481635
    outer loop
      vertex 6.5 3.361960853960313 14.268158141894988
      vertex 8 1.8992534507219716 15.632154862019986
      vertex 6.311121813269338 4.422844642739295 15.405816721954002
    endloop
  endfacet
  facet normal -0.7962522171984471 -0.502693827229339 0.3365729084048158
    outer loop
      vertex 6.311121813269338 4.422844642739295 15.405816721954002
      vertex 8 1.8992534507219716 15.632154862019986
      vertex 7.767534539408416 3.204956575373026 17.032350037477237
    endloop
  endfacet
  facet normal -1.9956329620731366e-15 0.7313537016191701 -0.6819983600624988
    outer loop
      vertex 7.767534539408415 2.0562577293092565 12.867962966437739
      vertex 7.767534539408416 4.667663978611368 15.668353317352237
      vertex 8 3.361960853960313 14.268158141894988
    endloop
  endfacet
  facet normal -4.748464748577408e-15 0.7313537016191702 -0.6819983600624988
    outer loop
      vertex 7.767534539408415 2.0562577293092565 12.867962966437739
      vertex 7.083648205225679 5.897484383695453 16.987174238714292
      vertex 7.767534539408416 4.667663978611368 15.668353317352237
    endloop
  endfacet
  facet normal -0.7499769325939205 -0.6307364344780801 0.19926402284128583
    outer loop
      vertex 5.755464166745864 5.422073721870116 16.477358720560673
      vertex 7.767534539408416 3.204956575373026 17.032350037477237
      vertex 7.083648205225679 4.43477698045711 18.35117095883929
    endloop
  endfacet
  facet normal 0.8660254037844392 0.34099918003124857 0.36567685080958456
    outer loop
      vertex 10.049000034068609 6.413291813065551 17.54030998636905
      vertex 8.899186938124423 7.771515213416589 18.99682626212883
      vertex 10.049000034068609 4.950584409827209 18.904306706494047
    endloop
  endfacet
  facet normal 0.8660254037844392 0.34099918003124857 0.36567685080958456
    outer loop
      vertex 8.899186938124423 6.308807810178247 20.36082298225383
      vertex 10.049000034068609 4.950584409827209 18.904306706494047
      vertex 8.899186938124423 7.771515213416589 18.99682626212883
    endloop
  endfacet
  facet normal 0.9510565162951534 -0.21074908339515677 -0.22600072269934848
    outer loop
      vertex 10.049000034068609 -17.973212645624187 28.04596529898339
      vertex 10.049000034068609 -1.1520775083832666 12.360003017545925
      vertex 10.759623608071863 0.33950369679110654 13.959528030435829
    endloop
  endfacet
  facet normal 0.9945218953682733 -0.07128824052839261 -0.07644727853536165
    outer loop
      vertex 10.759623608071863 -16.48163144044981 29.645490311873296
      vertex 10.759623608071863 0.33950369679110654 13.959528030435829
      vertex 11 1.8992534507219716 15.632154862019986
    endloop
  endfacet
  facet normal 0.9945218953682733 0.07128824052839268 0.07644727853536176
    outer loop
      vertex 11 -14.92188168651895 31.318117143457453
      vertex 11 1.8992534507219716 15.632154862019986
      vertex 10.759623608071863 3.4590032046528365 17.30478169360414
    endloop
  endfacet
  facet normal 0.9510565162951534 -0.2107490833951568 -0.22600072269934862
    outer loop
      vertex 10.049000034068609 7.0380305661650695 4.722603680931725
      vertex 10.759623608071863 1.8022111000294483 12.59553131031083
      vertex 10.049000034068609 0.3106298948550752 10.996006297420927
    endloop
  endfacet
  facet normal 0.9510565162951534 -0.21074908339515688 -0.22600072269934857
    outer loop
      vertex 10.049000034068609 -1.1520775083832666 12.360003017545925
      vertex 10.049000034068609 0.3106298948550752 10.996006297420927
      vertex 10.759623608071863 1.8022111000294483 12.59553131031083
    endloop
  endfacet
  facet normal 0.9510565162951534 -0.21074908339515688 -0.22600072269934862
    outer loop
      vertex 10.049000034068609 -1.1520775083832666 12.360003017545925
      vertex 10.759623608071863 1.8022111000294483 12.59553131031083
      vertex 10.759623608071863 0.33950369679110654 13.959528030435829
    endloop
  endfacet
  facet normal 0.9945218953682732 -0.07128824052839258 -0.07644727853536164
    outer loop
      vertex 10.759623608071863 0.33950369679110654 13.959528030435829
      vertex 10.759623608071863 1.8022111000294483 12.59553131031083
      vertex 11 3.361960853960313 14.268158141894988
    endloop
  endfacet
  facet normal 0.9510565162951534 -0.21074908339515688 -0.22600072269934862
    outer loop
      vertex 10.049000034068609 7.0380305661650695 4.722603680931725
      vertex 10.759623608071863 12.391206750813248 2.7211331189088503
      vertex 10.759623608071863 1.8022111000294483 12.59553131031083
    endloop
  endfacet
  facet normal 0.9945218953682732 -0.0712882405283926 -0.07644727853536161
    outer loop
      vertex 10.759623608071863 0.33950369679110654 13.959528030435829
      vertex 11 3.361960853960313 14.268158141894988
      vertex 11 1.8992534507219716 15.632154862019986
    endloop
  endfacet
  facet normal 0.9945218953682734 0.07128824052839257 0.07644727853536161
    outer loop
      vertex 11 3.361960853960313 14.268158141894988
      vertex 10.759623608071863 4.921710607891177 15.940784973479147
      vertex 11 1.8992534507219716 15.632154862019986
    endloop
  endfacet
  facet normal 0.9945218953682734 0.07128824052839255 0.07644727853536176
    outer loop
      vertex 11 1.8992534507219716 15.632154862019986
      vertex 10.759623608071863 4.921710607891177 15.940784973479147
      vertex 10.759623608071863 3.4590032046528365 17.30478169360414
    endloop
  endfacet
  facet normal 0.9510565162951534 0.2107490833951563 0.22600072269934895
    outer loop
      vertex 10.049000034068609 4.950584409827209 18.904306706494047
      vertex 10.759623608071863 3.4590032046528365 17.30478169360414
      vertex 10.379522626628262 5.039204088222426 17.430761943222585
    endloop
  endfacet
  facet normal 0.951056516295153 0.21074908339515896 0.22600072269934815
    outer loop
      vertex 10.379522626628262 5.039204088222426 17.430761943222585
      vertex 10.759623608071863 4.921710607891177 15.940784973479147
      vertex 10.36483273362561 5.7503668329880515 16.8294099806402
    endloop
  endfacet
  facet normal 0.9510565162951534 0.21074908339515638 0.22600072269934848
    outer loop
      vertex 10.759623608071863 3.4590032046528365 17.30478169360414
      vertex 10.759623608071863 4.921710607891177 15.940784973479147
      vertex 10.379522626628262 5.039204088222426 17.430761943222585
    endloop
  endfacet
  facet normal 0.9510565162951539 0.21074908339515752 0.2260007226993464
    outer loop
      vertex 10.049000034068609 6.413291813065551 17.54030998636905
      vertex 10.379522626628262 5.039204088222426 17.430761943222585
      vertex 10.36483273362561 5.7503668329880515 16.8294099806402
    endloop
  endfacet
  facet normal 0.9510565162951533 0.21074908339515716 0.22600072269934895
    outer loop
      vertex 10.049000034068609 6.413291813065551 17.54030998636905
      vertex 10.049000034068609 4.950584409827209 18.904306706494047
      vertex 10.379522626628262 5.039204088222426 17.430761943222585
    endloop
  endfacet
  facet normal -0.9350162426854148 -0.2418399514331567 -0.25934159675080615
    outer loop
      vertex 7.083648205225679 -12.386358156783809 34.03713324027675
      vertex 7.083648205225679 4.43477698045711 18.35117095883929
      vertex 7.767534539408416 3.204956575373026 17.032350037477237
    endloop
  endfacet
  facet normal 0.866025403784439 0.34099918003124874 0.36567685080958473
    outer loop
      vertex 8.899186938124423 -10.512327327062675 36.0467852636913
      vertex 10.049000034068609 -11.870550727413711 34.590268987931516
      vertex 8.899186938124423 6.308807810178247 20.36082298225383
    endloop
  endfacet
  facet normal 0.8660254037844395 0.3409991800312484 0.36567685080958423
    outer loop
      vertex 10.049000034068609 -11.870550727413711 34.590268987931516
      vertex 10.049000034068609 4.950584409827209 18.904306706494047
      vertex 8.899186938124423 6.308807810178247 20.36082298225383
    endloop
  endfacet
  facet normal 0.7431448254773932 0.45634597620436734 0.48937114582723196
    outer loop
      vertex 7.360436669947441 -9.34682261160929 37.296636051929724
      vertex 8.899186938124423 -10.512327327062675 36.0467852636913
      vertex 7.360436669947441 7.474312525631632 21.61067377049226
    endloop
  endfacet
  facet normal 0.7431448254773938 0.45634597620436684 0.48937114582723135
    outer loop
      vertex 8.899186938124423 -10.512327327062675 36.0467852636913
      vertex 8.899186938124423 6.308807810178247 20.36082298225383
      vertex 7.360436669947441 7.474312525631632 21.61067377049226
    endloop
  endfacet
  facet normal 0.9510565162951538 0.21074908339515613 0.22600072269934776
    outer loop
      vertex 10.759623608071863 -13.362131932588087 32.9907439750416
      vertex 10.049000034068609 4.950584409827209 18.904306706494047
      vertex 10.049000034068609 -11.870550727413711 34.590268987931516
    endloop
  endfacet
  facet normal 0.9510565162951534 0.21074908339515658 0.22600072269934837
    outer loop
      vertex 10.759623608071863 -13.362131932588087 32.9907439750416
      vertex 10.759623608071863 3.4590032046528365 17.30478169360414
      vertex 10.049000034068609 4.950584409827209 18.904306706494047
    endloop
  endfacet
  facet normal -0.23931566428759452 -0.033885380755506414 0.9703503459048395
    outer loop
      vertex 2.8173473028402647 10.769880706678766 -7.11340411447159
      vertex 2.8368390963402854 10.770767341310231 -7.108565928468456
      vertex 2.8368390963402876 10.774514408141487 -7.108435078011372
    endloop
  endfacet
  facet normal -0.46472317204377045 -0.030901969647489615 0.8849166297666022
    outer loop
      vertex 2.8368390963402854 10.770767341310231 -7.108565928468456
      vertex 3.3991869381244215 10.634442874641229 -6.818003665713271
      vertex 4.544517973849247 11.638948457184792 -6.181443051937389
    endloop
  endfacet
  facet normal -0.4647231720437685 -0.030901969647492502 0.8849166297666031
    outer loop
      vertex 3.3991869381244215 10.634442874641229 -6.818003665713271
      vertex 4.544517973849246 10.733430907129167 -6.2130644215736135
      vertex 4.544517973849247 11.638948457184792 -6.181443051937389
    endloop
  endfacet
  facet normal -0.46472317204385694 -0.030901969647278815 0.8849166297665642
    outer loop
      vertex 2.8368390963402854 10.770767341310231 -7.108565928468456
      vertex 4.544517973849247 11.638948457184792 -6.181443051937389
      vertex 2.8368390963402876 10.774514408141487 -7.108435078011372
    endloop
  endfacet
  facet normal -0.663122658240796 -0.026122648387582183 0.7480547756473981
    outer loop
      vertex 4.544517973849246 10.733430907129167 -6.2130644215736135
      vertex 5.767955340253929 12.684332569602452 -5.060405839823765
      vertex 4.544517973849247 11.638948457184792 -6.181443051937389
    endloop
  endfacet
  facet normal -0.6631226582407946 -0.026122648387583783 0.7480547756473993
    outer loop
      vertex 4.544517973849246 10.733430907129167 -6.2130644215736135
      vertex 5.5 10.459172796301685 -5.375642546492804
      vertex 5.9880859853688095 12.872426447865795 -4.858699850226964
    endloop
  endfacet
  facet normal -0.6631226582407956 -0.026122648387582135 0.7480547756473985
    outer loop
      vertex 4.544517973849246 10.733430907129167 -6.2130644215736135
      vertex 5.9880859853688095 12.872426447865795 -4.858699850226964
      vertex 5.767955340253929 12.684332569602452 -5.060405839823765
    endloop
  endfacet
  facet normal -0.6631226582407943 -0.02612264838758396 0.7480547756473998
    outer loop
      vertex 5.5 10.459172796301685 -5.375642546492804
      vertex 5.988085985368809 10.513135148572008 -4.941088117853489
      vertex 5.9880859853688095 12.872426447865795 -4.858699850226964
    endloop
  endfacet
  facet normal -0.8229838658936565 -0.019825173755350943 0.5677186970360429
    outer loop
      vertex 5.988085985368809 10.513135148572008 -4.941088117853489
      vertex 6.245532051347992 13.232157618304992 -4.472935399027412
      vertex 5.9880859853688095 12.872426447865795 -4.858699850226964
    endloop
  endfacet
  facet normal -0.8229838658936566 0.019825173755350766 -0.5677186970360425
    outer loop
      vertex 5.988085985368808 23.105643324821656 6.115081731517001
      vertex 6.573097946931968 22.288202060556756 5.238483297436308
      vertex 6.308314371422719 22.022003415019885 5.613026495161995
    endloop
  endfacet
  facet normal -0.992708874098054 0.004206669475101103 -0.12046325256650414
    outer loop
      vertex 8 7.439370820086286 0.259788553571867
      vertex 7.767534539408415 13.302961579134397 2.3802419571532734
      vertex 8 8.494822029662314 0.296645721971258
    endloop
  endfacet
  facet normal -0.9350162426854154 0.01237553208603154 -0.354388871326451
    outer loop
      vertex 7.767534539408415 5.094297920669474 2.0935891057007345
      vertex 7.631989771542447 5.846444286790896 2.4774746677496413
      vertex 7.514349280326985 11.668928588561867 2.991181858101082
    endloop
  endfacet
  facet normal -0.992708874098054 0.004206669475101054 -0.12046325256650398
    outer loop
      vertex 7.767534539408415 5.094297920669474 2.0935891057007345
      vertex 7.767534539408415 13.302961579134397 2.3802419571532734
      vertex 8 7.439370820086286 0.259788553571867
    endloop
  endfacet
  facet normal -0.9350162426854153 0.012375532086031595 -0.35438887132645136
    outer loop
      vertex 7.767534539408415 5.094297920669474 2.0935891057007345
      vertex 7.514349280326985 11.668928588561867 2.991181858101082
      vertex 7.767534539408415 13.302961579134397 2.3802419571532734
    endloop
  endfacet
  facet normal -0.992708874098054 0.004206669475101079 -0.12046325256650409
    outer loop
      vertex 8 8.494822029662314 0.296645721971258
      vertex 7.767534539408415 13.302961579134397 2.3802419571532734
      vertex 8 12.492385337738696 0.4362437087812619
    endloop
  endfacet
  facet normal -0.9927088740980539 0.00420666947510108 -0.12046325256650406
    outer loop
      vertex 8 12.492385337738696 0.4362437087812619
      vertex 7.767534539408415 13.302961579134397 2.3802419571532734
      vertex 8 17.989034886343724 0.6281909406450175
    endloop
  endfacet
  facet normal -0.9927088740980539 0.004206669475101599 -0.1204632525665043
    outer loop
      vertex 8 17.989034886343724 0.6281909406450175
      vertex 7.767534539408416 18.714758179351016 2.5692260587656537
      vertex 7.915756230553583 18.56960642961297 1.3426977157181368
    endloop
  endfacet
  facet normal -0.9350162426854158 0.01237553208603137 -0.35438887132645025
    outer loop
      vertex 7.378637633905743 19.103462059237547 3.6088618106829466
      vertex 7.25345115030399 20.864681839478237 4.000655793698095
      vertex 7.767534539408416 18.714758179351016 2.5692260587656537
    endloop
  endfacet
  facet normal -0.9350162426854141 0.012375532086034782 -0.35438887132645475
    outer loop
      vertex 7.544299619287634 20.232043695779904 3.211191736153364
      vertex 7.767534539408416 18.714758179351016 2.5692260587656537
      vertex 7.25345115030399 20.864681839478237 4.000655793698095
    endloop
  endfacet
  facet normal -0.9927088740980539 0.00420666947510133 -0.1204632525665043
    outer loop
      vertex 7.915756230553583 18.56960642961297 1.3426977157181368
      vertex 7.767534539408416 18.714758179351016 2.5692260587656537
      vertex 7.767534539408415 19.648774657940315 2.601842632915974
    endloop
  endfacet
  facet normal -0.9350162426854144 0.012375532086034383 -0.35438887132645386
    outer loop
      vertex 7.544299619287634 20.232043695779904 3.211191736153364
      vertex 7.767534539408415 19.648774657940315 2.601842632915974
      vertex 7.767534539408416 18.714758179351016 2.5692260587656537
    endloop
  endfacet
  facet normal -0.9350162426854141 0.012375532086035835 -0.35438887132645486
    outer loop
      vertex 7.544299619287634 20.232043695779904 3.211191736153364
      vertex 7.767534539408415 19.751516470585138 2.6054304560725092
      vertex 7.767534539408415 19.648774657940315 2.601842632915974
    endloop
  endfacet
  facet normal 0.9945218953682734 -0.07128824052839258 -0.07644727853536165
    outer loop
      vertex 10.759623608071863 1.8022111000294483 12.59553131031083
      vertex 10.759623608071863 12.391206750813248 2.7211331189088503
      vertex 11 17.989034886343724 0.6281909406450175
    endloop
  endfacet
  facet normal -0.4647231720437716 -0.6038795574029456 -0.6475815419824731
    outer loop
      vertex 2.8368390963402854 8.463397207106327 19.738778863191204
      vertex 2.8368390963402854 17.61710841658206 11.202805066207661
      vertex 3.3991869381244215 17.323597039603754 11.07295184008563
    endloop
  endfacet
  facet normal 0 0.7313537016191712 -0.6819983600624978
    outer loop
      vertex -0.9642934420425839 8.77816744719521 20.076328619509475
      vertex 0.9642934420425839 8.77816744719521 20.076328619509475
      vertex 0.7834884216595994 7.762628710963669 18.987296654956758
    endloop
  endfacet
  facet normal 0 -0.9837876843806124 -0.17933709058929378
    outer loop
      vertex -0.9642934420425839 7.31546004395687 21.440325339634473
      vertex 0.7834884216595994 7.762628710963669 18.987296654956758
      vertex 0.9642934420425839 7.31546004395687 21.440325339634473
    endloop
  endfacet
  facet normal 2.022196796641372e-15 0.731353701619171 -0.6819983600624978
    outer loop
      vertex 0.7834884216595994 7.762628710963669 18.987296654956758
      vertex 0.9642934420425839 8.77816744719521 20.076328619509475
      vertex 2.304931765776482 7.506877890891451 18.713037477948163
    endloop
  endfacet
  facet normal -0.1919551978140837 -0.9678919524922542 -0.1622910050892771
    outer loop
      vertex 0.7834884216595994 7.762628710963669 18.987296654956758
      vertex 2.304931765776482 7.506877890891451 18.713037477948163
      vertex 0.9642934420425839 7.31546004395687 21.440325339634473
    endloop
  endfacet
  facet normal -0.23931566428755785 -0.6621807272006692 -0.7101018922313879
    outer loop
      vertex 0.9642934420425839 8.77816744719521 20.076328619509475
      vertex 1.1498130959441881 17.833916227129848 11.569183183418874
      vertex 2.8368390963402854 8.463397207106327 19.738778863191204
    endloop
  endfacet
  facet normal 0 0.6819983600624985 0.7313537016191706
    outer loop
      vertex -1.1498130959441881 10.822846172521825 22.26897810660289
      vertex 1.1498130959441881 10.822846172521825 22.26897810660289
      vertex 1.1498130959441881 22.1358720654178 11.719410791611406
    endloop
  endfacet
  facet normal 1.6237050749502785e-15 0.7313537016191709 -0.681998360062498
    outer loop
      vertex 0.9642934420425839 8.77816744719521 20.076328619509475
      vertex 2.8368390963402854 8.463397207106327 19.738778863191204
      vertex 2.304931765776482 7.506877890891451 18.713037477948163
    endloop
  endfacet
  facet normal -3.8064880877955305e-16 0.7313537016191713 -0.6819983600624976
    outer loop
      vertex 2.304931765776482 7.506877890891451 18.713037477948163
      vertex 2.8368390963402854 8.463397207106327 19.738778863191204
      vertex 3.692420853752512 7.010239558793212 18.180458070407163
    endloop
  endfacet
  facet normal -0.2393156642875582 -0.6621807272006692 -0.710101892231388
    outer loop
      vertex 1.1498130959441881 17.833916227129848 11.569183183418874
      vertex 2.8368390963402854 17.61710841658206 11.202805066207661
      vertex 2.8368390963402854 8.463397207106327 19.738778863191204
    endloop
  endfacet
  facet normal 0.207911690817759 0.6670950595995229 0.7153718685265793
    outer loop
      vertex 1.1498130959441881 10.822846172521825 22.26897810660289
      vertex 3.3991869381244215 10.496769682800839 21.919303881951418
      vertex 1.1498130959441881 22.1358720654178 11.719410791611406
    endloop
  endfacet
  facet normal -0.23931566428755735 0.03388538075557997 -0.9703503459048461
    outer loop
      vertex 2.450821266102895 20.86053171428649 8.308358076403453
      vertex 2.3046361345167994 22.078496190411325 8.386943694697475
      vertex 2.8368390963402854 20.824465942129564 8.211895786997454
    endloop
  endfacet
  facet normal -0.23931566428754672 0.03388538075558478 -0.9703503459048486
    outer loop
      vertex 2.8368390963402854 20.824465942129564 8.211895786997454
      vertex 2.3046361345167994 22.078496190411325 8.386943694697475
      vertex 2.3100419960088083 22.217029719449204 8.390448154771311
    endloop
  endfacet
  facet normal 0 -0.6819983600624985 -0.7313537016191705
    outer loop
      vertex -0.9642934420425825 17.89854385299777 11.571440029844606
      vertex 0.9642934420425839 17.89854385299777 11.571440029844606
      vertex 0.9642934420425839 8.77816744719521 20.076328619509475
    endloop
  endfacet
  facet normal -0.2393156642875601 -0.6621807272006689 -0.7101018922313875
    outer loop
      vertex 0.9642934420425839 8.77816744719521 20.076328619509475
      vertex 0.9642934420425839 17.89854385299777 11.571440029844606
      vertex 1.1498130959441881 17.833916227129848 11.569183183418874
    endloop
  endfacet
  facet normal 0.20791169081776112 0.6670950595995228 0.7153718685265787
    outer loop
      vertex 3.3991869381244215 10.496769682800839 21.919303881951418
      vertex 3.3991869381244215 21.954635381959744 11.234671262546488
      vertex 1.1498130959441881 22.1358720654178 11.719410791611406
    endloop
  endfacet
  facet normal -0.4647231720437685 -0.603879557402947 -0.647581541982474
    outer loop
      vertex 4.544517973849246 7.852150029139266 19.083296515448435
      vertex 3.3991869381244215 17.323597039603754 11.07295184008563
      vertex 4.544517973849248 17.001428402941286 10.551456404604991
    endloop
  endfacet
  facet normal -0.6631226582407943 -0.5104831027418455 -0.5474261063766699
    outer loop
      vertex 4.544517973849246 7.852150029139266 19.083296515448435
      vertex 4.544517973849248 17.001428402941286 10.551456404604991
      vertex 5.5 16.24504499702507 10.099375602675634
    endloop
  endfacet
  facet normal -0.6631226582407971 -0.5104831027418435 -0.5474261063766683
    outer loop
      vertex 5.988085985368809 6.979949377484369 18.147975827750585
      vertex 5.5 16.24504499702507 10.099375602675634
      vertex 5.988085985368809 16.000677544758197 9.736010723820801
    endloop
  endfacet
  facet normal -0.8229838658936562 -0.3874192256799669 -0.4154562552811875
    outer loop
      vertex 5.988085985368809 6.979949377484369 18.147975827750585
      vertex 5.988085985368809 16.000677544758197 9.736010723820801
      vertex 7.08364820522568 14.580677662969727 8.889965509941876
    endloop
  endfacet
  facet normal -1.0824700499668533e-15 0.7313537016191711 -0.6819983600624977
    outer loop
      vertex 3.692420853752512 7.010239558793212 18.180458070407163
      vertex 2.8368390963402854 8.463397207106327 19.738778863191204
      vertex 4.544517973849246 7.852150029139266 19.083296515448435
    endloop
  endfacet
  facet normal 0.4067366430758003 0.6230365039547984 0.6681248520442952
    outer loop
      vertex 3.3991869381244215 9.034062279562496 23.283300602076416
      vertex 5.5 9.858867810648265 21.235237874188837
      vertex 3.3991869381244215 10.496769682800839 21.919303881951418
    endloop
  endfacet
  facet normal 0.40673664307580093 0.6230365039547978 0.6681248520442955
    outer loop
      vertex 3.3991869381244215 9.034062279562496 23.283300602076416
      vertex 5.5 8.396160407409925 22.59923459431383
      vertex 5.5 9.858867810648265 21.235237874188837
    endloop
  endfacet
  facet normal -0.4647231720437675 -0.6038795574029472 -0.6475815419824745
    outer loop
      vertex 2.8368390963402854 8.463397207106327 19.738778863191204
      vertex 3.3991869381244215 17.323597039603754 11.07295184008563
      vertex 4.544517973849246 7.852150029139266 19.083296515448435
    endloop
  endfacet
  facet normal 0.40673664307580043 0.6230365039547984 0.6681248520442952
    outer loop
      vertex 3.3991869381244215 10.496769682800839 21.919303881951418
      vertex 5.5 9.858867810648265 21.235237874188837
      vertex 5.5 21.600082927780857 10.286377647875122
    endloop
  endfacet
  facet normal -0.6631226582407961 -0.5104831027418442 -0.547426106376669
    outer loop
      vertex 4.544517973849246 7.852150029139266 19.083296515448435
      vertex 5.5 16.24504499702507 10.099375602675634
      vertex 5.988085985368809 6.979949377484369 18.147975827750585
    endloop
  endfacet
  facet normal -0.8229838658936559 -0.3874192256799672 -0.4154562552811879
    outer loop
      vertex 7.083648205225679 5.897484383695453 16.987174238714292
      vertex 5.988085985368809 6.979949377484369 18.147975827750585
      vertex 7.08364820522568 14.580677662969727 8.889965509941876
    endloop
  endfacet
  facet normal 0.5877852522924734 0.5517482634264051 0.5916775735089337
    outer loop
      vertex 5.5 9.858867810648265 21.235237874188837
      vertex 5.5 8.396160407409925 22.59923459431383
      vertex 7.360436669947441 8.937019928869972 20.24667705036726
    endloop
  endfacet
  facet normal 0.5877852522924727 0.5517482634264063 0.5916775735089335
    outer loop
      vertex 5.5 8.396160407409925 22.59923459431383
      vertex 7.360436669947441 7.474312525631632 21.61067377049226
      vertex 7.360436669947441 8.937019928869972 20.24667705036726
    endloop
  endfacet
  facet normal 0.5877852522924735 0.5517482634264056 0.5916775735089334
    outer loop
      vertex 5.5 9.858867810648265 21.235237874188837
      vertex 7.360436669947441 8.937019928869972 20.24667705036726
      vertex 7.360436669947441 21.087710346460177 8.915974928976071
    endloop
  endfacet
  facet normal -0.46472317204376945 0.030901969647493845 -0.8849166297666027
    outer loop
      vertex 4.005330671376378 20.59199811033943 7.590132327444989
      vertex 2.8368390963402854 20.824465942129564 8.211895786997454
      vertex 4.050116533401849 21.850907329058032 7.610574644827331
    endloop
  endfacet
  facet normal 0.5877852522924735 0.5517482634264056 0.5916775735089334
    outer loop
      vertex 5.5 9.858867810648265 21.235237874188837
      vertex 7.360436669947441 21.087710346460177 8.915974928976071
      vertex 5.5 21.600082927780857 10.286377647875122
    endloop
  endfacet
  facet normal -0.8229838658936567 0.0198251737553508 -0.5677186970360428
    outer loop
      vertex 5.988085985368809 21.242227512839495 6.050009817479493
      vertex 5.988085985368808 23.105643324821656 6.115081731517001
      vertex 6.308314371422719 22.022003415019885 5.613026495161995
    endloop
  endfacet
  facet normal 0.40673664307579954 0.6230365039547987 0.6681248520442954
    outer loop
      vertex 3.3991869381244215 10.496769682800839 21.919303881951418
      vertex 5.5 21.600082927780857 10.286377647875122
      vertex 3.3991869381244215 21.954635381959744 11.234671262546488
    endloop
  endfacet
  facet normal 0 0.6819983600624979 0.7313537016191709
    outer loop
      vertex -1.1498130959441881 9.360138769283484 23.632974826727885
      vertex 1.1498130959441881 9.360138769283484 23.632974826727885
      vertex 1.1498130959441881 10.822846172521825 22.26897810660289
    endloop
  endfacet
  facet normal 0.20791169081775904 0.6670950595995226 0.7153718685265797
    outer loop
      vertex 1.1498130959441881 9.360138769283484 23.632974826727885
      vertex 3.3991869381244215 10.496769682800839 21.919303881951418
      vertex 1.1498130959441881 10.822846172521825 22.26897810660289
    endloop
  endfacet
  facet normal 0.20791169081775845 0.6670950595995232 0.7153718685265794
    outer loop
      vertex 1.1498130959441881 9.360138769283484 23.632974826727885
      vertex 3.3991869381244215 9.034062279562496 23.283300602076416
      vertex 3.3991869381244215 10.496769682800839 21.919303881951418
    endloop
  endfacet
  facet normal -0.23931566428755666 0.033885380755580743 -0.9703503459048463
    outer loop
      vertex 2.8368390963402854 20.824465942129564 8.211895786997454
      vertex 2.3100419960088083 22.217029719449204 8.390448154771311
      vertex 2.8173473028402642 25.208189066008682 8.369785995761625
    endloop
  endfacet
  facet normal -0.2393156642875595 0.03388538075558071 -0.9703503459048456
    outer loop
      vertex 2.8368390963402854 20.824465942129564 8.211895786997454
      vertex 2.8173473028402642 25.208189066008682 8.369785995761625
      vertex 2.8368390963402854 25.203555364545963 8.364816959301407
    endloop
  endfacet
  facet normal -0.46472317204376934 0.03090196964749373 -0.8849166297666027
    outer loop
      vertex 4.050116533401849 21.850907329058032 7.610574644827331
      vertex 2.8368390963402854 20.824465942129564 8.211895786997454
      vertex 2.8368390963402854 25.203555364545963 8.364816959301407
    endloop
  endfacet
  facet normal -0.46472317204376845 0.030901969647494074 -0.884916629766603
    outer loop
      vertex 4.050116533401849 21.850907329058032 7.610574644827331
      vertex 2.8368390963402854 25.203555364545963 8.364816959301407
      vertex 3.4913270624707757 24.872250872780164 8.009536388841134
    endloop
  endfacet
  facet normal -0.6631226582407953 0.026122648387583797 -0.7480547756473989
    outer loop
      vertex 5.988085985368809 21.242227512839495 6.050009817479493
      vertex 5.584413811179335 22.366143262780973 6.447098146876601
      vertex 5.988085985368808 23.105643324821656 6.115081731517001
    endloop
  endfacet
  facet normal -0.6631226582407955 0.02612264838758404 -0.7480547756473986
    outer loop
      vertex 5.080359042621845 23.881264006695815 6.946833081606863
      vertex 5.988085985368808 23.105643324821656 6.115081731517001
      vertex 5.584413811179335 22.366143262780973 6.447098146876601
    endloop
  endfacet
  facet normal -0.9350162426854149 -0.2418399514331566 -0.2593415967508059
    outer loop
      vertex 7.083648205225679 5.897484383695453 16.987174238714292
      vertex 7.767534539408416 12.707662266862336 8.170933621037232
      vertex 7.767534539408416 4.667663978611368 15.668353317352237
    endloop
  endfacet
  facet normal -0.935016242685415 -0.24183995143315654 -0.259341596750806
    outer loop
      vertex 7.083648205225679 5.897484383695453 16.987174238714292
      vertex 7.360436669947441 13.757163558167282 8.659986594333624
      vertex 7.767534539408416 12.707662266862336 8.170933621037232
    endloop
  endfacet
  facet normal -0.9927088740980541 -0.08220581826150822 -0.08815494728561704
    outer loop
      vertex 7.767534539408416 4.667663978611368 15.668353317352237
      vertex 7.767534539408416 12.707662266862336 8.170933621037232
      vertex 8 10.268796059748306 7.827430115030965
    endloop
  endfacet
  facet normal -0.9350162426854152 -0.24183995143315626 -0.2593415967508057
    outer loop
      vertex 7.083648205225679 5.897484383695453 16.987174238714292
      vertex 7.08364820522568 14.580677662969727 8.889965509941876
      vertex 7.360436669947441 13.757163558167282 8.659986594333624
    endloop
  endfacet
  facet normal 0.8660254037844393 0.34099918003124857 0.36567685080958456
    outer loop
      vertex 10.049000034068609 6.413291813065551 17.54030998636905
      vertex 10.049000034068609 19.68499617332367 5.164245451669371
      vertex 8.899186938124423 7.771515213416589 18.99682626212883
    endloop
  endfacet
  facet normal 0.7431448254773935 0.456345976204367 0.48937114582723157
    outer loop
      vertex 8.899186938124423 6.308807810178247 20.36082298225383
      vertex 8.899186938124423 7.771515213416589 18.99682626212883
      vertex 7.360436669947441 8.937019928869972 20.24667705036726
    endloop
  endfacet
  facet normal 0.7431448254773938 0.4563459762043672 0.4893711458272312
    outer loop
      vertex 8.899186938124423 6.308807810178247 20.36082298225383
      vertex 7.360436669947441 8.937019928869972 20.24667705036726
      vertex 7.360436669947441 7.474312525631632 21.61067377049226
    endloop
  endfacet
  facet normal 0.7431448254773935 0.4563459762043671 0.48937114582723157
    outer loop
      vertex 8.899186938124423 20.439910778437856 7.183356280587053
      vertex 7.360436669947441 8.937019928869972 20.24667705036726
      vertex 8.899186938124423 7.771515213416589 18.99682626212883
    endloop
  endfacet
  facet normal 0.7431448254773937 0.45634597620436684 0.48937114582723135
    outer loop
      vertex 8.899186938124423 20.439910778437856 7.183356280587053
      vertex 7.360436669947441 21.087710346460177 8.915974928976071
      vertex 7.360436669947441 8.937019928869972 20.24667705036726
    endloop
  endfacet
  facet normal 0.866025403784439 0.3409991800312487 0.3656768508095846
    outer loop
      vertex 8.899186938124423 20.439910778437856 7.183356280587053
      vertex 8.899186938124423 7.771515213416589 18.99682626212883
      vertex 10.049000034068609 19.68499617332367 5.164245451669371
    endloop
  endfacet
  facet normal 0.9945218953682733 -0.07128824052839258 -0.07644727853536165
    outer loop
      vertex 10.759623608071863 1.8022111000294483 12.59553131031083
      vertex 11 17.989034886343724 0.6281909406450175
      vertex 11 3.361960853960313 14.268158141894988
    endloop
  endfacet
  facet normal 0.9945218953682733 0.07128824052839254 0.07644727853536162
    outer loop
      vertex 11 3.361960853960313 14.268158141894988
      vertex 11 17.989034886343724 0.6281909406450175
      vertex 10.759623608071863 4.921710607891177 15.940784973479147
    endloop
  endfacet
  facet normal 0.951056516295153 0.21074908339515763 0.22600072269934943
    outer loop
      vertex 10.36483273362561 5.7503668329880515 16.8294099806402
      vertex 10.759623608071863 4.921710607891177 15.940784973479147
      vertex 10.759623608071863 18.855959921843294 2.9468872742154355
    endloop
  endfacet
  facet normal 0.9510565162951536 0.21074908339515602 0.2260007226993477
    outer loop
      vertex 10.049000034068609 6.413291813065551 17.54030998636905
      vertex 10.36483273362561 5.7503668329880515 16.8294099806402
      vertex 10.049000034068609 19.68499617332367 5.164245451669371
    endloop
  endfacet
  facet normal 0.9945218953682734 0.07128824052839261 0.07644727853536167
    outer loop
      vertex 10.759623608071863 4.921710607891177 15.940784973479147
      vertex 11 17.989034886343724 0.6281909406450175
      vertex 10.759623608071863 18.855959921843294 2.9468872742154355
    endloop
  endfacet
  facet normal 0.9510565162951534 0.21074908339515677 0.22600072269934862
    outer loop
      vertex 10.36483273362561 5.7503668329880515 16.8294099806402
      vertex 10.759623608071863 18.855959921843294 2.9468872742154355
      vertex 10.049000034068609 19.68499617332367 5.164245451669371
    endloop
  endfacet
  facet normal 0 0 1
    outer loop
      vertex -13.5 -13 -23
      vertex -8.5 -11.204136833275664 -23
      vertex -8.5 -7.201698656080376 -23
    endloop
  endfacet
  facet normal 0 0 1
    outer loop
      vertex -13.5 -13 -23
      vertex -8.5 -7.201698656080376 -23
      vertex -8.5 9.308358824850185 -23
    endloop
  endfacet
  facet normal -1 0 0
    outer loop
      vertex -13.5 -13 -28
      vertex -13.5 -13 -23
      vertex -13.5 37 -23
    endloop
  endfacet
  facet normal 0 0 1
    outer loop
      vertex -13.5 -13 -23
      vertex -8.5 9.308358824850185 -23
      vertex -8.5 13.31079700204547 -23
    endloop
  endfacet
  facet normal 0 -1 0
    outer loop
      vertex -13.5 -13 -28
      vertex 13.5 -13 -23
      vertex -13.5 -13 -23
    endloop
  endfacet
  facet normal 0 0 1
    outer loop
      vertex -13.5 -13 -23
      vertex 13.5 -13 -23
      vertex -8.5 -11.204136833275664 -23
    endloop
  endfacet
  facet normal 0 0 1
    outer loop
      vertex -8.5 -7.201698656080376 -23
      vertex -2.5 -7.201698656080376 -23
      vertex -8.5 9.308358824850185 -23
    endloop
  endfacet
  facet normal 0 0 1
    outer loop
      vertex -2.5 -7.201698656080376 -23
      vertex -2.5 9.308358824850185 -23
      vertex -8.5 9.308358824850185 -23
    endloop
  endfacet
  facet normal 0 0 1
    outer loop
      vertex -13.5 -13 -23
      vertex -8.5 13.31079700204547 -23
      vertex -13.5 37 -23
    endloop
  endfacet
  facet normal -1 0 0
    outer loop
      vertex -13.5 -13 -28
      vertex -13.5 37 -23
      vertex -13.5 37 -28
    endloop
  endfacet
  facet normal 0 0 1
    outer loop
      vertex -13.5 37 -23
      vertex -8.5 13.31079700204547 -23
      vertex -2.5 13.31079700204547 -23
    endloop
  endfacet
  facet normal 0 0 1
    outer loop
      vertex -13.5 37 -23
      vertex -8.5 29.820854482976028 -23
      vertex -8.5 33.82329266017132 -23
    endloop
  endfacet
  facet normal 0 0 1
    outer loop
      vertex -13.5 37 -23
      vertex -2.5 13.31079700204547 -23
      vertex -8.5 29.820854482976028 -23
    endloop
  endfacet
  facet normal 0 0 -1
    outer loop
      vertex -13.5 -13 -28
      vertex -13.5 37 -28
      vertex 13.5 37 -28
    endloop
  endfacet
  facet normal 0 0 1
    outer loop
      vertex -2.5 13.31079700204547 -23
      vertex -2.5 29.820854482976028 -23
      vertex -8.5 29.820854482976028 -23
    endloop
  endfacet
  facet normal 0 1 0
    outer loop
      vertex -13.5 37 -28
      vertex -13.5 37 -23
      vertex 13.5 37 -28
    endloop
  endfacet
  facet normal 0 0 1
    outer loop
      vertex -13.5 37 -23
      vertex -8.5 33.82329266017132 -23
      vertex 13.5 37 -23
    endloop
  endfacet
  facet normal 0 -1 0
    outer loop
      vertex -13.5 -13 -28
      vertex 13.5 -13 -28
      vertex 13.5 -13 -23
    endloop
  endfacet
  facet normal 0 0 1
    outer loop
      vertex 13.5 -13 -23
      vertex 8.5 -11.204136833275664 -23
      vertex -8.5 -11.204136833275664 -23
    endloop
  endfacet
  facet normal 0 0 1
    outer loop
      vertex 2.5 -7.201698656080376 -23
      vertex 8.5 -7.201698656080376 -23
      vertex 2.5 9.308358824850185 -23
    endloop
  endfacet
  facet normal 0 0 -1
    outer loop
      vertex -13.5 -13 -28
      vertex 13.5 37 -28
      vertex 13.5 -13 -28
    endloop
  endfacet
  facet normal 0 0 1
    outer loop
      vertex 13.5 -13 -23
      vertex 8.5 -7.201698656080376 -23
      vertex 8.5 -11.204136833275664 -23
    endloop
  endfacet
  facet normal 0 0 1
    outer loop
      vertex 13.5 -13 -23
      vertex 2.5 9.308358824850185 -23
      vertex 8.5 -7.201698656080376 -23
    endloop
  endfacet
  facet normal 0 0 1
    outer loop
      vertex 13.5 -13 -23
      vertex 8.5 9.308358824850185 -23
      vertex 2.5 9.308358824850185 -23
    endloop
  endfacet
  facet normal 1 0 0
    outer loop
      vertex 13.5 -13 -28
      vertex 13.5 37 -28
      vertex 13.5 -13 -23
    endloop
  endfacet
  facet normal 0 0 1
    outer loop
      vertex 2.5 13.31079700204547 -23
      vertex 8.5 13.31079700204547 -23
      vertex 2.5 29.820854482976028 -23
    endloop
  endfacet
  facet normal 0 0 1
    outer loop
      vertex 8.5 13.31079700204547 -23
      vertex 8.5 29.820854482976028 -23
      vertex 2.5 29.820854482976028 -23
    endloop
  endfacet
  facet normal 0 1 0
    outer loop
      vertex -13.5 37 -23
      vertex 13.5 37 -23
      vertex 13.5 37 -28
    endloop
  endfacet
  facet normal 0 0 1
    outer loop
      vertex 13.5 37 -23
      vertex -8.5 33.82329266017132 -23
      vertex 8.5 33.82329266017132 -23
    endloop
  endfacet
  facet normal 0 0 1
    outer loop
      vertex 13.5 -13 -23
      vertex 13.5 37 -23
      vertex 8.5 9.308358824850185 -23
    endloop
  endfacet
  facet normal 0 0 1
    outer loop
      vertex 13.5 37 -23
      vertex 8.5 13.31079700204547 -23
      vertex 8.5 9.308358824850185 -23
    endloop
  endfacet
  facet normal 1 0 0
    outer loop
      vertex 13.5 -13 -23
      vertex 13.5 37 -28
      vertex 13.5 37 -23
    endloop
  endfacet
  facet normal 0 0 1
    outer loop
      vertex 13.5 37 -23
      vertex 8.5 29.820854482976028 -23
      vertex 8.5 13.31079700204547 -23
    endloop
  endfacet
  facet normal 0 0 1
    outer loop
      vertex 13.5 37 -23
      vertex 8.5 33.82329266017132 -23
      vertex 8.5 29.820854482976028 -23
    endloop
  endfacet
endsolid OpenSCAD_Model
